participant,image_path,gaze_x,gaze_y
p00,day01/0005.jpg,476,758
p00,day01/0030.jpg,1078,693
p00,day01/0031.jpg,126,598
p00,day01/0038.jpg,211,69
p00,day01/0063.jpg,878,752
p00,day01/0087.jpg,1092,26
p00,day01/0092.jpg,441,318
p00,day01/0109.jpg,1222,346
p00,day01/0119.jpg,421,790
p00,day01/0124.jpg,248,66
p00,day01/0125.jpg,1120,656
p00,day01/0131.jpg,605,323
p00,day01/0141.jpg,194,252
p00,day01/0146.jpg,1222,395
p00,day01/0156.jpg,135,388
p00,day01/0161.jpg,1272,79
p00,day01/0162.jpg,379,352
p00,day01/0164.jpg,471,169
p00,day01/0171.jpg,713,216
p00,day01/0190.jpg,1225,624
p00,day01/0204.jpg,989,26
p00,day01/0225.jpg,671,640
p00,day01/0245.jpg,1159,289
p00,day01/0252.jpg,637,796
p00,day01/0254.jpg,735,67
p00,day01/0267.jpg,1013,227
p00,day01/0275.jpg,419,532
p00,day01/0286.jpg,202,296
p00,day01/0287.jpg,365,311
p00,day01/0293.jpg,446,451
p00,day01/0322.jpg,1004,686
p00,day01/0347.jpg,701,213
p00,day01/0356.jpg,685,273
p00,day01/0358.jpg,1073,798
p00,day01/0366.jpg,1155,714
p00,day01/0373.jpg,1133,521
p00,day01/0387.jpg,920,574
p00,day01/0396.jpg,856,726
p00,day01/0411.jpg,143,609
p00,day01/0412.jpg,1013,110
p00,day01/0418.jpg,815,740
p00,day01/0425.jpg,708,769
p00,day01/0440.jpg,332,584
p00,day01/0444.jpg,963,247
p00,day01/0455.jpg,221,502
p00,day01/0464.jpg,124,517
p00,day01/0484.jpg,1213,190
p00,day01/0494.jpg,1276,447
p00,day01/0497.jpg,176,442
p00,day01/0500.jpg,479,769
p00,day01/0502.jpg,709,716
p00,day01/0506.jpg,667,547
p00,day01/0516.jpg,212,191
p00,day01/0531.jpg,456,260
p00,day01/0553.jpg,1178,225
p00,day01/0555.jpg,564,566
p00,day01/0558.jpg,156,791
p00,day01/0573.jpg,601,116
p00,day01/0576.jpg,289,328
p00,day01/0578.jpg,139,606
p00,day01/0585.jpg,541,197
p00,day01/0596.jpg,1275,392
p00,day01/0600.jpg,1079,460
p00,day01/0605.jpg,903,265
p00,day01/0616.jpg,587,178
p00,day01/0634.jpg,1216,229
p00,day01/0645.jpg,1180,323
p00,day01/0653.jpg,1050,534
p00,day01/0655.jpg,694,304
p00,day01/0662.jpg,970,277
p00,day01/0664.jpg,529,404
p00,day01/0667.jpg,329,453
p00,day01/0674.jpg,377,694
p00,day01/0681.jpg,437,499
p00,day01/0683.jpg,180,310
p00,day01/0691.jpg,71,489
p00,day01/0711.jpg,642,628
p00,day01/0712.jpg,799,111
p00,day01/0713.jpg,417,272
p00,day01/0736.jpg,575,295
p00,day01/0741.jpg,742,273
p00,day01/0745.jpg,162,600
p00,day01/0761.jpg,98,742
p00,day01/0809.jpg,580,774
p00,day01/0812.jpg,280,292
p00,day01/0873.jpg,184,662
p00,day01/0879.jpg,848,39
p00,day01/0880.jpg,554,344
p00,day01/0885.jpg,379,232
p00,day01/0888.jpg,313,455
p00,day01/0893.jpg,660,507
p00,day01/0895.jpg,1176,657
p00,day01/0903.jpg,655,340
p00,day01/0925.jpg,186,221
p00,day01/0927.jpg,1172,535
p00,day01/0973.jpg,976,584
p00,day01/0974.jpg,752,795
p00,day01/0980.jpg,80,295
p00,day01/0987.jpg,784,592
p00,day01/0989.jpg,155,346
p00,day01/0995.jpg,1103,687
p00,day02/0004.jpg,814,9
p00,day02/0017.jpg,343,615
p00,day02/0018.jpg,656,203
p00,day02/0029.jpg,57,455
p00,day02/0036.jpg,1265,181
p00,day02/0042.jpg,763,665
p00,day02/0057.jpg,439,39
p00,day02/0072.jpg,828,659
p00,day02/0074.jpg,718,540
p00,day02/0098.jpg,1241,558
p00,day02/0121.jpg,1094,134
p00,day02/0128.jpg,996,11
p00,day02/0144.jpg,784,730
p00,day02/0145.jpg,547,162
p00,day02/0149.jpg,529,611
p00,day02/0154.jpg,86,190
p00,day02/0165.jpg,350,549
p00,day02/0176.jpg,74,397
p00,day02/0182.jpg,1277,186
p00,day02/0199.jpg,812,707
p00,day02/0200.jpg,226,587
p00,day02/0219.jpg,632,581
p00,day02/0229.jpg,363,763
p00,day02/0231.jpg,305,679
p00,day02/0232.jpg,398,443
p00,day02/0258.jpg,1130,257
p00,day02/0273.jpg,830,463
p00,day02/0307.jpg,535,254
p00,day02/0321.jpg,221,414
p00,day02/0336.jpg,658,24
p00,day02/0352.jpg,895,111
p00,day02/0360.jpg,486,55
p00,day02/0362.jpg,351,511
p00,day02/0363.jpg,379,420
p00,day02/0374.jpg,500,225
p00,day02/0375.jpg,881,663
p00,day02/0379.jpg,271,470
p00,day02/0383.jpg,601,622
p00,day02/0409.jpg,777,794
p00,day02/0442.jpg,1061,40
p00,day02/0462.jpg,269,489
p00,day02/0479.jpg,666,142
p00,day02/0492.jpg,350,280
p00,day02/0494.jpg,653,792
p00,day02/0499.jpg,779,663
p00,day02/0518.jpg,492,4
p00,day02/0525.jpg,787,760
p00,day02/0528.jpg,879,294
p00,day02/0538.jpg,1075,32
p00,day02/0551.jpg,599,196
p00,day02/0557.jpg,704,439
p00,day02/0585.jpg,962,245
p00,day02/0588.jpg,1109,721
p00,day02/0590.jpg,792,143
p00,day02/0594.jpg,28,218
p00,day02/0608.jpg,504,684
p00,day02/0612.jpg,180,794
p00,day02/0614.jpg,1238,740
p00,day02/0619.jpg,293,215
p00,day02/0620.jpg,735,258
p00,day02/0625.jpg,1104,694
p00,day02/0646.jpg,524,507
p00,day02/0659.jpg,1237,325
p00,day02/0662.jpg,898,650
p00,day02/0683.jpg,813,383
p00,day02/0690.jpg,505,416
p00,day02/0691.jpg,994,747
p00,day02/0695.jpg,821,139
p00,day02/0700.jpg,2,575
p00,day02/0701.jpg,209,392
p00,day02/0715.jpg,921,639
p00,day02/0724.jpg,724,112
p00,day02/0726.jpg,761,44
p00,day02/0740.jpg,801,382
p00,day02/0807.jpg,378,34
p00,day02/0809.jpg,1111,458
p00,day02/0812.jpg,542,422
p00,day02/0819.jpg,1275,171
p00,day02/0830.jpg,1089,786
p00,day02/0839.jpg,1264,726
p00,day02/0856.jpg,749,426
p00,day02/0858.jpg,1206,554
p00,day03/0011.jpg,831,597
p00,day03/0016.jpg,1114,408
p00,day03/0023.jpg,265,340
p00,day03/0029.jpg,937,421
p00,day03/0035.jpg,469,376
p00,day03/0041.jpg,1043,318
p00,day03/0061.jpg,1157,171
p00,day03/0063.jpg,1234,690
p00,day03/0065.jpg,377,507
p00,day03/0095.jpg,1138,563
p00,day03/0142.jpg,1133,137
p00,day03/0156.jpg,752,479
p00,day03/0172.jpg,331,378
p00,day03/0179.jpg,377,525
p00,day03/0189.jpg,717,714
p00,day03/0195.jpg,143,238
p00,day03/0196.jpg,220,504
p00,day03/0201.jpg,348,107
p00,day03/0231.jpg,1030,492
p00,day03/0233.jpg,1054,525
p00,day03/0244.jpg,300,286
p00,day03/0253.jpg,495,307
p00,day03/0264.jpg,1106,169
p00,day03/0270.jpg,737,247
p00,day03/0272.jpg,628,6
p00,day03/0297.jpg,1143,388
p00,day03/0303.jpg,1070,164
p00,day03/0305.jpg,593,131
p00,day03/0327.jpg,1258,240
p00,day03/0331.jpg,1051,383
p00,day03/0332.jpg,891,774
p00,day03/0348.jpg,321,731
p00,day03/0359.jpg,1074,123
p00,day03/0372.jpg,344,456
p00,day03/0377.jpg,1046,46
p00,day03/0393.jpg,1047,684
p00,day03/0394.jpg,553,419
p00,day03/0397.jpg,291,511
p00,day03/0403.jpg,1011,489
p00,day03/0418.jpg,273,754
p00,day03/0423.jpg,295,191
p00,day03/0429.jpg,332,307
p00,day03/0431.jpg,1077,609
p00,day03/0433.jpg,2,648
p00,day03/0434.jpg,709,284
p00,day03/0437.jpg,681,130
p00,day03/0438.jpg,606,527
p00,day03/0444.jpg,797,371
p00,day03/0446.jpg,1052,43
p00,day03/0461.jpg,1057,207
p00,day03/0486.jpg,490,66
p00,day03/0487.jpg,126,248
p00,day03/0499.jpg,850,524
p00,day03/0519.jpg,61,398
p00,day03/0523.jpg,176,404
p00,day03/0526.jpg,1164,361
p00,day03/0538.jpg,528,186
p00,day03/0546.jpg,1215,464
p00,day03/0550.jpg,1198,650
p00,day03/0551.jpg,559,27
p00,day03/0580.jpg,827,170
p00,day03/0595.jpg,101,776
p00,day03/0598.jpg,1209,311
p00,day03/0612.jpg,698,768
p00,day03/0617.jpg,621,387
p00,day03/0636.jpg,9,198
p00,day03/0638.jpg,1113,181
p00,day03/0656.jpg,618,686
p00,day03/0668.jpg,165,74
p00,day03/0669.jpg,696,232
p00,day03/0696.jpg,1078,5
p00,day03/0706.jpg,72,726
p00,day03/0707.jpg,582,299
p00,day03/0708.jpg,645,136
p00,day03/0721.jpg,229,505
p00,day03/0747.jpg,756,19
p00,day03/0767.jpg,12,371
p00,day03/0779.jpg,840,11
p00,day03/0783.jpg,546,470
p00,day03/0803.jpg,24,748
p00,day03/0834.jpg,706,641
p00,day03/0839.jpg,583,369
p00,day03/0841.jpg,1176,122
p00,day03/0853.jpg,614,24
p00,day03/0856.jpg,955,704
p00,day03/0858.jpg,364,769
p00,day03/0883.jpg,438,23
p00,day03/0889.jpg,377,766
p00,day03/0899.jpg,1082,293
p00,day03/0900.jpg,1066,468
p00,day03/0907.jpg,514,205
p00,day03/0924.jpg,13,361
p00,day03/0928.jpg,1066,295
p00,day03/0959.jpg,1066,734
p00,day03/0962.jpg,945,253
p00,day03/0965.jpg,1053,780
p00,day03/0977.jpg,268,234
p00,day03/0984.jpg,722,634
p00,day03/0985.jpg,1076,336
p00,day03/1008.jpg,152,630
p00,day03/1010.jpg,520,705
p00,day03/1027.jpg,86,597
p00,day03/1033.jpg,1181,143
p00,day03/1034.jpg,544,15
p00,day03/1042.jpg,790,749
p00,day03/1043.jpg,614,81
p00,day03/1044.jpg,284,307
p00,day03/1058.jpg,1156,424
p00,day03/1063.jpg,1178,193
p00,day03/1064.jpg,330,797
p00,day04/0014.jpg,891,694
p00,day04/0016.jpg,716,404
p00,day04/0017.jpg,887,75
p00,day04/0035.jpg,294,367
p00,day04/0039.jpg,611,131
p00,day04/0057.jpg,1061,57
p00,day04/0060.jpg,531,34
p00,day04/0069.jpg,172,415
p00,day04/0076.jpg,161,272
p00,day04/0085.jpg,483,464
p00,day04/0096.jpg,995,129
p00,day04/0098.jpg,304,527
p00,day04/0104.jpg,1047,61
p00,day04/0111.jpg,562,747
p00,day04/0112.jpg,823,356
p00,day04/0119.jpg,446,101
p00,day04/0131.jpg,1092,646
p00,day04/0132.jpg,70,654
p00,day04/0173.jpg,1232,356
p00,day04/0188.jpg,1124,653
p00,day04/0200.jpg,874,705
p00,day04/0212.jpg,980,468
p00,day04/0227.jpg,423,458
p00,day04/0240.jpg,447,28
p00,day04/0242.jpg,160,750
p00,day04/0258.jpg,591,474
p00,day04/0281.jpg,1074,390
p00,day04/0301.jpg,320,234
p00,day04/0307.jpg,43,756
p00,day04/0324.jpg,594,309
p00,day04/0338.jpg,857,408
p00,day04/0344.jpg,885,604
p00,day04/0360.jpg,254,260
p00,day04/0382.jpg,722,356
p00,day04/0384.jpg,760,798
p00,day04/0387.jpg,802,410
p00,day04/0394.jpg,805,440
p00,day04/0395.jpg,1255,551
p00,day04/0440.jpg,471,266
p00,day04/0445.jpg,996,23
p00,day04/0452.jpg,673,695
p00,day04/0453.jpg,1229,543
p00,day04/0464.jpg,947,627
p00,day04/0472.jpg,1152,528
p00,day04/0477.jpg,785,270
p00,day04/0481.jpg,587,602
p00,day04/0501.jpg,898,429
p00,day04/0526.jpg,739,306
p00,day04/0534.jpg,581,390
p00,day04/0544.jpg,117,371
p00,day04/0553.jpg,110,401
p00,day04/0554.jpg,370,404
p00,day04/0559.jpg,138,162
p00,day04/0561.jpg,307,474
p00,day04/0581.jpg,62,435
p00,day04/0590.jpg,1048,508
p00,day04/0599.jpg,1258,713
p00,day04/0605.jpg,1002,179
p00,day04/0608.jpg,1180,645
p00,day04/0615.jpg,1008,23
p00,day04/0626.jpg,369,537
p00,day04/0627.jpg,254,400
p00,day04/0631.jpg,332,135
p00,day04/0638.jpg,126,46
p00,day04/0650.jpg,714,277
p00,day04/0654.jpg,444,374
p00,day04/0662.jpg,923,276
p00,day04/0676.jpg,37,446
p00,day04/0680.jpg,1101,479
p00,day04/0692.jpg,559,191
p00,day04/0700.jpg,49,259
p00,day04/0707.jpg,58,447
p00,day04/0712.jpg,1038,377
p00,day04/0713.jpg,955,27
p00,day04/0721.jpg,631,712
p00,day04/0727.jpg,737,230
p00,day04/0733.jpg,342,517
p00,day04/0740.jpg,425,782
p00,day04/0743.jpg,88,299
p00,day04/0751.jpg,717,767
p00,day04/0787.jpg,643,277
p00,day04/0796.jpg,1276,344
p00,day04/0805.jpg,293,213
p00,day04/0807.jpg,1025,627
p00,day04/0811.jpg,554,110
p00,day04/0822.jpg,336,763
p00,day04/0829.jpg,667,626
p00,day04/0836.jpg,1163,185
p00,day04/0859.jpg,1147,129
p00,day04/0863.jpg,349,513
p00,day04/0869.jpg,159,375
p00,day04/0898.jpg,302,95
p00,day04/0900.jpg,1018,95
p00,day04/0910.jpg,333,705
p00,day04/0911.jpg,632,711
p00,day04/0913.jpg,623,740
p00,day04/0922.jpg,43,225
p00,day04/0947.jpg,656,188
p00,day04/0948.jpg,589,344
p00,day04/0953.jpg,34,453
p00,day04/0961.jpg,1135,585
p00,day04/0967.jpg,300,601
p00,day04/0971.jpg,526,729
p00,day04/0983.jpg,1027,68
p00,day04/0991.jpg,185,727
p00,day04/1013.jpg,154,758
p00,day04/1038.jpg,106,158
p00,day04/1041.jpg,1144,674
p00,day04/1045.jpg,327,208
p00,day04/1049.jpg,1165,316
p00,day04/1095.jpg,772,295
p00,day04/1112.jpg,922,171
p00,day04/1118.jpg,1127,8
p00,day04/1139.jpg,650,72
p00,day04/1148.jpg,546,631
p00,day04/1155.jpg,1252,686
p00,day04/1173.jpg,195,141
p00,day04/1196.jpg,794,216
p00,day04/1197.jpg,521,427
p00,day04/1215.jpg,70,543
p00,day04/1238.jpg,398,121
p00,day05/0002.jpg,519,281
p00,day05/0023.jpg,646,112
p00,day05/0033.jpg,716,755
p00,day05/0035.jpg,510,35
p00,day05/0055.jpg,636,430
p00,day05/0056.jpg,288,352
p00,day05/0093.jpg,785,349
p00,day05/0099.jpg,591,731
p00,day05/0102.jpg,203,689
p00,day05/0105.jpg,603,414
p00,day05/0108.jpg,904,232
p00,day05/0115.jpg,1089,241
p00,day05/0128.jpg,389,340
p00,day05/0155.jpg,1143,99
p00,day05/0163.jpg,296,84
p00,day05/0175.jpg,1265,339
p00,day05/0180.jpg,867,117
p00,day05/0200.jpg,82,389
p00,day05/0204.jpg,122,82
p00,day05/0215.jpg,637,516
p00,day05/0224.jpg,253,80
p00,day05/0226.jpg,565,520
p00,day05/0260.jpg,649,337
p00,day05/0271.jpg,1258,22
p00,day05/0276.jpg,101,646
p00,day05/0289.jpg,268,404
p00,day05/0304.jpg,1197,654
p00,day05/0307.jpg,200,561
p00,day05/0320.jpg,586,249
p00,day05/0329.jpg,965,122
p00,day05/0338.jpg,486,83
p00,day05/0339.jpg,97,512
p00,day05/0355.jpg,294,733
p00,day05/0367.jpg,779,629
p00,day05/0407.jpg,122,586
p00,day05/0432.jpg,865,292
p00,day05/0441.jpg,1272,732
p00,day05/0453.jpg,280,6
p00,day05/0470.jpg,741,65
p00,day05/0482.jpg,897,253
p00,day05/0493.jpg,1135,80
p00,day05/0505.jpg,1224,411
p00,day06/0005.jpg,609,587
p00,day06/0009.jpg,448,254
p00,day06/0018.jpg,1101,694
p00,day06/0024.jpg,728,551
p00,day06/0035.jpg,613,37
p00,day06/0049.jpg,151,156
p00,day06/0064.jpg,103,689
p00,day06/0067.jpg,356,297
p00,day06/0079.jpg,1057,225
p00,day06/0089.jpg,254,328
p00,day06/0099.jpg,469,570
p00,day06/0102.jpg,519,126
p00,day06/0120.jpg,144,672
p00,day06/0122.jpg,557,430
p00,day06/0133.jpg,625,740
p00,day06/0141.jpg,843,216
p00,day06/0152.jpg,363,264
p00,day06/0162.jpg,463,290
p00,day06/0177.jpg,962,386
p00,day06/0188.jpg,1027,303
p00,day06/0197.jpg,1235,489
p00,day06/0215.jpg,1052,454
p00,day06/0221.jpg,360,133
p00,day06/0224.jpg,695,295
p00,day06/0226.jpg,14,500
p00,day06/0229.jpg,324,50
p00,day06/0232.jpg,469,736
p00,day06/0234.jpg,819,5
p00,day06/0235.jpg,973,239
p00,day06/0237.jpg,238,402
p00,day06/0251.jpg,36,498
p00,day06/0259.jpg,733,242
p00,day06/0260.jpg,514,329
p00,day06/0269.jpg,1184,21
p00,day06/0275.jpg,940,624
p00,day06/0281.jpg,74,423
p00,day06/0283.jpg,379,766
p00,day06/0292.jpg,767,349
p00,day06/0316.jpg,129,589
p00,day06/0321.jpg,185,257
p00,day06/0324.jpg,1220,517
p00,day06/0331.jpg,896,708
p00,day06/0347.jpg,30,456
p00,day06/0348.jpg,179,200
p00,day06/0349.jpg,84,786
p00,day06/0369.jpg,370,374
p00,day06/0373.jpg,984,626
p00,day06/0379.jpg,476,133
p00,day06/0380.jpg,1101,432
p00,day06/0381.jpg,319,31
p00,day06/0390.jpg,446,709
p00,day06/0396.jpg,130,764
p00,day06/0399.jpg,1168,55
p00,day06/0409.jpg,698,87
p00,day06/0410.jpg,442,622
p00,day06/0411.jpg,995,254
p00,day06/0455.jpg,1080,737
p00,day06/0473.jpg,74,285
p00,day06/0485.jpg,231,59
p00,day06/0486.jpg,500,496
p00,day06/0487.jpg,274,675
p00,day06/0494.jpg,238,574
p00,day06/0499.jpg,990,769
p00,day06/0503.jpg,1178,555
p00,day06/0508.jpg,879,94
p00,day06/0510.jpg,926,503
p00,day06/0513.jpg,1267,413
p00,day06/0514.jpg,467,529
p00,day06/0515.jpg,748,704
p00,day06/0517.jpg,866,571
p00,day06/0521.jpg,1154,644
p00,day06/0543.jpg,255,382
p00,day06/0548.jpg,1031,700
p00,day06/0555.jpg,360,21
p00,day06/0559.jpg,658,109
p00,day06/0561.jpg,154,614
p00,day06/0571.jpg,932,204
p00,day06/0577.jpg,883,507
p00,day06/0582.jpg,372,593
p00,day06/0610.jpg,320,671
p00,day06/0623.jpg,665,677
p00,day06/0624.jpg,640,352
p00,day06/0626.jpg,961,653
p00,day06/0632.jpg,503,670
p00,day06/0633.jpg,1062,689
p00,day06/0640.jpg,64,148
p00,day06/0644.jpg,139,572
p00,day06/0653.jpg,848,6
p00,day06/0675.jpg,282,7
p00,day06/0680.jpg,113,295
p00,day06/0695.jpg,867,319
p00,day07/0009.jpg,150,185
p00,day07/0020.jpg,140,21
p00,day07/0029.jpg,252,640
p00,day07/0036.jpg,820,223
p00,day07/0057.jpg,716,208
p00,day07/0066.jpg,535,746
p00,day07/0068.jpg,187,706
p00,day07/0081.jpg,1272,498
p00,day07/0092.jpg,636,633
p00,day07/0131.jpg,1237,300
p00,day07/0139.jpg,500,218
p00,day07/0186.jpg,851,383
p00,day07/0198.jpg,466,171
p00,day07/0212.jpg,1018,475
p00,day07/0227.jpg,440,521
p00,day07/0248.jpg,79,197
p00,day07/0267.jpg,257,395
p00,day07/0277.jpg,631,246
p00,day08/0011.jpg,1072,758
p00,day08/0030.jpg,980,123
p00,day08/0037.jpg,625,447
p00,day08/0069.jpg,1276,134
p00,day08/0074.jpg,710,629
p00,day08/0089.jpg,410,707
p00,day08/0091.jpg,883,96
p00,day08/0111.jpg,826,482
p00,day08/0122.jpg,595,584
p00,day08/0123.jpg,651,655
p00,day08/0124.jpg,53,687
p00,day08/0127.jpg,651,716
p00,day08/0139.jpg,272,548
p00,day08/0159.jpg,380,191
p00,day08/0163.jpg,479,441
p00,day08/0164.jpg,587,265
p00,day08/0177.jpg,505,361
p00,day08/0182.jpg,14,738
p00,day08/0186.jpg,740,17
p00,day08/0194.jpg,1190,142
p00,day08/0208.jpg,125,238
p00,day08/0236.jpg,956,339
p00,day08/0244.jpg,774,231
p00,day08/0247.jpg,980,387
p00,day08/0255.jpg,1215,408
p00,day08/0261.jpg,1131,435
p00,day08/0265.jpg,1096,339
p00,day08/0280.jpg,925,95
p00,day08/0283.jpg,618,187
p00,day08/0291.jpg,335,211
p00,day08/0304.jpg,1019,162
p00,day08/0306.jpg,1032,229
p00,day08/0307.jpg,881,701
p00,day08/0313.jpg,726,546
p00,day08/0326.jpg,856,526
p00,day08/0338.jpg,215,28
p00,day08/0342.jpg,1197,704
p00,day08/0343.jpg,887,763
p00,day08/0347.jpg,1246,655
p00,day08/0374.jpg,998,31
p00,day08/0405.jpg,669,100
p00,day08/0409.jpg,1078,279
p00,day08/0415.jpg,950,126
p00,day08/0417.jpg,257,610
p00,day08/0452.jpg,582,756
p00,day08/0453.jpg,973,135
p00,day08/0465.jpg,558,365
p00,day08/0472.jpg,112,701
p00,day08/0473.jpg,707,794
p00,day08/0476.jpg,542,763
p00,day08/0482.jpg,615,538
p00,day08/0483.jpg,853,614
p00,day08/0493.jpg,180,220
p00,day08/0495.jpg,451,441
p00,day08/0508.jpg,927,639
p00,day08/0516.jpg,493,552
p00,day08/0531.jpg,530,45
p00,day08/0533.jpg,919,429
p00,day08/0535.jpg,165,492
p00,day08/0536.jpg,994,264
p00,day08/0541.jpg,755,137
p00,day08/0557.jpg,617,697
p00,day08/0564.jpg,169,264
p00,day08/0565.jpg,420,219
p00,day08/0575.jpg,5,628
p00,day08/0582.jpg,849,37
p00,day08/0589.jpg,897,441
p00,day08/0607.jpg,316,525
p00,day08/0614.jpg,187,52
p00,day08/0628.jpg,170,583
p00,day08/0639.jpg,663,46
p00,day08/0640.jpg,1091,90
p00,day08/0642.jpg,454,105
p00,day08/0667.jpg,469,335
p00,day08/0676.jpg,399,355
p00,day08/0681.jpg,301,226
p00,day08/0682.jpg,677,208
p00,day08/0696.jpg,436,566
p00,day08/0712.jpg,899,799
p00,day08/0739.jpg,837,532
p00,day08/0742.jpg,408,760
p00,day08/0751.jpg,1101,59
p00,day08/0757.jpg,575,447
p00,day09/0019.jpg,789,185
p00,day09/0020.jpg,331,320
p00,day09/0053.jpg,581,323
p00,day09/0077.jpg,886,672
p00,day09/0079.jpg,1134,248
p00,day09/0081.jpg,705,316
p00,day09/0105.jpg,5,13
p00,day09/0121.jpg,805,231
p00,day09/0122.jpg,349,684
p00,day09/0125.jpg,929,86
p00,day09/0136.jpg,1190,538
p00,day09/0153.jpg,749,325
p00,day09/0159.jpg,132,546
p00,day09/0161.jpg,1126,11
p00,day09/0180.jpg,9,41
p00,day09/0195.jpg,849,668
p00,day09/0201.jpg,250,482
p00,day09/0210.jpg,308,545
p00,day09/0212.jpg,772,420
p00,day09/0227.jpg,3,592
p00,day09/0231.jpg,1029,83
p00,day09/0234.jpg,564,271
p00,day09/0245.jpg,303,165
p00,day09/0260.jpg,500,5
p00,day09/0276.jpg,366,534
p00,day09/0293.jpg,1187,213
p00,day09/0300.jpg,756,114
p00,day09/0303.jpg,150,100
p00,day09/0318.jpg,1009,194
p00,day09/0331.jpg,894,200
p00,day09/0334.jpg,1248,161
p00,day09/0340.jpg,1254,466
p00,day09/0342.jpg,664,613
p00,day09/0345.jpg,829,672
p00,day09/0354.jpg,701,482
p00,day09/0365.jpg,556,18
p00,day09/0367.jpg,474,307
p00,day09/0379.jpg,1265,132
p00,day09/0392.jpg,839,46
p00,day09/0393.jpg,177,272
p00,day09/0400.jpg,1113,81
p00,day09/0403.jpg,221,589
p00,day09/0410.jpg,411,307
p00,day09/0415.jpg,592,186
p00,day09/0436.jpg,1029,234
p00,day09/0448.jpg,484,131
p00,day09/0455.jpg,593,274
p00,day09/0467.jpg,587,213
p00,day09/0484.jpg,311,22
p00,day09/0564.jpg,232,184
p00,day09/0570.jpg,982,93
p00,day09/0583.jpg,39,110
p00,day09/0596.jpg,641,294
p00,day09/0600.jpg,84,378
p00,day09/0609.jpg,988,446
p00,day09/0619.jpg,1142,188
p00,day09/0627.jpg,1,700
p00,day09/0670.jpg,1051,147
p00,day09/0680.jpg,646,217
p00,day09/0681.jpg,132,44
p00,day09/0684.jpg,1077,511
p00,day09/0693.jpg,588,674
p00,day09/0694.jpg,1246,393
p00,day09/0749.jpg,816,48
p00,day09/0758.jpg,1002,321
p00,day09/0759.jpg,770,528
p00,day09/0768.jpg,547,372
p00,day09/0776.jpg,60,324
p00,day09/0788.jpg,837,322
p00,day09/0790.jpg,402,694
p00,day09/0802.jpg,375,464
p00,day09/0826.jpg,991,191
p00,day09/0875.jpg,728,428
p00,day09/0877.jpg,1053,508
p00,day09/0904.jpg,258,692
p00,day09/0905.jpg,350,87
p00,day09/0908.jpg,300,519
p00,day09/0910.jpg,918,372
p00,day09/0926.jpg,987,619
p00,day09/0943.jpg,1240,385
p00,day09/0948.jpg,745,421
p00,day09/0949.jpg,370,92
p00,day09/0951.jpg,596,38
p00,day09/0959.jpg,1136,498
p00,day09/0962.jpg,194,70
p00,day09/0970.jpg,328,237
p00,day09/0972.jpg,593,86
p00,day09/0977.jpg,460,43
p00,day09/0985.jpg,335,631
p00,day09/0986.jpg,992,704
p00,day09/0988.jpg,1052,70
p00,day09/0990.jpg,689,170
p00,day09/0991.jpg,1239,500
p00,day09/0995.jpg,762,536
p00,day09/0996.jpg,168,506
p00,day09/0999.jpg,907,353
p00,day10/0019.jpg,258,686
p00,day10/0068.jpg,646,532
p00,day10/0078.jpg,133,27
p00,day10/0108.jpg,222,561
p00,day10/0120.jpg,611,536
p00,day10/0126.jpg,735,228
p00,day10/0143.jpg,1249,31
p00,day10/0145.jpg,946,61
p00,day10/0146.jpg,720,766
p00,day10/0158.jpg,1032,32
p00,day10/0162.jpg,1064,627
p00,day10/0171.jpg,525,519
p00,day10/0177.jpg,865,791
p00,day10/0180.jpg,1234,151
p00,day10/0184.jpg,707,10
p00,day10/0189.jpg,907,399
p00,day10/0195.jpg,544,528
p00,day10/0214.jpg,941,16
p00,day10/0241.jpg,298,473
p00,day10/0242.jpg,386,776
p00,day10/0255.jpg,15,310
p00,day10/0258.jpg,1100,762
p00,day10/0283.jpg,106,271
p00,day10/0292.jpg,1194,541
p00,day10/0306.jpg,543,68
p00,day10/0307.jpg,502,417
p00,day10/0316.jpg,39,630
p00,day10/0340.jpg,1175,355
p00,day10/0353.jpg,357,255
p00,day10/0355.jpg,1131,491
p00,day10/0369.jpg,815,759
p00,day10/0392.jpg,860,236
p00,day10/0396.jpg,732,107
p00,day10/0398.jpg,631,334
p00,day10/0401.jpg,1214,185
p00,day10/0416.jpg,158,8
p00,day10/0423.jpg,639,148
p00,day10/0424.jpg,1069,563
p00,day10/0434.jpg,98,464
p00,day10/0463.jpg,485,625
p00,day10/0465.jpg,1214,430
p00,day10/0467.jpg,2,388
p00,day10/0468.jpg,681,502
p00,day10/0473.jpg,190,339
p00,day10/0490.jpg,348,586
p00,day10/0503.jpg,835,419
p00,day10/0505.jpg,13,155
p00,day10/0525.jpg,210,33
p00,day10/0530.jpg,671,69
p00,day10/0536.jpg,1201,787
p00,day10/0537.jpg,915,774
p00,day10/0551.jpg,1164,95
p00,day10/0554.jpg,621,38
p00,day10/0585.jpg,1063,272
p00,day10/0632.jpg,1212,229
p00,day10/0634.jpg,1224,583
p00,day10/0637.jpg,965,111
p00,day10/0639.jpg,952,517
p00,day10/0648.jpg,56,159
p00,day10/0662.jpg,183,328
p00,day10/0675.jpg,1129,9
p00,day10/0689.jpg,92,528
p00,day10/0704.jpg,761,288
p00,day10/0762.jpg,307,657
p00,day10/0777.jpg,424,658
p00,day10/0790.jpg,883,176
p00,day10/0791.jpg,367,325
p00,day10/0815.jpg,508,192
p00,day10/0826.jpg,814,647
p00,day10/0833.jpg,241,441
p00,day10/0835.jpg,1148,771
p00,day10/0839.jpg,981,683
p00,day10/0840.jpg,1265,110
p00,day10/0846.jpg,1241,558
p00,day10/0847.jpg,619,48
p00,day10/0857.jpg,701,522
p00,day10/0876.jpg,496,561
p00,day10/0894.jpg,383,409
p00,day11/0015.jpg,960,405
p00,day11/0019.jpg,219,602
p00,day11/0020.jpg,1087,419
p00,day11/0026.jpg,1236,644
p00,day11/0032.jpg,595,45
p00,day11/0060.jpg,86,581
p00,day11/0065.jpg,136,585
p00,day11/0071.jpg,976,252
p00,day11/0089.jpg,817,538
p00,day11/0094.jpg,1083,256
p00,day11/0114.jpg,342,695
p00,day11/0116.jpg,127,470
p00,day11/0139.jpg,1177,69
p00,day11/0159.jpg,197,220
p00,day11/0161.jpg,977,638
p00,day11/0202.jpg,827,176
p00,day11/0208.jpg,1150,278
p00,day11/0209.jpg,1255,296
p00,day11/0211.jpg,320,303
p00,day11/0217.jpg,553,78
p00,day11/0224.jpg,599,613
p00,day11/0227.jpg,482,208
p00,day11/0260.jpg,820,370
p00,day11/0266.jpg,1138,697
p00,day11/0289.jpg,10,453
p00,day11/0290.jpg,1079,153
p00,day11/0312.jpg,604,488
p00,day11/0316.jpg,919,198
p00,day11/0334.jpg,261,499
p00,day11/0359.jpg,874,92
p00,day11/0367.jpg,1028,323
p00,day11/0380.jpg,1034,113
p00,day11/0382.jpg,1218,582
p00,day11/0393.jpg,1131,209
p00,day11/0400.jpg,353,71
p00,day11/0406.jpg,615,155
p00,day11/0409.jpg,1114,637
p00,day11/0413.jpg,713,579
p00,day11/0436.jpg,1001,352
p00,day11/0439.jpg,58,38
p00,day11/0442.jpg,865,734
p00,day11/0455.jpg,882,727
p00,day11/0478.jpg,656,14
p00,day11/0479.jpg,122,624
p00,day11/0484.jpg,909,699
p00,day11/0488.jpg,870,400
p00,day11/0489.jpg,138,385
p00,day11/0499.jpg,1077,238
p00,day11/0505.jpg,731,462
p00,day11/0514.jpg,338,480
p00,day12/0001.jpg,458,94
p00,day12/0006.jpg,561,223
p00,day12/0017.jpg,814,141
p00,day12/0020.jpg,798,656
p00,day12/0021.jpg,429,680
p00,day12/0024.jpg,1106,331
p00,day12/0057.jpg,1021,575
p00,day12/0058.jpg,462,250
p00,day12/0063.jpg,251,29
p00,day12/0070.jpg,969,636
p00,day12/0077.jpg,42,26
p00,day12/0079.jpg,538,756
p00,day12/0081.jpg,523,479
p00,day12/0092.jpg,175,702
p00,day12/0095.jpg,785,572
p00,day12/0107.jpg,943,313
p00,day12/0111.jpg,12,274
p00,day12/0118.jpg,669,276
p00,day12/0142.jpg,851,586
p00,day12/0152.jpg,731,82
p00,day12/0185.jpg,216,386
p00,day12/0188.jpg,1165,320
p00,day12/0195.jpg,1071,124
p00,day12/0197.jpg,1079,603
p00,day12/0204.jpg,492,633
p00,day12/0205.jpg,1064,88
p00,day12/0221.jpg,700,338
p00,day12/0244.jpg,933,603
p00,day12/0245.jpg,1180,659
p00,day12/0247.jpg,1027,321
p00,day12/0262.jpg,1253,258
p00,day12/0269.jpg,49,61
p00,day12/0272.jpg,1031,486
p00,day12/0307.jpg,482,708
p00,day12/0308.jpg,409,679
p00,day12/0313.jpg,442,560
p00,day12/0323.jpg,333,507
p00,day12/0340.jpg,1216,264
p00,day12/0343.jpg,707,523
p00,day12/0351.jpg,56,282
p00,day12/0352.jpg,853,711
p00,day12/0364.jpg,584,267
p00,day12/0371.jpg,1005,502
p00,day12/0377.jpg,67,763
p00,day12/0378.jpg,334,714
p00,day12/0413.jpg,567,354
p00,day12/0418.jpg,617,166
p00,day12/0427.jpg,1246,665
p00,day12/0437.jpg,776,470
p00,day12/0440.jpg,606,510
p00,day12/0457.jpg,875,164
p00,day12/0462.jpg,584,654
p00,day12/0474.jpg,514,207
p00,day12/0478.jpg,1107,465
p00,day12/0493.jpg,342,85
p00,day12/0498.jpg,300,504
p00,day12/0500.jpg,772,716
p00,day12/0501.jpg,414,119
p00,day12/0509.jpg,696,577
p00,day13/0003.jpg,135,273
p00,day13/0017.jpg,1030,350
p00,day13/0018.jpg,1085,479
p00,day13/0019.jpg,557,568
p00,day13/0030.jpg,1135,548
p00,day13/0053.jpg,289,571
p00,day13/0057.jpg,177,195
p00,day13/0060.jpg,241,375
p00,day13/0063.jpg,758,292
p00,day13/0077.jpg,156,400
p00,day13/0098.jpg,137,620
p00,day13/0100.jpg,1196,71
p00,day13/0123.jpg,489,556
p00,day13/0137.jpg,818,566
p00,day13/0139.jpg,338,508
p00,day13/0145.jpg,380,718
p00,day13/0181.jpg,222,372
p00,day13/0217.jpg,478,469
p00,day13/0275.jpg,954,111
p00,day13/0281.jpg,955,626
p00,day13/0298.jpg,625,351
p00,day13/0300.jpg,420,280
p00,day13/0306.jpg,138,226
p00,day13/0323.jpg,178,409
p00,day13/0344.jpg,26,563
p00,day13/0375.jpg,220,52
p00,day13/0390.jpg,639,107
p00,day13/0407.jpg,812,544
p00,day13/0419.jpg,502,618
p00,day13/0421.jpg,832,51
p00,day13/0428.jpg,1092,353
p00,day13/0432.jpg,1127,511
p00,day13/0445.jpg,1012,605
p00,day13/0454.jpg,892,44
p00,day13/0462.jpg,1116,574
p00,day13/0463.jpg,603,317
p00,day13/0493.jpg,902,467
p00,day13/0495.jpg,662,547
p00,day13/0499.jpg,277,313
p00,day13/0501.jpg,1001,73
p00,day13/0510.jpg,1271,4
p00,day13/0511.jpg,425,388
p00,day13/0526.jpg,1189,500
p00,day13/0546.jpg,391,572
p00,day13/0549.jpg,611,242
p00,day13/0564.jpg,538,339
p00,day13/0585.jpg,697,126
p00,day13/0587.jpg,1022,567
p00,day13/0603.jpg,743,63
p00,day13/0622.jpg,434,188
p00,day13/0626.jpg,250,85
p00,day13/0648.jpg,147,118
p00,day13/0664.jpg,368,384
p00,day13/0667.jpg,248,86
p00,day13/0670.jpg,599,582
p00,day13/0675.jpg,109,655
p00,day13/0686.jpg,706,544
p00,day13/0706.jpg,671,674
p00,day13/0733.jpg,387,116
p00,day13/0734.jpg,208,38
p00,day13/0748.jpg,308,275
p00,day13/0755.jpg,1028,791
p00,day14/0027.jpg,851,590
p00,day14/0029.jpg,565,266
p00,day14/0034.jpg,1275,150
p00,day14/0037.jpg,1133,17
p00,day14/0047.jpg,437,211
p00,day14/0050.jpg,966,331
p00,day14/0072.jpg,42,769
p00,day14/0079.jpg,101,324
p00,day14/0080.jpg,455,477
p00,day14/0082.jpg,10,477
p00,day14/0093.jpg,831,730
p00,day14/0097.jpg,509,730
p00,day14/0101.jpg,169,739
p00,day14/0106.jpg,664,170
p00,day14/0123.jpg,925,571
p00,day14/0150.jpg,122,468
p00,day14/0152.jpg,211,192
p00,day14/0194.jpg,449,790
p00,day14/0239.jpg,106,546
p00,day14/0248.jpg,599,414
p00,day14/0284.jpg,978,613
p00,day14/0293.jpg,181,41
p00,day14/0296.jpg,1274,454
p00,day14/0297.jpg,239,764
p00,day14/0298.jpg,359,627
p00,day14/0316.jpg,1011,556
p00,day14/0317.jpg,682,303
p00,day14/0320.jpg,348,22
p00,day14/0326.jpg,468,754
p00,day14/0338.jpg,1208,465
p00,day14/0358.jpg,365,107
p00,day14/0380.jpg,94,248
p00,day14/0382.jpg,1142,525
p00,day14/0393.jpg,913,342
p00,day14/0415.jpg,282,767
p00,day14/0420.jpg,942,687
p00,day14/0424.jpg,553,478
p00,day14/0430.jpg,1153,733
p00,day14/0445.jpg,1051,275
p00,day14/0450.jpg,237,546
p00,day14/0467.jpg,211,641
p00,day14/0470.jpg,827,212
p00,day14/0478.jpg,1107,521
p00,day15/0003.jpg,967,202
p00,day15/0007.jpg,323,771
p00,day15/0011.jpg,266,20
p00,day15/0029.jpg,684,330
p00,day15/0031.jpg,629,291
p00,day15/0038.jpg,973,656
p00,day15/0049.jpg,1260,393
p00,day15/0062.jpg,633,0
p00,day15/0069.jpg,49,481
p00,day15/0076.jpg,772,590
p00,day15/0079.jpg,1061,496
p00,day15/0085.jpg,583,138
p00,day15/0102.jpg,977,745
p00,day15/0104.jpg,622,196
p00,day15/0107.jpg,1021,167
p00,day15/0112.jpg,95,526
p00,day15/0116.jpg,782,180
p00,day15/0120.jpg,587,713
p00,day15/0121.jpg,734,475
p00,day15/0136.jpg,222,376
p00,day15/0137.jpg,61,623
p00,day15/0138.jpg,269,772
p00,day15/0141.jpg,1263,583
p00,day15/0147.jpg,749,208
p00,day15/0154.jpg,1061,277
p00,day15/0161.jpg,178,593
p00,day15/0173.jpg,458,739
p00,day15/0178.jpg,966,670
p00,day15/0179.jpg,553,60
p00,day15/0194.jpg,477,155
p00,day15/0202.jpg,366,751
p00,day15/0216.jpg,1179,575
p00,day15/0229.jpg,840,263
p00,day15/0231.jpg,944,261
p00,day15/0235.jpg,562,347
p00,day15/0248.jpg,294,301
p00,day15/0275.jpg,941,252
p00,day15/0280.jpg,461,59
p00,day15/0287.jpg,1193,345
p00,day15/0303.jpg,793,342
p00,day15/0305.jpg,121,722
p00,day15/0310.jpg,811,224
p00,day15/0325.jpg,389,457
p00,day15/0339.jpg,777,375
p00,day15/0343.jpg,259,395
p00,day15/0344.jpg,605,331
p00,day15/0379.jpg,1152,442
p00,day15/0395.jpg,647,406
p00,day15/0432.jpg,426,629
p00,day15/0437.jpg,512,503
p00,day15/0449.jpg,829,658
p00,day15/0469.jpg,256,305
p00,day15/0472.jpg,357,757
p00,day15/0485.jpg,1231,367
p00,day15/0487.jpg,337,20
p00,day15/0501.jpg,209,614
p00,day15/0512.jpg,790,482
p00,day15/0513.jpg,183,459
p00,day15/0527.jpg,775,512
p00,day15/0539.jpg,305,161
p00,day15/0540.jpg,492,761
p00,day15/0551.jpg,508,418
p00,day15/0561.jpg,70,187
p00,day15/0566.jpg,419,43
p00,day15/0568.jpg,154,587
p00,day16/0025.jpg,1114,451
p00,day16/0034.jpg,630,323
p00,day16/0058.jpg,748,594
p00,day16/0062.jpg,648,760
p00,day16/0085.jpg,1234,539
p00,day16/0094.jpg,465,358
p00,day16/0110.jpg,606,281
p00,day16/0120.jpg,1056,576
p00,day16/0144.jpg,467,682
p00,day16/0154.jpg,1014,95
p00,day16/0157.jpg,1091,357
p00,day16/0166.jpg,163,159
p00,day16/0170.jpg,689,125
p00,day16/0177.jpg,1073,382
p00,day16/0199.jpg,912,124
p00,day16/0202.jpg,391,172
p00,day16/0216.jpg,951,381
p00,day16/0218.jpg,744,731
p00,day16/0220.jpg,99,489
p00,day16/0237.jpg,1087,464
p00,day16/0252.jpg,568,391
p00,day16/0266.jpg,245,732
p00,day16/0270.jpg,887,631
p00,day16/0274.jpg,1096,435
p00,day16/0277.jpg,1145,20
p00,day16/0335.jpg,973,742
p00,day16/0349.jpg,193,2
p00,day16/0352.jpg,247,623
p00,day16/0354.jpg,959,587
p00,day16/0357.jpg,1196,643
p00,day16/0392.jpg,1237,179
p00,day16/0401.jpg,873,797
p00,day16/0419.jpg,533,264
p00,day16/0425.jpg,1004,440
p00,day16/0450.jpg,15,446
p00,day16/0473.jpg,660,763
p00,day16/0477.jpg,165,134
p00,day16/0485.jpg,485,450
p00,day16/0497.jpg,648,297
p00,day16/0525.jpg,776,352
p00,day16/0535.jpg,1060,140
p00,day16/0539.jpg,871,610
p00,day16/0545.jpg,972,741
p00,day16/0579.jpg,105,79
p00,day16/0599.jpg,1027,535
p00,day16/0602.jpg,821,367
p00,day16/0612.jpg,816,508
p00,day16/0625.jpg,902,64
p00,day16/0630.jpg,353,451
p00,day16/0646.jpg,643,380
p00,day16/0650.jpg,89,126
p00,day16/0680.jpg,735,325
p00,day16/0681.jpg,829,553
p00,day16/0690.jpg,1049,602
p00,day16/0707.jpg,496,539
p00,day16/0724.jpg,1223,591
p00,day16/0738.jpg,168,214
p00,day16/0740.jpg,1217,750
p00,day16/0769.jpg,1207,291
p00,day16/0772.jpg,924,765
p00,day16/0780.jpg,242,89
p00,day16/0788.jpg,145,592
p00,day16/0797.jpg,722,394
p00,day16/0800.jpg,376,574
p00,day16/0801.jpg,295,765
p00,day16/0802.jpg,1077,772
p00,day16/0816.jpg,917,154
p00,day16/0819.jpg,510,706
p00,day16/0834.jpg,738,464
p00,day16/0837.jpg,1124,554
p00,day16/0842.jpg,1023,160
p00,day16/0869.jpg,664,115
p00,day16/0875.jpg,330,777
p00,day16/0878.jpg,1004,127
p00,day16/0879.jpg,365,725
p00,day16/0884.jpg,1069,111
p00,day16/0888.jpg,871,435
p00,day16/0898.jpg,347,294
p00,day16/0914.jpg,602,91
p00,day16/0916.jpg,1150,91
p00,day16/0925.jpg,988,306
p00,day16/0934.jpg,328,423
p00,day16/0943.jpg,965,727
p00,day16/0995.jpg,1253,33
p00,day16/1019.jpg,268,729
p00,day16/1020.jpg,185,207
p00,day16/1021.jpg,60,174
p00,day16/1028.jpg,1185,139
p00,day16/1048.jpg,866,56
p00,day16/1049.jpg,163,425
p00,day16/1065.jpg,1106,607
p00,day16/1079.jpg,950,368
p00,day16/1081.jpg,1009,282
p00,day16/1095.jpg,275,323
p00,day16/1096.jpg,765,468
p00,day17/0005.jpg,390,156
p00,day17/0011.jpg,831,777
p00,day17/0017.jpg,763,442
p00,day17/0023.jpg,844,523
p00,day17/0034.jpg,45,272
p00,day17/0045.jpg,1083,627
p00,day17/0059.jpg,112,644
p00,day17/0072.jpg,1005,252
p00,day17/0083.jpg,943,544
p00,day17/0095.jpg,74,299
p00,day17/0113.jpg,1243,612
p00,day17/0115.jpg,594,688
p00,day17/0116.jpg,932,542
p00,day17/0145.jpg,155,355
p00,day17/0149.jpg,407,489
p00,day17/0158.jpg,68,417
p00,day17/0165.jpg,326,773
p00,day17/0175.jpg,921,461
p00,day17/0200.jpg,417,89
p00,day17/0205.jpg,105,717
p00,day17/0209.jpg,155,746
p00,day17/0213.jpg,760,128
p00,day17/0222.jpg,463,351
p00,day17/0228.jpg,86,20
p00,day17/0234.jpg,779,791
p00,day17/0237.jpg,737,361
p00,day17/0241.jpg,947,714
p00,day17/0242.jpg,551,365
p00,day17/0260.jpg,694,60
p00,day17/0261.jpg,808,626
p00,day17/0271.jpg,245,375
p00,day17/0273.jpg,398,128
p00,day17/0295.jpg,954,711
p00,day17/0313.jpg,129,509
p00,day17/0314.jpg,988,382
p00,day17/0316.jpg,275,113
p00,day17/0337.jpg,431,390
p00,day17/0350.jpg,773,550
p00,day17/0361.jpg,1117,499
p00,day17/0366.jpg,244,201
p00,day17/0367.jpg,417,733
p00,day17/0384.jpg,988,575
p00,day17/0385.jpg,418,38
p00,day17/0406.jpg,1182,294
p00,day17/0412.jpg,843,382
p00,day17/0437.jpg,8,211
p00,day17/0464.jpg,436,172
p00,day17/0466.jpg,731,631
p00,day17/0480.jpg,902,105
p00,day17/0489.jpg,1239,535
p00,day17/0499.jpg,770,278
p00,day17/0523.jpg,170,169
p00,day17/0546.jpg,1220,216
p00,day17/0553.jpg,359,559
p00,day17/0573.jpg,967,733
p00,day17/0575.jpg,970,213
p00,day17/0578.jpg,1159,791
p00,day17/0602.jpg,1063,594
p00,day17/0607.jpg,11,472
p00,day17/0615.jpg,145,5
p00,day17/0616.jpg,927,767
p00,day17/0623.jpg,899,529
p00,day17/0656.jpg,1268,190
p00,day17/0657.jpg,378,329
p00,day17/0658.jpg,618,272
p00,day17/0679.jpg,1144,545
p00,day17/0721.jpg,283,188
p00,day17/0723.jpg,1169,45
p00,day17/0729.jpg,877,353
p00,day17/0732.jpg,477,62
p00,day17/0756.jpg,149,289
p00,day17/0757.jpg,987,203
p00,day17/0761.jpg,896,202
p00,day17/0767.jpg,673,300
p00,day17/0774.jpg,702,203
p00,day17/0796.jpg,697,479
p00,day17/0800.jpg,1064,329
p00,day17/0804.jpg,1241,55
p00,day17/0806.jpg,641,625
p00,day17/0810.jpg,641,261
p00,day17/0814.jpg,1061,139
p00,day17/0815.jpg,1038,439
p00,day17/0828.jpg,652,20
p00,day17/0838.jpg,938,752
p00,day17/0858.jpg,445,590
p00,day17/0892.jpg,640,473
p00,day17/0896.jpg,132,554
p00,day17/0897.jpg,62,671
p00,day17/0900.jpg,971,477
p00,day17/0902.jpg,1201,787
p00,day17/0905.jpg,1213,313
p00,day17/0907.jpg,916,325
p00,day17/0913.jpg,834,425
p00,day17/0951.jpg,958,20
p00,day17/0954.jpg,666,209
p00,day17/0961.jpg,190,233
p00,day17/0974.jpg,530,493
p00,day17/0978.jpg,968,699
p00,day17/1000.jpg,223,21
p00,day17/1008.jpg,372,110
p00,day17/1012.jpg,499,269
p00,day17/1017.jpg,474,12
p00,day17/1031.jpg,223,555
p00,day17/1033.jpg,1019,141
p00,day17/1034.jpg,225,128
p00,day17/1043.jpg,569,205
p00,day17/1044.jpg,808,493
p00,day17/1053.jpg,155,22
p00,day17/1054.jpg,831,410
p00,day18/0025.jpg,269,445
p00,day18/0034.jpg,284,290
p00,day18/0069.jpg,941,375
p00,day18/0076.jpg,1274,163
p00,day18/0096.jpg,1,520
p00,day18/0106.jpg,766,83
p00,day18/0117.jpg,552,251
p00,day18/0122.jpg,1114,71
p00,day18/0149.jpg,829,412
p00,day18/0157.jpg,767,502
p00,day18/0158.jpg,1009,741
p00,day18/0171.jpg,465,22
p00,day18/0185.jpg,840,408
p00,day18/0201.jpg,913,191
p00,day18/0227.jpg,978,249
p00,day18/0228.jpg,557,303
p00,day18/0237.jpg,447,366
p00,day18/0245.jpg,981,102
p00,day18/0246.jpg,825,505
p00,day18/0258.jpg,1261,649
p00,day18/0264.jpg,341,550
p00,day18/0288.jpg,485,620
p00,day18/0296.jpg,1016,74
p00,day18/0302.jpg,700,683
p00,day18/0313.jpg,385,441
p00,day18/0355.jpg,280,156
p00,day18/0356.jpg,175,433
p00,day18/0389.jpg,994,273
p00,day18/0423.jpg,276,257
p00,day18/0428.jpg,850,147
p00,day18/0431.jpg,448,685
p00,day18/0440.jpg,198,718
p00,day18/0454.jpg,614,115
p00,day18/0464.jpg,31,500
p00,day18/0467.jpg,830,503
p00,day18/0476.jpg,124,94
p00,day18/0493.jpg,1031,149
p00,day18/0507.jpg,1013,723
p00,day19/0009.jpg,971,504
p00,day19/0016.jpg,271,412
p00,day19/0040.jpg,24,787
p00,day19/0042.jpg,1209,468
p00,day19/0088.jpg,1103,51
p00,day19/0113.jpg,679,264
p00,day19/0120.jpg,781,71
p00,day19/0126.jpg,1066,648
p00,day19/0127.jpg,71,405
p00,day19/0144.jpg,1123,69
p00,day19/0146.jpg,1196,577
p00,day19/0156.jpg,93,28
p00,day19/0157.jpg,95,768
p00,day19/0177.jpg,40,106
p00,day19/0187.jpg,898,492
p00,day19/0195.jpg,897,574
p00,day19/0203.jpg,201,708
p00,day19/0208.jpg,436,58
p00,day19/0213.jpg,492,18
p00,day19/0217.jpg,285,394
p00,day19/0232.jpg,503,503
p00,day19/0235.jpg,1171,723
p00,day19/0245.jpg,931,385
p00,day19/0267.jpg,1261,99
p00,day19/0270.jpg,1105,205
p00,day19/0276.jpg,334,633
p00,day19/0286.jpg,988,138
p00,day19/0288.jpg,1031,454
p00,day19/0290.jpg,468,659
p00,day19/0298.jpg,1071,136
p00,day19/0301.jpg,653,118
p00,day19/0330.jpg,558,285
p00,day19/0344.jpg,432,378
p00,day19/0357.jpg,652,303
p00,day19/0363.jpg,129,273
p00,day19/0371.jpg,668,330
p00,day19/0378.jpg,136,267
p00,day19/0391.jpg,1175,618
p00,day19/0402.jpg,555,661
p00,day19/0403.jpg,1115,9
p00,day19/0415.jpg,1066,629
p00,day19/0420.jpg,670,301
p00,day19/0434.jpg,692,142
p00,day19/0436.jpg,156,222
p00,day19/0440.jpg,353,353
p00,day19/0444.jpg,1064,362
p00,day19/0447.jpg,964,445
p00,day19/0477.jpg,775,754
p00,day19/0494.jpg,38,622
p00,day19/0499.jpg,325,287
p00,day19/0500.jpg,572,655
p00,day19/0510.jpg,573,49
p00,day19/0518.jpg,1118,666
p00,day19/0522.jpg,184,756
p00,day19/0540.jpg,1048,33
p00,day19/0554.jpg,992,573
p00,day19/0555.jpg,878,428
p00,day19/0563.jpg,243,550
p00,day19/0573.jpg,816,225
p00,day20/0005.jpg,699,270
p00,day20/0017.jpg,612,73
p00,day20/0019.jpg,850,671
p00,day20/0027.jpg,1048,337
p00,day20/0036.jpg,932,223
p00,day20/0038.jpg,1146,697
p00,day20/0053.jpg,1065,214
p00,day20/0067.jpg,6,428
p00,day20/0087.jpg,805,342
p00,day20/0102.jpg,422,516
p00,day20/0107.jpg,53,206
p00,day20/0115.jpg,65,596
p00,day20/0152.jpg,763,376
p00,day20/0166.jpg,471,436
p00,day20/0168.jpg,35,751
p00,day20/0177.jpg,428,681
p00,day20/0187.jpg,1217,295
p00,day20/0199.jpg,821,355
p00,day20/0203.jpg,453,494
p00,day20/0209.jpg,963,392
p00,day20/0236.jpg,1076,394
p00,day21/0011.jpg,524,216
p00,day21/0025.jpg,1053,72
p00,day21/0026.jpg,720,569
p00,day21/0032.jpg,208,127
p00,day21/0035.jpg,982,259
p00,day21/0037.jpg,877,557
p00,day21/0060.jpg,491,262
p00,day21/0065.jpg,669,456
p00,day21/0066.jpg,1221,633
p00,day21/0067.jpg,798,160
p00,day21/0069.jpg,1139,781
p00,day21/0085.jpg,845,231
p00,day21/0091.jpg,945,238
p00,day21/0127.jpg,103,163
p00,day21/0133.jpg,741,337
p00,day21/0143.jpg,772,33
p00,day21/0154.jpg,39,453
p00,day21/0156.jpg,788,453
p00,day21/0162.jpg,159,71
p00,day21/0164.jpg,260,301
p00,day21/0180.jpg,441,185
p00,day21/0206.jpg,388,349
p00,day21/0209.jpg,157,613
p00,day21/0221.jpg,581,248
p00,day21/0223.jpg,988,372
p00,day21/0243.jpg,248,379
p00,day21/0248.jpg,722,703
p00,day21/0275.jpg,537,122
p00,day21/0282.jpg,225,332
p00,day21/0321.jpg,882,707
p00,day21/0329.jpg,549,188
p00,day21/0354.jpg,139,103
p00,day21/0358.jpg,33,288
p00,day21/0382.jpg,606,505
p00,day21/0383.jpg,200,163
p00,day21/0386.jpg,1046,79
p00,day21/0388.jpg,69,775
p00,day21/0389.jpg,1193,679
p00,day21/0411.jpg,430,398
p00,day21/0416.jpg,378,72
p00,day21/0428.jpg,491,31
p00,day21/0441.jpg,459,331
p00,day21/0457.jpg,317,79
p00,day21/0488.jpg,1240,293
p00,day21/0499.jpg,575,240
p00,day21/0508.jpg,212,440
p00,day21/0512.jpg,1011,298
p00,day21/0521.jpg,1266,486
p00,day21/0536.jpg,536,25
p00,day21/0558.jpg,621,7
p00,day21/0597.jpg,79,73
p00,day21/0600.jpg,1184,206
p00,day21/0607.jpg,822,297
p00,day21/0624.jpg,200,770
p00,day21/0626.jpg,1113,267
p00,day21/0663.jpg,38,337
p00,day21/0664.jpg,990,253
p00,day21/0676.jpg,407,411
p00,day22/0003.jpg,103,393
p00,day22/0011.jpg,638,247
p00,day22/0028.jpg,486,316
p00,day22/0037.jpg,51,77
p00,day22/0039.jpg,813,326
p00,day22/0043.jpg,151,289
p00,day22/0061.jpg,275,539
p00,day22/0082.jpg,394,559
p00,day22/0103.jpg,1017,637
p00,day22/0141.jpg,308,751
p00,day22/0143.jpg,964,548
p00,day22/0165.jpg,1009,396
p00,day22/0184.jpg,828,696
p00,day22/0191.jpg,547,181
p00,day22/0201.jpg,114,575
p00,day22/0216.jpg,999,151
p00,day22/0238.jpg,1239,628
p00,day22/0251.jpg,88,681
p00,day22/0259.jpg,818,553
p00,day22/0261.jpg,922,599
p00,day22/0265.jpg,30,314
p00,day22/0285.jpg,803,364
p00,day22/0295.jpg,853,371
p00,day22/0305.jpg,631,564
p00,day22/0344.jpg,1027,328
p00,day22/0354.jpg,15,223
p00,day22/0371.jpg,431,603
p00,day22/0374.jpg,1124,379
p00,day22/0378.jpg,822,164
p00,day22/0379.jpg,1128,649
p00,day22/0405.jpg,683,762
p00,day22/0409.jpg,698,298
p00,day22/0414.jpg,830,367
p00,day22/0417.jpg,686,27
p00,day22/0428.jpg,557,553
p00,day22/0451.jpg,134,688
p00,day22/0465.jpg,455,640
p00,day22/0466.jpg,69,549
p00,day22/0470.jpg,1219,511
p00,day22/0491.jpg,819,657
p00,day22/0502.jpg,1182,371
p00,day22/0515.jpg,94,555
p00,day22/0519.jpg,1147,750
p00,day22/0520.jpg,755,763
p00,day22/0531.jpg,814,755
p00,day22/0544.jpg,865,434
p00,day22/0553.jpg,945,144
p00,day22/0559.jpg,4,618
p00,day22/0588.jpg,8,494
p00,day22/0600.jpg,311,615
p00,day22/0611.jpg,1257,452
p00,day22/0614.jpg,329,290
p00,day22/0615.jpg,1251,789
p00,day22/0624.jpg,236,170
p00,day22/0629.jpg,421,599
p00,day22/0642.jpg,747,179
p00,day22/0653.jpg,817,740
p00,day22/0654.jpg,353,150
p00,day22/0660.jpg,639,516
p00,day22/0662.jpg,311,11
p00,day22/0666.jpg,242,711
p00,day22/0683.jpg,227,181
p00,day22/0703.jpg,971,531
p00,day22/0709.jpg,965,791
p00,day22/0713.jpg,98,659
p00,day22/0717.jpg,213,524
p00,day22/0747.jpg,918,242
p00,day22/0754.jpg,403,691
p00,day22/0760.jpg,1062,752
p00,day22/0767.jpg,1243,6
p00,day22/0786.jpg,817,776
p00,day22/0800.jpg,891,557
p00,day22/0804.jpg,347,350
p00,day22/0806.jpg,191,268
p00,day22/0829.jpg,875,519
p00,day22/0836.jpg,370,405
p00,day22/0838.jpg,828,674
p00,day22/0846.jpg,1022,397
p00,day22/0878.jpg,458,227
p00,day22/0891.jpg,1097,335
p00,day22/0892.jpg,886,25
p00,day22/0898.jpg,12,23
p00,day22/0915.jpg,103,340
p00,day22/0919.jpg,1053,251
p00,day23/0006.jpg,494,405
p00,day23/0010.jpg,1086,668
p00,day23/0017.jpg,916,677
p00,day23/0020.jpg,773,97
p00,day23/0030.jpg,1105,737
p00,day23/0035.jpg,1113,743
p00,day23/0038.jpg,1045,222
p00,day23/0041.jpg,346,252
p00,day23/0053.jpg,1154,366
p00,day23/0058.jpg,342,550
p00,day23/0066.jpg,148,381
p00,day23/0067.jpg,488,286
p00,day23/0068.jpg,21,269
p00,day23/0076.jpg,863,300
p00,day23/0087.jpg,12,304
p00,day23/0088.jpg,105,445
p00,day23/0135.jpg,1273,417
p00,day23/0143.jpg,845,27
p00,day23/0145.jpg,829,446
p00,day23/0161.jpg,406,166
p00,day23/0164.jpg,306,612
p00,day23/0167.jpg,1259,749
p00,day23/0170.jpg,681,373
p00,day23/0177.jpg,800,58
p00,day23/0222.jpg,5,275
p00,day23/0238.jpg,490,27
p00,day23/0240.jpg,982,771
p00,day23/0243.jpg,264,362
p00,day23/0252.jpg,570,695
p00,day23/0254.jpg,850,37
p00,day23/0260.jpg,1116,762
p00,day23/0279.jpg,626,415
p00,day23/0280.jpg,785,567
p00,day23/0282.jpg,545,362
p00,day23/0285.jpg,131,63
p00,day23/0291.jpg,830,112
p00,day23/0294.jpg,520,343
p00,day23/0296.jpg,625,77
p00,day23/0303.jpg,647,174
p00,day23/0305.jpg,556,703
p00,day23/0308.jpg,836,219
p00,day23/0311.jpg,1166,583
p00,day23/0314.jpg,156,573
p00,day23/0322.jpg,32,337
p00,day23/0327.jpg,867,581
p00,day23/0329.jpg,1252,368
p00,day23/0330.jpg,983,100
p00,day23/0341.jpg,87,347
p00,day23/0358.jpg,419,488
p00,day23/0374.jpg,586,439
p00,day23/0375.jpg,367,436
p00,day23/0393.jpg,51,354
p00,day23/0408.jpg,1180,185
p00,day23/0427.jpg,55,760
p00,day23/0431.jpg,130,520
p00,day23/0439.jpg,257,409
p00,day23/0443.jpg,928,603
p00,day23/0449.jpg,57,366
p00,day23/0463.jpg,636,788
p00,day23/0472.jpg,71,255
p00,day23/0488.jpg,291,175
p00,day23/0495.jpg,903,251
p00,day23/0497.jpg,1119,451
p00,day23/0521.jpg,681,290
p00,day23/0528.jpg,28,292
p00,day23/0535.jpg,1102,706
p00,day23/0538.jpg,526,279
p00,day23/0544.jpg,335,561
p00,day23/0567.jpg,84,437
p00,day23/0591.jpg,52,523
p00,day23/0612.jpg,49,458
p00,day23/0615.jpg,733,18
p00,day23/0617.jpg,1228,797
p00,day23/0619.jpg,920,171
p00,day23/0628.jpg,695,775
p00,day23/0642.jpg,555,484
p00,day23/0648.jpg,630,291
p00,day23/0652.jpg,516,230
p00,day23/0657.jpg,860,555
p00,day23/0669.jpg,542,280
p00,day23/0699.jpg,386,377
p00,day23/0700.jpg,698,204
p00,day23/0705.jpg,480,468
p00,day23/0706.jpg,341,82
p00,day23/0715.jpg,149,581
p00,day23/0744.jpg,935,434
p00,day23/0745.jpg,1235,325
p00,day23/0756.jpg,1021,726
p00,day23/0770.jpg,292,711
p00,day23/0778.jpg,588,178
p00,day23/0791.jpg,251,737
p00,day23/0805.jpg,442,199
p00,day23/0812.jpg,722,185
p00,day23/0823.jpg,346,18
p00,day23/0826.jpg,95,9
p00,day23/0831.jpg,989,560
p00,day23/0839.jpg,1034,601
p00,day23/0849.jpg,717,663
p00,day23/0850.jpg,743,135
p00,day23/0863.jpg,959,167
p00,day23/0871.jpg,487,767
p00,day23/0879.jpg,314,392
p00,day23/0904.jpg,1220,777
p00,day23/0913.jpg,1259,197
p00,day24/0001.jpg,319,375
p00,day24/0003.jpg,908,42
p00,day24/0005.jpg,712,784
p00,day24/0015.jpg,1016,41
p00,day24/0018.jpg,147,439
p00,day24/0026.jpg,773,39
p00,day24/0049.jpg,1159,15
p00,day24/0055.jpg,285,692
p00,day24/0067.jpg,598,694
p00,day24/0069.jpg,1121,461
p00,day24/0072.jpg,381,587
p00,day24/0101.jpg,203,470
p00,day24/0108.jpg,428,713
p00,day24/0112.jpg,185,299
p00,day24/0124.jpg,233,4
p00,day24/0130.jpg,1085,645
p00,day24/0142.jpg,1118,603
p00,day24/0171.jpg,266,386
p00,day24/0177.jpg,685,50
p00,day24/0179.jpg,707,297
p00,day24/0182.jpg,467,693
p00,day24/0183.jpg,1053,218
p00,day24/0198.jpg,1073,612
p00,day24/0209.jpg,902,212
p00,day24/0215.jpg,343,241
p00,day24/0231.jpg,565,740
p00,day24/0241.jpg,827,782
p00,day24/0271.jpg,521,200
p00,day24/0273.jpg,200,755
p00,day24/0285.jpg,900,37
p00,day24/0311.jpg,992,611
p00,day24/0321.jpg,232,166
p00,day24/0322.jpg,1078,203
p00,day24/0350.jpg,473,304
p00,day24/0351.jpg,831,121
p00,day24/0352.jpg,405,256
p00,day24/0376.jpg,279,140
p00,day24/0377.jpg,9,524
p00,day24/0408.jpg,199,491
p00,day24/0413.jpg,749,91
p00,day24/0419.jpg,349,638
p00,day24/0423.jpg,697,334
p00,day24/0428.jpg,596,532
p00,day24/0438.jpg,1190,58
p00,day24/0440.jpg,230,226
p00,day24/0441.jpg,1124,520
p00,day24/0446.jpg,4,713
p00,day24/0467.jpg,464,636
p00,day24/0476.jpg,1110,780
p00,day24/0479.jpg,1087,76
p00,day24/0499.jpg,126,424
p00,day24/0521.jpg,177,283
p00,day24/0539.jpg,714,521
p00,day24/0542.jpg,53,129
p00,day24/0555.jpg,489,232
p00,day24/0558.jpg,480,2
p00,day24/0566.jpg,619,780
p00,day24/0574.jpg,150,438
p00,day24/0576.jpg,174,415
p00,day24/0578.jpg,553,737
p00,day24/0584.jpg,541,92
p00,day24/0608.jpg,44,718
p00,day24/0609.jpg,969,645
p00,day24/0625.jpg,487,120
p00,day24/0635.jpg,769,459
p00,day24/0643.jpg,457,11
p00,day24/0646.jpg,650,53
p00,day24/0661.jpg,868,448
p00,day24/0663.jpg,38,701
p00,day24/0678.jpg,21,460
p00,day24/0684.jpg,1214,341
p00,day24/0693.jpg,499,195
p00,day24/0702.jpg,1,676
p00,day24/0712.jpg,655,111
p00,day24/0713.jpg,420,641
p00,day24/0716.jpg,412,561
p00,day24/0719.jpg,1221,118
p00,day24/0724.jpg,127,147
p00,day24/0736.jpg,913,422
p00,day24/0740.jpg,1256,390
p00,day24/0755.jpg,662,326
p00,day24/0759.jpg,1261,324
p00,day24/0780.jpg,12,196
p00,day24/0789.jpg,78,678
p00,day24/0794.jpg,1089,58
p00,day24/0813.jpg,9,334
p00,day24/0822.jpg,64,167
p00,day24/0823.jpg,436,362
p00,day24/0838.jpg,949,435
p00,day24/0849.jpg,355,197
p00,day24/0863.jpg,58,38
p00,day24/0872.jpg,913,203
p00,day24/0875.jpg,1118,464
p00,day24/0877.jpg,1039,206
p00,day24/0892.jpg,287,339
p00,day24/0927.jpg,613,654
p00,day24/0928.jpg,147,128
p00,day24/0930.jpg,535,29
p00,day24/0942.jpg,403,75
p00,day24/0943.jpg,523,127
p00,day24/0948.jpg,133,210
p00,day24/0979.jpg,1149,234
p00,day24/1021.jpg,380,356
p00,day24/1061.jpg,1139,428
p00,day24/1068.jpg,1006,90
p00,day24/1090.jpg,1016,618
p00,day24/1111.jpg,454,227
p00,day24/1124.jpg,174,751
p00,day24/1160.jpg,125,363
p00,day24/1162.jpg,1138,488
p00,day25/0035.jpg,230,281
p00,day25/0041.jpg,76,512
p00,day25/0043.jpg,528,762
p00,day25/0046.jpg,58,667
p00,day25/0055.jpg,844,702
p00,day25/0070.jpg,600,122
p00,day25/0073.jpg,572,322
p00,day25/0074.jpg,292,104
p00,day25/0081.jpg,105,337
p00,day25/0106.jpg,528,751
p00,day25/0132.jpg,19,475
p00,day25/0144.jpg,674,492
p00,day25/0147.jpg,793,772
p00,day25/0153.jpg,161,641
p00,day25/0157.jpg,15,590
p00,day25/0168.jpg,952,210
p00,day25/0170.jpg,107,253
p00,day25/0174.jpg,742,462
p00,day25/0183.jpg,104,481
p00,day25/0188.jpg,1180,202
p00,day25/0189.jpg,845,689
p00,day25/0190.jpg,185,647
p00,day25/0192.jpg,1127,460
p00,day25/0194.jpg,1118,619
p00,day25/0260.jpg,429,319
p00,day25/0269.jpg,249,517
p00,day25/0277.jpg,1146,276
p00,day25/0285.jpg,506,206
p00,day25/0291.jpg,488,666
p00,day25/0312.jpg,696,570
p00,day25/0334.jpg,421,614
p00,day25/0336.jpg,1033,158
p00,day25/0342.jpg,445,364
p00,day25/0368.jpg,303,44
p00,day25/0369.jpg,930,2
p00,day25/0370.jpg,821,778
p00,day25/0378.jpg,191,201
p00,day25/0379.jpg,1120,245
p00,day25/0395.jpg,984,430
p00,day25/0426.jpg,249,307
p00,day25/0435.jpg,528,446
p00,day25/0449.jpg,920,408
p00,day25/0458.jpg,541,673
p00,day25/0490.jpg,231,296
p00,day25/0494.jpg,656,351
p00,day25/0521.jpg,919,717
p00,day25/0523.jpg,96,450
p00,day25/0527.jpg,209,437
p00,day25/0556.jpg,38,352
p00,day25/0560.jpg,1216,217
p00,day25/0577.jpg,1263,681
p00,day25/0578.jpg,32,620
p00,day25/0586.jpg,134,796
p00,day25/0590.jpg,408,771
p00,day25/0597.jpg,378,373
p00,day25/0609.jpg,298,211
p00,day25/0610.jpg,1014,81
p00,day25/0615.jpg,352,639
p00,day25/0619.jpg,4,396
p00,day25/0633.jpg,1051,200
p00,day25/0657.jpg,599,535
p00,day25/0664.jpg,539,594
p00,day25/0667.jpg,813,44
p00,day25/0671.jpg,636,737
p00,day25/0672.jpg,81,652
p00,day25/0674.jpg,85,464
p00,day25/0677.jpg,219,535
p00,day25/0679.jpg,752,261
p00,day25/0712.jpg,1108,25
p00,day25/0718.jpg,686,374
p00,day26/0007.jpg,595,25
p00,day26/0021.jpg,1252,505
p00,day26/0025.jpg,301,476
p00,day26/0032.jpg,585,387
p00,day26/0046.jpg,955,677
p00,day26/0059.jpg,1204,496
p00,day26/0072.jpg,207,292
p00,day26/0080.jpg,872,193
p00,day26/0082.jpg,694,155
p00,day26/0088.jpg,1176,250
p00,day26/0096.jpg,957,394
p00,day26/0100.jpg,1005,87
p00,day26/0103.jpg,1238,517
p00,day26/0113.jpg,1251,107
p00,day26/0126.jpg,1276,143
p00,day26/0141.jpg,975,702
p00,day26/0149.jpg,421,132
p00,day26/0154.jpg,573,209
p00,day26/0170.jpg,98,705
p00,day26/0171.jpg,231,538
p00,day26/0174.jpg,938,788
p00,day26/0179.jpg,599,125
p00,day26/0180.jpg,21,44
p00,day26/0188.jpg,63,370
p00,day26/0197.jpg,31,637
p00,day26/0199.jpg,594,759
p00,day26/0211.jpg,1267,217
p00,day26/0243.jpg,592,279
p00,day26/0268.jpg,851,613
p00,day26/0274.jpg,1002,592
p00,day26/0287.jpg,335,576
p00,day26/0295.jpg,947,283
p00,day26/0296.jpg,1058,67
p00,day26/0300.jpg,477,231
p00,day26/0303.jpg,273,764
p00,day26/0305.jpg,102,361
p00,day26/0310.jpg,662,197
p00,day26/0319.jpg,1077,709
p00,day26/0327.jpg,837,189
p00,day26/0330.jpg,132,657
p00,day26/0333.jpg,682,275
p00,day26/0336.jpg,69,521
p00,day26/0353.jpg,1063,217
p00,day26/0358.jpg,172,587
p00,day26/0366.jpg,54,339
p00,day26/0380.jpg,617,286
p00,day26/0401.jpg,1221,641
p00,day26/0412.jpg,213,613
p00,day26/0425.jpg,1156,234
p00,day26/0429.jpg,212,312
p00,day26/0434.jpg,876,459
p00,day26/0451.jpg,950,613
p00,day26/0455.jpg,553,541
p00,day26/0456.jpg,229,224
p00,day26/0457.jpg,700,365
p00,day26/0469.jpg,494,455
p00,day26/0478.jpg,130,50
p00,day26/0480.jpg,705,80
p00,day26/0483.jpg,808,357
p00,day26/0497.jpg,577,291
p00,day26/0504.jpg,455,647
p00,day26/0507.jpg,1057,525
p00,day26/0512.jpg,1224,117
p00,day26/0537.jpg,66,401
p00,day26/0540.jpg,912,244
p00,day26/0544.jpg,882,316
p00,day26/0547.jpg,533,562
p00,day26/0555.jpg,524,221
p00,day26/0557.jpg,505,696
p00,day26/0564.jpg,1192,435
p00,day26/0577.jpg,61,45
p00,day26/0622.jpg,1195,148
p00,day26/0626.jpg,776,150
p00,day26/0627.jpg,918,367
p00,day26/0634.jpg,553,48
p00,day26/0640.jpg,1274,478
p00,day26/0648.jpg,108,596
p00,day26/0650.jpg,831,205
p00,day26/0657.jpg,1217,138
p00,day26/0678.jpg,883,227
p00,day26/0694.jpg,176,541
p00,day26/0696.jpg,1119,428
p00,day26/0709.jpg,302,361
p00,day26/0710.jpg,925,502
p00,day26/0734.jpg,1151,529
p00,day26/0752.jpg,324,538
p00,day26/0754.jpg,400,637
p00,day26/0757.jpg,70,203
p00,day26/0772.jpg,457,138
p00,day26/0783.jpg,840,444
p00,day26/0784.jpg,281,87
p00,day27/0011.jpg,226,16
p00,day27/0017.jpg,628,383
p00,day27/0042.jpg,1216,161
p00,day27/0049.jpg,526,380
p00,day27/0058.jpg,916,550
p00,day27/0083.jpg,546,742
p00,day27/0110.jpg,461,246
p00,day27/0115.jpg,1177,407
p00,day27/0125.jpg,1012,487
p00,day27/0128.jpg,1149,478
p00,day27/0134.jpg,653,696
p00,day27/0148.jpg,1096,471
p00,day27/0151.jpg,173,207
p00,day27/0164.jpg,647,357
p00,day27/0166.jpg,343,192
p00,day27/0169.jpg,869,94
p00,day27/0171.jpg,1167,198
p00,day27/0177.jpg,1278,473
p00,day27/0178.jpg,450,649
p00,day27/0195.jpg,776,208
p00,day27/0199.jpg,893,523
p00,day27/0207.jpg,966,635
p00,day27/0208.jpg,589,61
p00,day27/0221.jpg,747,375
p00,day27/0222.jpg,87,360
p00,day27/0232.jpg,736,81
p00,day27/0243.jpg,961,467
p00,day27/0244.jpg,941,347
p00,day27/0261.jpg,371,482
p00,day27/0263.jpg,63,30
p00,day27/0276.jpg,799,714
p00,day27/0277.jpg,1147,406
p00,day27/0280.jpg,524,787
p00,day27/0288.jpg,1127,0
p00,day27/0294.jpg,837,391
p00,day27/0300.jpg,225,215
p00,day27/0312.jpg,470,35
p00,day27/0313.jpg,21,658
p00,day27/0319.jpg,411,418
p00,day27/0325.jpg,416,727
p00,day27/0342.jpg,423,676
p00,day27/0345.jpg,132,257
p00,day27/0352.jpg,1200,778
p00,day27/0360.jpg,408,433
p00,day27/0381.jpg,1057,641
p00,day27/0385.jpg,236,47
p00,day27/0391.jpg,568,322
p00,day27/0392.jpg,957,48
p00,day27/0401.jpg,825,744
p00,day27/0421.jpg,385,123
p00,day27/0443.jpg,421,555
p00,day27/0454.jpg,290,610
p00,day27/0463.jpg,1163,211
p00,day27/0465.jpg,643,335
p00,day27/0484.jpg,691,167
p00,day27/0485.jpg,234,232
p00,day27/0497.jpg,695,118
p00,day27/0515.jpg,457,475
p00,day27/0520.jpg,376,133
p00,day27/0526.jpg,438,378
p00,day27/0539.jpg,465,268
p00,day27/0567.jpg,182,776
p00,day27/0601.jpg,488,555
p00,day28/0011.jpg,152,68
p00,day28/0015.jpg,1112,331
p00,day28/0017.jpg,1151,166
p00,day28/0048.jpg,541,667
p00,day28/0053.jpg,908,468
p00,day28/0066.jpg,430,434
p00,day28/0072.jpg,1266,20
p00,day28/0074.jpg,1131,283
p00,day28/0087.jpg,64,778
p00,day28/0092.jpg,1012,764
p00,day28/0103.jpg,421,500
p00,day28/0109.jpg,256,496
p00,day28/0114.jpg,715,0
p00,day28/0117.jpg,1274,487
p00,day28/0127.jpg,567,735
p00,day28/0131.jpg,945,170
p00,day28/0144.jpg,75,121
p00,day28/0151.jpg,617,27
p00,day28/0155.jpg,466,121
p00,day28/0171.jpg,487,189
p00,day28/0180.jpg,1051,654
p00,day28/0186.jpg,954,705
p00,day28/0189.jpg,230,558
p00,day28/0194.jpg,85,127
p00,day28/0218.jpg,578,503
p00,day28/0225.jpg,1193,511
p00,day28/0239.jpg,870,212
p00,day28/0241.jpg,820,664
p00,day28/0252.jpg,806,601
p00,day28/0257.jpg,1217,621
p00,day28/0287.jpg,636,668
p00,day28/0291.jpg,194,93
p00,day28/0349.jpg,325,496
p00,day28/0356.jpg,394,212
p00,day28/0381.jpg,1193,622
p00,day28/0383.jpg,156,615
p00,day28/0406.jpg,279,428
p00,day28/0409.jpg,266,786
p00,day28/0413.jpg,1069,599
p00,day28/0447.jpg,425,534
p00,day28/0448.jpg,175,510
p00,day28/0456.jpg,1119,433
p00,day28/0463.jpg,1134,200
p00,day28/0466.jpg,516,450
p00,day28/0467.jpg,242,10
p00,day28/0472.jpg,251,549
p00,day28/0479.jpg,1004,108
p00,day28/0501.jpg,432,401
p00,day28/0510.jpg,484,406
p00,day28/0512.jpg,450,689
p00,day28/0514.jpg,865,3
p00,day28/0525.jpg,995,607
p00,day28/0537.jpg,368,558
p00,day28/0545.jpg,836,236
p00,day28/0547.jpg,576,647
p00,day28/0561.jpg,612,77
p00,day28/0570.jpg,17,797
p00,day28/0602.jpg,952,131
p00,day28/0603.jpg,891,200
p00,day28/0611.jpg,726,309
p00,day28/0614.jpg,529,75
p00,day28/0616.jpg,638,165
p00,day28/0620.jpg,797,584
p00,day28/0621.jpg,546,171
p00,day28/0625.jpg,916,237
p00,day28/0637.jpg,260,197
p00,day28/0646.jpg,700,702
p00,day28/0647.jpg,279,655
p00,day28/0667.jpg,945,77
p00,day28/0676.jpg,344,744
p00,day28/0686.jpg,860,751
p00,day28/0696.jpg,1154,207
p00,day28/0697.jpg,393,235
p00,day28/0702.jpg,922,749
p00,day28/0704.jpg,1201,97
p00,day28/0707.jpg,1060,52
p00,day28/0710.jpg,292,359
p00,day28/0718.jpg,629,615
p00,day28/0730.jpg,572,414
p00,day28/0736.jpg,843,180
p00,day28/0750.jpg,732,648
p00,day28/0773.jpg,695,664
p00,day29/0015.jpg,122,40
p00,day29/0044.jpg,499,722
p00,day29/0047.jpg,338,463
p00,day29/0052.jpg,1074,719
p00,day29/0053.jpg,186,799
p00,day29/0055.jpg,1104,455
p00,day29/0060.jpg,773,370
p00,day29/0073.jpg,766,245
p00,day29/0076.jpg,1083,532
p00,day29/0081.jpg,1238,71
p00,day29/0087.jpg,1193,61
p00,day29/0096.jpg,15,341
p00,day29/0102.jpg,750,253
p00,day29/0107.jpg,798,200
p00,day29/0109.jpg,589,341
p00,day29/0118.jpg,245,516
p00,day29/0123.jpg,1169,292
p00,day29/0139.jpg,1210,243
p00,day29/0162.jpg,1160,388
p00,day29/0164.jpg,866,534
p00,day29/0169.jpg,310,157
p00,day29/0205.jpg,1237,413
p00,day29/0206.jpg,53,782
p00,day29/0208.jpg,206,733
p00,day29/0213.jpg,403,329
p00,day29/0235.jpg,1147,359
p00,day29/0236.jpg,869,158
p00,day29/0252.jpg,99,648
p00,day29/0253.jpg,126,504
p00,day29/0263.jpg,312,91
p00,day29/0264.jpg,1254,576
p00,day29/0302.jpg,1074,0
p00,day29/0311.jpg,970,55
p00,day29/0315.jpg,1060,787
p00,day29/0323.jpg,490,350
p00,day29/0334.jpg,41,99
p00,day29/0337.jpg,1102,270
p00,day29/0340.jpg,627,774
p00,day29/0343.jpg,519,83
p00,day29/0351.jpg,15,59
p00,day29/0360.jpg,435,372
p00,day29/0363.jpg,892,232
p00,day29/0385.jpg,903,329
p00,day29/0391.jpg,419,732
p00,day29/0396.jpg,277,328
p00,day29/0403.jpg,45,175
p00,day29/0405.jpg,944,737
p00,day29/0413.jpg,1236,504
p00,day29/0442.jpg,946,448
p00,day29/0453.jpg,191,403
p00,day29/0470.jpg,1255,48
p00,day29/0477.jpg,207,281
p00,day29/0478.jpg,82,531
p00,day29/0486.jpg,323,786
p00,day29/0492.jpg,414,606
p00,day29/0496.jpg,881,256
p00,day29/0498.jpg,466,224
p00,day29/0500.jpg,1140,459
p00,day29/0505.jpg,282,785
p00,day29/0508.jpg,21,584
p00,day29/0509.jpg,1269,194
p00,day29/0515.jpg,530,572
p00,day29/0516.jpg,46,574
p00,day29/0529.jpg,927,668
p00,day29/0533.jpg,1055,668
p00,day29/0539.jpg,941,3
p00,day29/0543.jpg,349,276
p00,day29/0549.jpg,1119,386
p00,day29/0556.jpg,254,551
p00,day29/0563.jpg,720,546
p00,day29/0568.jpg,94,408
p00,day29/0572.jpg,919,700
p00,day29/0578.jpg,1136,314
p00,day29/0585.jpg,1267,209
p00,day29/0586.jpg,527,599
p00,day29/0590.jpg,302,456
p00,day29/0616.jpg,685,370
p00,day29/0621.jpg,352,340
p00,day29/0626.jpg,1140,223
p00,day29/0637.jpg,151,329
p00,day29/0666.jpg,21,668
p00,day29/0667.jpg,562,105
p00,day29/0689.jpg,1118,478
p00,day29/0699.jpg,1019,313
p00,day29/0705.jpg,648,328
p00,day29/0726.jpg,253,596
p00,day29/0727.jpg,1149,52
p00,day29/0730.jpg,246,695
p00,day29/0731.jpg,635,564
p00,day29/0735.jpg,70,671
p00,day29/0769.jpg,1103,763
p00,day29/0790.jpg,1028,353
p00,day29/0795.jpg,953,82
p00,day29/0800.jpg,426,4
p00,day29/0821.jpg,675,175
p00,day29/0822.jpg,1255,476
p00,day29/0836.jpg,888,333
p00,day29/0838.jpg,1236,16
p00,day30/0007.jpg,88,623
p00,day30/0008.jpg,1078,523
p00,day30/0012.jpg,1209,245
p00,day30/0018.jpg,356,260
p00,day30/0025.jpg,1261,559
p00,day30/0030.jpg,536,290
p00,day30/0041.jpg,150,373
p00,day30/0055.jpg,1149,442
p00,day30/0056.jpg,675,554
p00,day30/0057.jpg,1262,110
p00,day30/0059.jpg,1012,647
p00,day30/0060.jpg,222,676
p00,day30/0080.jpg,980,274
p00,day30/0082.jpg,1187,790
p00,day30/0085.jpg,459,398
p00,day30/0086.jpg,789,479
p00,day30/0108.jpg,1049,556
p00,day30/0115.jpg,1180,380
p00,day30/0121.jpg,1022,134
p00,day30/0137.jpg,15,355
p00,day30/0147.jpg,1234,796
p00,day30/0148.jpg,1256,485
p00,day30/0160.jpg,345,18
p00,day30/0174.jpg,182,477
p00,day30/0179.jpg,503,112
p00,day30/0189.jpg,762,277
p00,day30/0192.jpg,496,720
p00,day30/0196.jpg,176,155
p00,day30/0197.jpg,1133,97
p00,day30/0198.jpg,1092,85
p00,day30/0210.jpg,674,595
p00,day30/0224.jpg,254,176
p00,day30/0233.jpg,476,299
p00,day30/0279.jpg,1233,426
p00,day30/0299.jpg,73,493
p00,day30/0301.jpg,386,538
p00,day30/0352.jpg,324,225
p00,day30/0357.jpg,144,568
p00,day30/0364.jpg,296,433
p00,day30/0402.jpg,978,583
p00,day30/0414.jpg,433,292
p00,day30/0424.jpg,1217,587
p00,day30/0427.jpg,903,38
p00,day30/0430.jpg,273,633
p00,day30/0434.jpg,544,446
p00,day30/0443.jpg,80,560
p00,day30/0464.jpg,473,624
p00,day30/0468.jpg,974,52
p00,day30/0474.jpg,1039,104
p00,day30/0493.jpg,354,740
p00,day30/0494.jpg,945,781
p00,day30/0498.jpg,1162,508
p00,day30/0502.jpg,4,764
p00,day30/0503.jpg,788,308
p00,day30/0505.jpg,880,117
p00,day30/0514.jpg,118,356
p00,day30/0525.jpg,1100,87
p00,day30/0542.jpg,104,277
p00,day30/0553.jpg,378,655
p00,day30/0568.jpg,1134,493
p00,day30/0569.jpg,1075,536
p00,day30/0576.jpg,500,480
p00,day30/0583.jpg,337,485
p00,day30/0590.jpg,128,20
p00,day30/0591.jpg,175,709
p00,day30/0592.jpg,170,192
p00,day30/0601.jpg,50,731
p00,day30/0602.jpg,1065,403
p00,day30/0606.jpg,559,393
p00,day30/0608.jpg,502,622
p00,day31/0006.jpg,836,650
p00,day31/0020.jpg,312,271
p00,day31/0029.jpg,106,630
p00,day31/0045.jpg,933,234
p00,day31/0050.jpg,865,233
p00,day31/0073.jpg,952,632
p00,day31/0082.jpg,268,556
p00,day31/0104.jpg,1019,663
p00,day31/0118.jpg,600,795
p00,day31/0123.jpg,160,10
p00,day31/0130.jpg,1268,799
p00,day31/0133.jpg,85,598
p00,day31/0141.jpg,1122,293
p00,day31/0148.jpg,833,771
p00,day31/0171.jpg,1182,787
p00,day31/0175.jpg,120,223
p00,day31/0205.jpg,54,534
p00,day31/0211.jpg,986,303
p00,day31/0216.jpg,1007,632
p00,day31/0221.jpg,1135,713
p00,day31/0225.jpg,131,601
p00,day31/0236.jpg,1278,489
p00,day31/0252.jpg,834,435
p00,day31/0256.jpg,445,321
p00,day31/0267.jpg,519,665
p00,day31/0273.jpg,844,123
p00,day31/0307.jpg,536,649
p00,day31/0322.jpg,736,454
p00,day31/0323.jpg,42,563
p00,day31/0328.jpg,725,309
p00,day31/0339.jpg,1180,789
p00,day31/0374.jpg,769,484
p00,day31/0410.jpg,439,458
p00,day31/0422.jpg,83,258
p00,day31/0433.jpg,1224,77
p00,day31/0437.jpg,243,167
p00,day31/0440.jpg,697,574
p00,day31/0458.jpg,1199,189
p00,day31/0468.jpg,598,210
p00,day31/0470.jpg,1190,201
p00,day31/0476.jpg,1278,221
p00,day31/0482.jpg,1271,758
p00,day31/0506.jpg,285,693
p00,day31/0507.jpg,526,291
p00,day31/0512.jpg,739,510
p00,day31/0515.jpg,631,745
p00,day31/0520.jpg,717,567
p00,day31/0522.jpg,525,477
p00,day31/0534.jpg,911,649
p00,day31/0544.jpg,595,434
p00,day31/0552.jpg,942,100
p00,day31/0553.jpg,442,535
p00,day31/0562.jpg,1048,14
p00,day31/0583.jpg,1009,397
p00,day31/0584.jpg,1169,140
p00,day31/0588.jpg,1247,695
p00,day31/0619.jpg,693,741
p00,day31/0622.jpg,830,618
p00,day31/0628.jpg,37,631
p00,day31/0633.jpg,1162,747
p00,day31/0655.jpg,1020,299
p00,day31/0668.jpg,256,409
p00,day31/0671.jpg,537,4
p00,day31/0686.jpg,1056,765
p00,day31/0689.jpg,1131,549
p00,day31/0694.jpg,1263,254
p00,day31/0712.jpg,1170,330
p00,day31/0719.jpg,734,46
p00,day31/0729.jpg,1094,105
p00,day31/0736.jpg,335,319
p00,day31/0739.jpg,887,572
p00,day31/0744.jpg,400,704
p00,day31/0756.jpg,1101,712
p00,day32/0007.jpg,1238,722
p00,day32/0014.jpg,416,176
p00,day32/0038.jpg,484,295
p00,day32/0043.jpg,783,100
p00,day32/0047.jpg,90,741
p00,day32/0048.jpg,35,488
p00,day32/0050.jpg,1247,435
p00,day32/0066.jpg,655,790
p00,day32/0082.jpg,960,151
p00,day32/0087.jpg,765,507
p00,day32/0092.jpg,1138,372
p00,day32/0108.jpg,928,640
p00,day32/0120.jpg,1108,30
p00,day32/0127.jpg,422,612
p00,day32/0130.jpg,334,55
p00,day32/0141.jpg,62,610
p00,day32/0143.jpg,330,278
p00,day32/0155.jpg,814,404
p00,day32/0160.jpg,96,200
p00,day32/0165.jpg,515,495
p00,day32/0168.jpg,1274,713
p00,day32/0170.jpg,644,19
p00,day32/0173.jpg,993,211
p00,day32/0175.jpg,343,611
p00,day32/0177.jpg,320,477
p00,day32/0179.jpg,1039,403
p00,day32/0198.jpg,54,83
p00,day32/0209.jpg,321,500
p00,day32/0218.jpg,432,602
p00,day32/0229.jpg,579,786
p00,day32/0236.jpg,198,629
p00,day32/0241.jpg,783,217
p00,day32/0250.jpg,668,114
p00,day32/0262.jpg,1271,34
p00,day32/0291.jpg,449,157
p00,day32/0323.jpg,387,116
p00,day32/0331.jpg,572,689
p00,day32/0344.jpg,1225,566
p00,day32/0353.jpg,787,53
p00,day32/0354.jpg,747,284
p00,day32/0379.jpg,1025,286
p00,day32/0392.jpg,485,506
p00,day32/0398.jpg,511,322
p00,day32/0403.jpg,87,142
p00,day32/0411.jpg,1163,756
p00,day32/0421.jpg,120,628
p00,day32/0426.jpg,658,577
p00,day32/0434.jpg,883,681
p00,day32/0441.jpg,531,778
p00,day32/0447.jpg,661,651
p00,day32/0457.jpg,1062,119
p00,day32/0469.jpg,802,215
p00,day32/0483.jpg,1,631
p00,day32/0495.jpg,851,317
p00,day32/0498.jpg,1011,459
p00,day32/0513.jpg,773,219
p00,day32/0514.jpg,1081,771
p00,day33/0001.jpg,697,586
p00,day33/0026.jpg,1143,170
p00,day33/0029.jpg,529,439
p00,day33/0036.jpg,551,97
p00,day33/0053.jpg,832,756
p00,day33/0069.jpg,442,17
p00,day33/0072.jpg,378,607
p00,day33/0078.jpg,355,323
p00,day33/0093.jpg,766,277
p00,day33/0099.jpg,1222,116
p00,day33/0103.jpg,921,94
p00,day33/0107.jpg,1168,746
p00,day33/0119.jpg,295,663
p00,day33/0124.jpg,205,775
p00,day33/0134.jpg,266,55
p00,day33/0139.jpg,1266,137
p00,day33/0161.jpg,905,536
p00,day33/0198.jpg,417,543
p00,day33/0201.jpg,116,334
p00,day33/0207.jpg,919,262
p00,day33/0208.jpg,787,16
p00,day33/0211.jpg,253,652
p00,day33/0230.jpg,1273,479
p00,day33/0238.jpg,832,155
p00,day33/0252.jpg,1247,457
p00,day33/0254.jpg,1141,266
p00,day33/0265.jpg,824,400
p00,day33/0272.jpg,507,292
p00,day33/0280.jpg,356,246
p00,day33/0282.jpg,239,640
p00,day33/0301.jpg,685,772
p00,day33/0325.jpg,515,578
p00,day33/0328.jpg,266,691
p00,day33/0338.jpg,327,541
p00,day33/0350.jpg,963,327
p00,day33/0358.jpg,224,294
p00,day33/0359.jpg,57,185
p00,day33/0365.jpg,546,148
p00,day33/0380.jpg,1069,265
p00,day33/0386.jpg,1265,2
p00,day33/0395.jpg,687,515
p00,day33/0413.jpg,979,176
p00,day33/0420.jpg,663,184
p00,day33/0422.jpg,704,21
p00,day33/0424.jpg,235,724
p00,day33/0438.jpg,314,603
p00,day33/0468.jpg,317,322
p00,day33/0473.jpg,52,136
p00,day33/0487.jpg,326,552
p00,day33/0489.jpg,902,595
p00,day33/0501.jpg,203,488
p00,day33/0513.jpg,371,264
p00,day33/0551.jpg,946,151
p00,day33/0556.jpg,443,124
p00,day33/0579.jpg,969,46
p00,day33/0588.jpg,61,175
p00,day33/0590.jpg,22,200
p00,day33/0596.jpg,335,547
p00,day33/0600.jpg,1081,90
p00,day33/0610.jpg,213,495
p00,day33/0635.jpg,881,521
p00,day33/0636.jpg,287,455
p00,day33/0673.jpg,909,530
p00,day33/0682.jpg,347,432
p00,day33/0693.jpg,46,446
p00,day33/0701.jpg,793,711
p00,day33/0706.jpg,850,14
p00,day33/0710.jpg,336,382
p00,day33/0714.jpg,666,427
p00,day33/0725.jpg,1049,112
p00,day33/0728.jpg,340,406
p00,day33/0741.jpg,779,314
p00,day33/0742.jpg,461,413
p00,day33/0744.jpg,671,76
p00,day33/0746.jpg,191,259
p00,day33/0748.jpg,176,751
p00,day33/0757.jpg,1146,441
p00,day33/0772.jpg,947,332
p00,day33/0779.jpg,429,498
p00,day34/0024.jpg,558,445
p00,day34/0034.jpg,1222,229
p00,day34/0035.jpg,149,27
p00,day34/0057.jpg,376,435
p00,day34/0063.jpg,1018,583
p00,day34/0066.jpg,1220,117
p00,day34/0067.jpg,703,98
p00,day34/0079.jpg,866,74
p00,day34/0083.jpg,1123,565
p00,day34/0085.jpg,598,673
p00,day34/0127.jpg,865,286
p00,day34/0141.jpg,237,217
p00,day34/0145.jpg,175,732
p00,day34/0150.jpg,809,606
p00,day34/0168.jpg,291,102
p00,day34/0169.jpg,518,782
p00,day34/0209.jpg,1060,491
p00,day34/0224.jpg,662,314
p00,day34/0238.jpg,551,285
p00,day34/0250.jpg,108,197
p00,day34/0254.jpg,1062,449
p00,day34/0271.jpg,280,720
p00,day34/0275.jpg,1103,431
p00,day34/0302.jpg,347,282
p00,day34/0306.jpg,540,502
p00,day34/0308.jpg,721,724
p00,day34/0332.jpg,178,386
p00,day34/0338.jpg,541,259
p00,day34/0341.jpg,631,697
p00,day34/0359.jpg,1240,258
p00,day34/0386.jpg,757,623
p00,day34/0391.jpg,1011,766
p00,day34/0396.jpg,844,412
p00,day34/0397.jpg,3,764
p00,day34/0408.jpg,382,331
p00,day34/0420.jpg,1221,358
p00,day34/0423.jpg,1235,652
p00,day34/0436.jpg,271,42
p00,day34/0443.jpg,709,578
p00,day34/0459.jpg,1090,585
p00,day34/0482.jpg,555,650
p00,day34/0483.jpg,395,337
p00,day34/0495.jpg,327,679
p00,day34/0505.jpg,512,578
p00,day34/0506.jpg,692,218
p00,day34/0508.jpg,514,164
p00,day34/0516.jpg,203,780
p00,day34/0528.jpg,847,297
p00,day34/0533.jpg,1024,618
p00,day34/0535.jpg,591,262
p00,day34/0544.jpg,812,307
p00,day34/0559.jpg,327,407
p00,day34/0565.jpg,1058,458
p00,day34/0573.jpg,390,59
p00,day34/0595.jpg,521,77
p00,day34/0608.jpg,771,16
p00,day34/0612.jpg,870,42
p00,day34/0614.jpg,249,81
p00,day34/0626.jpg,226,471
p00,day34/0638.jpg,826,247
p00,day34/0672.jpg,797,327
p00,day34/0677.jpg,846,59
p00,day34/0680.jpg,10,642
p00,day34/0714.jpg,565,319
p00,day34/0718.jpg,103,209
p00,day34/0726.jpg,118,254
p00,day34/0737.jpg,413,187
p00,day34/0752.jpg,922,461
p00,day34/0761.jpg,1142,733
p00,day34/0768.jpg,111,96
p00,day34/0784.jpg,497,198
p00,day34/0807.jpg,1035,780
p00,day34/0833.jpg,367,224
p00,day34/0836.jpg,864,144
p00,day34/0838.jpg,164,488
p00,day35/0002.jpg,1134,382
p00,day35/0003.jpg,512,684
p00,day35/0019.jpg,156,630
p00,day35/0028.jpg,235,210
p00,day35/0041.jpg,158,277
p00,day35/0043.jpg,392,203
p00,day35/0046.jpg,383,549
p00,day35/0057.jpg,101,799
p00,day35/0059.jpg,380,11
p00,day35/0061.jpg,577,193
p00,day35/0069.jpg,1162,713
p00,day35/0107.jpg,497,153
p00,day35/0111.jpg,479,293
p00,day35/0117.jpg,875,28
p00,day35/0135.jpg,413,516
p00,day35/0137.jpg,463,203
p00,day35/0159.jpg,478,707
p00,day35/0160.jpg,598,608
p00,day35/0162.jpg,715,707
p00,day35/0173.jpg,338,641
p00,day35/0183.jpg,1043,401
p00,day35/0193.jpg,850,365
p00,day35/0195.jpg,414,28
p00,day35/0204.jpg,765,238
p00,day35/0231.jpg,725,697
p00,day35/0247.jpg,996,153
p00,day35/0352.jpg,708,7
p00,day35/0360.jpg,250,384
p00,day35/0362.jpg,764,594
p00,day35/0374.jpg,647,475
p00,day35/0397.jpg,746,636
p00,day35/0403.jpg,859,413
p00,day35/0404.jpg,907,363
p00,day35/0423.jpg,383,248
p00,day35/0428.jpg,1156,473
p00,day35/0437.jpg,727,664
p00,day35/0449.jpg,427,234
p00,day35/0453.jpg,883,10
p00,day35/0510.jpg,170,165
p00,day35/0513.jpg,907,503
p00,day35/0548.jpg,281,706
p00,day35/0554.jpg,1079,171
p00,day35/0563.jpg,1086,440
p00,day35/0571.jpg,646,794
p00,day35/0573.jpg,96,474
p00,day35/0577.jpg,90,374
p00,day35/0584.jpg,166,127
p00,day35/0602.jpg,264,331
p00,day35/0610.jpg,343,605
p00,day35/0620.jpg,131,623
p00,day35/0627.jpg,1252,446
p00,day35/0669.jpg,796,339
p00,day35/0674.jpg,265,74
p00,day35/0711.jpg,233,796
p00,day35/0719.jpg,607,3
p00,day35/0756.jpg,357,139
p00,day35/0764.jpg,836,770
p00,day35/0772.jpg,216,738
p00,day35/0776.jpg,840,65
p00,day35/0785.jpg,487,77
p00,day35/0788.jpg,1104,782
p00,day35/0806.jpg,7,4
p00,day35/0811.jpg,929,524
p00,day35/0818.jpg,371,272
p00,day35/0821.jpg,1072,75
p00,day35/0825.jpg,556,644
p00,day35/0840.jpg,4,388
p00,day35/0843.jpg,1176,7
p00,day35/0862.jpg,86,141
p00,day35/0869.jpg,727,656
p00,day35/0883.jpg,385,764
p00,day35/0890.jpg,690,699
p00,day35/0891.jpg,70,427
p00,day35/0892.jpg,479,653
p00,day35/0903.jpg,999,768
p00,day35/0907.jpg,198,278
p00,day35/0919.jpg,881,715
p00,day35/0921.jpg,621,725
p00,day35/0926.jpg,681,187
p00,day35/0928.jpg,1192,654
p00,day35/0945.jpg,98,777
p00,day35/0947.jpg,827,277
p00,day35/0953.jpg,1111,187
p00,day36/0012.jpg,527,600
p00,day36/0015.jpg,885,208
p00,day36/0018.jpg,32,658
p00,day36/0032.jpg,106,337
p00,day36/0044.jpg,181,52
p00,day36/0045.jpg,873,85
p00,day36/0059.jpg,712,779
p00,day36/0065.jpg,366,243
p00,day36/0066.jpg,706,596
p00,day36/0067.jpg,613,68
p00,day36/0069.jpg,702,457
p00,day36/0073.jpg,876,560
p00,day36/0077.jpg,635,606
p00,day36/0086.jpg,927,444
p00,day36/0096.jpg,970,690
p00,day36/0109.jpg,531,655
p00,day36/0114.jpg,595,388
p00,day36/0118.jpg,232,649
p00,day36/0121.jpg,864,44
p00,day36/0130.jpg,817,745
p00,day36/0136.jpg,853,334
p00,day36/0160.jpg,925,56
p00,day36/0167.jpg,140,207
p00,day36/0178.jpg,181,373
p00,day36/0196.jpg,679,85
p00,day36/0200.jpg,1164,787
p00,day36/0228.jpg,1,60
p00,day36/0234.jpg,677,52
p00,day36/0240.jpg,1260,497
p00,day36/0267.jpg,51,306
p00,day36/0272.jpg,88,273
p00,day36/0273.jpg,1191,361
p00,day36/0293.jpg,463,347
p00,day36/0303.jpg,1073,406
p00,day36/0316.jpg,1168,653
p00,day36/0320.jpg,17,372
p00,day36/0322.jpg,634,521
p00,day36/0325.jpg,148,69
p00,day36/0327.jpg,1270,301
p00,day36/0330.jpg,587,728
p00,day36/0358.jpg,1149,91
p00,day36/0363.jpg,1098,431
p00,day36/0365.jpg,941,672
p00,day36/0376.jpg,909,376
p00,day36/0377.jpg,149,709
p00,day36/0382.jpg,202,410
p00,day36/0387.jpg,1035,226
p00,day36/0392.jpg,501,115
p00,day36/0394.jpg,1068,712
p00,day36/0396.jpg,342,764
p00,day36/0412.jpg,1252,40
p00,day36/0414.jpg,897,68
p00,day36/0419.jpg,1133,601
p00,day36/0422.jpg,431,405
p00,day36/0450.jpg,998,736
p00,day36/0462.jpg,1060,84
p00,day36/0473.jpg,1228,775
p00,day36/0492.jpg,76,625
p00,day36/0511.jpg,960,211
p00,day36/0523.jpg,955,703
p00,day36/0525.jpg,976,684
p00,day36/0527.jpg,659,548
p00,day36/0536.jpg,274,455
p00,day36/0546.jpg,1161,345
p00,day36/0558.jpg,1031,352
p00,day36/0560.jpg,754,83
p00,day36/0575.jpg,776,415
p00,day36/0620.jpg,1241,315
p00,day36/0650.jpg,76,114
p00,day36/0681.jpg,22,329
p00,day36/0692.jpg,452,763
p00,day36/0701.jpg,845,117
p00,day36/0705.jpg,1095,559
p00,day36/0706.jpg,170,311
p00,day36/0730.jpg,234,91
p00,day36/0744.jpg,983,794
p00,day36/0750.jpg,472,727
p00,day36/0770.jpg,840,445
p00,day36/0785.jpg,327,497
p00,day36/0788.jpg,1021,92
p00,day36/0798.jpg,521,766
p00,day36/0799.jpg,605,43
p00,day36/0809.jpg,791,349
p00,day36/0817.jpg,585,154
p00,day36/0831.jpg,624,677
p00,day36/0835.jpg,106,168
p00,day36/0843.jpg,1137,448
p00,day36/0852.jpg,668,286
p00,day37/0021.jpg,1236,100
p00,day37/0028.jpg,526,621
p00,day37/0030.jpg,597,130
p00,day37/0047.jpg,538,411
p00,day37/0056.jpg,893,632
p00,day37/0057.jpg,474,494
p00,day37/0060.jpg,1069,25
p00,day37/0063.jpg,920,603
p00,day37/0073.jpg,23,359
p00,day37/0079.jpg,430,294
p00,day37/0091.jpg,685,418
p00,day37/0092.jpg,813,142
p00,day37/0107.jpg,1125,762
p00,day37/0160.jpg,945,456
p00,day37/0162.jpg,1180,528
p00,day37/0163.jpg,684,501
p00,day37/0167.jpg,132,517
p00,day37/0170.jpg,769,141
p00,day37/0205.jpg,763,467
p00,day37/0206.jpg,437,531
p00,day37/0207.jpg,97,214
p00,day37/0212.jpg,786,516
p00,day37/0224.jpg,1032,232
p00,day37/0225.jpg,62,44
p00,day37/0248.jpg,404,640
p00,day37/0259.jpg,568,354
p00,day37/0270.jpg,30,31
p00,day37/0282.jpg,1252,524
p00,day37/0302.jpg,976,755
p00,day37/0303.jpg,310,266
p00,day37/0308.jpg,270,752
p00,day37/0314.jpg,753,513
p00,day37/0315.jpg,333,448
p00,day37/0332.jpg,1169,462
p00,day37/0364.jpg,1265,478
p00,day37/0367.jpg,0,630
p00,day37/0378.jpg,497,519
p00,day37/0388.jpg,1187,54
p00,day37/0398.jpg,1093,398
p00,day37/0424.jpg,1176,714
p00,day37/0430.jpg,721,265
p00,day37/0432.jpg,1066,253
p00,day37/0434.jpg,856,734
p00,day37/0444.jpg,431,427
p00,day37/0445.jpg,272,697
p00,day37/0461.jpg,113,640
p00,day37/0480.jpg,54,138
p00,day37/0485.jpg,433,644
p00,day37/0494.jpg,1194,631
p00,day37/0499.jpg,129,149
p00,day37/0529.jpg,977,194
p00,day37/0531.jpg,1008,574
p00,day37/0551.jpg,370,441
p00,day37/0554.jpg,1116,682
p00,day37/0569.jpg,853,732
p00,day37/0573.jpg,303,372
p00,day37/0587.jpg,294,54
p00,day37/0598.jpg,420,402
p00,day37/0606.jpg,937,147
p00,day37/0609.jpg,1183,572
p00,day37/0622.jpg,930,106
p00,day37/0639.jpg,907,112
p00,day38/0004.jpg,787,672
p00,day38/0015.jpg,1084,197
p00,day38/0017.jpg,861,650
p00,day38/0018.jpg,1212,658
p00,day38/0058.jpg,1011,173
p00,day38/0061.jpg,1004,646
p00,day38/0063.jpg,576,270
p00,day38/0071.jpg,872,80
p00,day38/0092.jpg,1022,409
p00,day38/0101.jpg,1216,55
p00,day38/0102.jpg,1041,593
p00,day38/0105.jpg,645,37
p00,day38/0107.jpg,1244,753
p00,day38/0109.jpg,1078,37
p00,day38/0111.jpg,459,133
p00,day38/0126.jpg,846,97
p00,day38/0151.jpg,207,79
p00,day38/0156.jpg,1163,366
p00,day38/0171.jpg,43,242
p00,day38/0174.jpg,17,267
p00,day38/0179.jpg,665,678
p00,day38/0186.jpg,1172,625
p00,day38/0199.jpg,550,353
p00,day38/0210.jpg,57,425
p00,day38/0213.jpg,834,739
p00,day38/0226.jpg,297,782
p00,day38/0237.jpg,257,115
p00,day38/0238.jpg,445,365
p00,day38/0261.jpg,247,776
p00,day38/0276.jpg,779,576
p00,day38/0277.jpg,579,605
p00,day38/0278.jpg,584,272
p00,day38/0282.jpg,7,672
p00,day38/0286.jpg,397,644
p00,day38/0292.jpg,1003,109
p00,day38/0299.jpg,207,657
p00,day38/0305.jpg,1038,317
p00,day38/0308.jpg,1140,475
p00,day38/0327.jpg,1225,619
p00,day38/0340.jpg,52,110
p00,day38/0344.jpg,916,789
p00,day38/0355.jpg,1055,317
p00,day38/0367.jpg,476,466
p00,day38/0372.jpg,423,80
p00,day38/0383.jpg,710,434
p00,day38/0408.jpg,286,783
p00,day38/0416.jpg,988,635
p00,day38/0434.jpg,700,480
p00,day38/0442.jpg,593,103
p00,day38/0445.jpg,798,521
p00,day38/0455.jpg,778,222
p00,day38/0459.jpg,369,632
p00,day38/0463.jpg,825,227
p00,day38/0477.jpg,167,513
p00,day38/0486.jpg,1096,146
p00,day38/0490.jpg,815,246
p00,day38/0501.jpg,1098,33
p00,day38/0515.jpg,158,8
p00,day38/0522.jpg,151,18
p00,day38/0558.jpg,130,149
p00,day38/0561.jpg,729,364
p00,day38/0566.jpg,317,39
p00,day38/0613.jpg,1094,567
p00,day38/0630.jpg,987,689
p00,day38/0638.jpg,837,664
p00,day38/0640.jpg,980,481
p00,day38/0650.jpg,818,396
p00,day38/0657.jpg,1138,216
p00,day38/0661.jpg,1142,746
p00,day38/0668.jpg,610,665
p00,day38/0694.jpg,1039,228
p00,day38/0702.jpg,11,533
p00,day38/0729.jpg,1181,381
p00,day38/0740.jpg,240,513
p00,day38/0744.jpg,1037,714
p00,day38/0803.jpg,475,376
p00,day38/0807.jpg,440,254
p00,day38/0827.jpg,985,715
p00,day38/0846.jpg,426,324
p00,day38/0856.jpg,1168,81
p00,day38/0859.jpg,1,795
p00,day38/0876.jpg,787,74
p00,day38/0886.jpg,749,477
p00,day38/0910.jpg,693,565
p00,day38/0915.jpg,175,227
p00,day38/0923.jpg,69,528
p00,day38/0946.jpg,771,679
p00,day38/0971.jpg,1119,313
p00,day38/0973.jpg,476,718
p00,day38/0975.jpg,786,5
p00,day38/0981.jpg,768,782
p00,day38/0995.jpg,1027,540
p00,day38/0998.jpg,771,685
p00,day38/1001.jpg,44,30
p00,day38/1011.jpg,946,537
p00,day38/1012.jpg,334,235
p00,day38/1029.jpg,347,245
p00,day38/1079.jpg,1005,103
p00,day38/1083.jpg,203,631
p00,day38/1092.jpg,1176,682
p00,day38/1099.jpg,1035,519
p00,day38/1102.jpg,957,203
p00,day38/1110.jpg,577,709
p00,day38/1123.jpg,227,328
p00,day38/1126.jpg,1180,194
p00,day38/1128.jpg,1231,579
p00,day38/1132.jpg,129,462
p00,day38/1134.jpg,349,161
p00,day38/1136.jpg,724,499
p00,day38/1151.jpg,595,741
p00,day38/1156.jpg,1266,257
p00,day38/1167.jpg,81,713
p00,day38/1175.jpg,1039,353
p00,day38/1180.jpg,513,151
p00,day38/1182.jpg,382,120
p00,day38/1196.jpg,575,209
p00,day38/1210.jpg,442,197
p00,day38/1218.jpg,727,478
p00,day38/1244.jpg,627,278
p00,day38/1261.jpg,219,194
p00,day38/1283.jpg,209,680
p00,day38/1289.jpg,708,744
p00,day38/1291.jpg,151,112
p00,day39/0029.jpg,252,467
p00,day39/0070.jpg,343,465
p00,day39/0079.jpg,845,786
p00,day39/0090.jpg,460,442
p00,day39/0098.jpg,525,417
p00,day39/0100.jpg,798,504
p00,day39/0108.jpg,1124,5
p00,day39/0146.jpg,1190,443
p00,day39/0155.jpg,308,525
p00,day39/0162.jpg,1215,255
p00,day39/0172.jpg,184,757
p00,day39/0220.jpg,490,659
p00,day39/0228.jpg,1153,588
p00,day39/0232.jpg,313,619
p00,day39/0253.jpg,570,719
p00,day39/0285.jpg,459,632
p00,day39/0288.jpg,400,674
p00,day39/0293.jpg,325,64
p00,day39/0308.jpg,196,759
p00,day39/0314.jpg,74,573
p00,day39/0316.jpg,142,204
p00,day39/0317.jpg,48,768
p00,day39/0327.jpg,1102,587
p00,day39/0329.jpg,1262,49
p00,day39/0344.jpg,1002,619
p00,day39/0351.jpg,998,418
p00,day39/0384.jpg,534,155
p00,day39/0390.jpg,744,289
p00,day39/0391.jpg,666,449
p00,day39/0394.jpg,361,773
p00,day39/0407.jpg,146,542
p00,day39/0409.jpg,1106,690
p00,day39/0410.jpg,931,518
p00,day39/0420.jpg,1054,485
p01,day01/0005.jpg,1148,290
p01,day01/0009.jpg,710,875
p01,day01/0010.jpg,1381,571
p01,day01/0011.jpg,236,385
p01,day01/0034.jpg,1300,382
p01,day01/0037.jpg,92,3
p01,day01/0038.jpg,17,758
p01,day01/0048.jpg,891,265
p01,day01/0057.jpg,1413,609
p01,day01/0063.jpg,1007,644
p01,day01/0069.jpg,1196,122
p01,day01/0082.jpg,62,894
p01,day01/0089.jpg,111,285
p01,day01/0092.jpg,406,424
p01,day01/0096.jpg,50,566
p01,day01/0106.jpg,503,334
p01,day01/0114.jpg,295,368
p01,day01/0123.jpg,307,53
p01,day01/0127.jpg,9,390
p01,day01/0134.jpg,703,174
p01,day01/0166.jpg,797,309
p01,day01/0179.jpg,1430,213
p01,day01/0186.jpg,955,76
p01,day01/0193.jpg,1180,884
p01,day01/0197.jpg,1330,698
p01,day01/0199.jpg,1137,883
p01,day01/0212.jpg,118,660
p01,day01/0215.jpg,20,870
p01,day01/0225.jpg,1033,763
p01,day01/0250.jpg,777,310
p01,day01/0261.jpg,614,423
p01,day01/0268.jpg,669,80
p01,day01/0269.jpg,183,124
p01,day01/0275.jpg,1232,70
p01,day01/0277.jpg,1237,528
p01,day01/0288.jpg,1022,692
p01,day01/0294.jpg,622,545
p01,day01/0301.jpg,624,330
p01,day01/0322.jpg,503,543
p01,day01/0323.jpg,467,655
p01,day01/0336.jpg,1395,223
p01,day01/0340.jpg,261,52
p01,day01/0341.jpg,592,576
p01,day01/0354.jpg,65,373
p01,day01/0356.jpg,1321,703
p01,day01/0358.jpg,1185,96
p01,day01/0367.jpg,45,117
p01,day01/0374.jpg,1274,501
p01,day01/0379.jpg,213,684
p01,day01/0392.jpg,1406,568
p01,day01/0401.jpg,686,725
p01,day01/0405.jpg,33,219
p01,day01/0410.jpg,1067,191
p01,day01/0431.jpg,1347,705
p01,day01/0434.jpg,1430,823
p01,day01/0435.jpg,1248,106
p01,day01/0438.jpg,1222,881
p01,day01/0445.jpg,341,431
p01,day01/0448.jpg,1256,733
p01,day01/0455.jpg,1082,191
p01,day01/0474.jpg,406,899
p01,day01/0486.jpg,772,218
p01,day01/0497.jpg,447,477
p01,day01/0504.jpg,438,99
p01,day02/0001.jpg,1024,181
p01,day02/0028.jpg,1357,55
p01,day02/0037.jpg,1428,666
p01,day02/0053.jpg,1433,615
p01,day02/0066.jpg,848,704
p01,day02/0074.jpg,1279,315
p01,day02/0075.jpg,1307,780
p01,day02/0077.jpg,979,866
p01,day02/0081.jpg,1083,172
p01,day02/0099.jpg,1014,49
p01,day02/0104.jpg,1086,825
p01,day02/0115.jpg,432,172
p01,day02/0126.jpg,302,892
p01,day02/0129.jpg,820,793
p01,day02/0130.jpg,613,436
p01,day02/0134.jpg,814,405
p01,day02/0137.jpg,1428,9
p01,day02/0141.jpg,17,36
p01,day02/0143.jpg,1038,681
p01,day02/0147.jpg,1205,62
p01,day02/0182.jpg,143,287
p01,day02/0184.jpg,223,251
p01,day02/0188.jpg,1409,567
p01,day02/0219.jpg,667,208
p01,day03/0015.jpg,202,783
p01,day03/0016.jpg,675,818
p01,day03/0024.jpg,70,707
p01,day03/0027.jpg,1394,418
p01,day03/0036.jpg,1373,606
p01,day03/0037.jpg,315,201
p01,day03/0046.jpg,463,39
p01,day03/0070.jpg,134,418
p01,day03/0079.jpg,177,301
p01,day03/0084.jpg,1388,873
p01,day03/0085.jpg,909,755
p01,day03/0086.jpg,457,719
p01,day03/0097.jpg,803,85
p01,day03/0102.jpg,169,175
p01,day03/0118.jpg,793,30
p01,day03/0121.jpg,861,343
p01,day03/0127.jpg,271,207
p01,day03/0148.jpg,335,404
p01,day03/0149.jpg,804,653
p01,day03/0151.jpg,568,41
p01,day03/0152.jpg,319,758
p01,day03/0200.jpg,1248,618
p01,day03/0201.jpg,659,387
p01,day03/0209.jpg,961,286
p01,day03/0240.jpg,714,810
p01,day03/0245.jpg,1001,609
p01,day03/0258.jpg,816,571
p01,day03/0284.jpg,1054,80
p01,day03/0309.jpg,250,822
p01,day03/0323.jpg,1300,580
p01,day03/0324.jpg,76,70
p01,day03/0331.jpg,413,215
p01,day03/0340.jpg,542,178
p01,day03/0347.jpg,171,26
p01,day03/0352.jpg,1329,877
p01,day03/0354.jpg,433,406
p01,day03/0361.jpg,1347,716
p01,day03/0367.jpg,442,451
p01,day03/0378.jpg,971,684
p01,day03/0382.jpg,1109,12
p01,day03/0386.jpg,256,143
p01,day03/0405.jpg,238,10
p01,day03/0409.jpg,172,133
p01,day03/0413.jpg,62,307
p01,day03/0414.jpg,1217,182
p01,day03/0417.jpg,1414,652
p01,day03/0421.jpg,1046,30
p01,day03/0436.jpg,498,453
p01,day03/0440.jpg,905,226
p01,day03/0441.jpg,724,759
p01,day03/0445.jpg,896,713
p01,day03/0446.jpg,1217,175
p01,day03/0478.jpg,939,152
p01,day03/0479.jpg,1201,320
p01,day03/0497.jpg,852,170
p01,day03/0500.jpg,225,610
p01,day03/0507.jpg,266,670
p01,day03/0516.jpg,655,332
p01,day03/0524.jpg,802,558
p01,day03/0534.jpg,476,746
p01,day03/0535.jpg,1242,341
p01,day03/0537.jpg,382,739
p01,day03/0538.jpg,469,31
p01,day03/0559.jpg,1123,17
p01,day04/0024.jpg,396,767
p01,day04/0027.jpg,120,270
p01,day04/0031.jpg,410,68
p01,day04/0038.jpg,1433,85
p01,day04/0045.jpg,526,124
p01,day04/0047.jpg,1356,113
p01,day04/0050.jpg,1268,649
p01,day04/0060.jpg,430,430
p01,day04/0062.jpg,1160,245
p01,day04/0073.jpg,1043,572
p01,day04/0077.jpg,890,114
p01,day04/0090.jpg,427,425
p01,day04/0103.jpg,1075,45
p01,day04/0111.jpg,199,88
p01,day04/0112.jpg,26,277
p01,day04/0122.jpg,258,127
p01,day04/0123.jpg,659,635
p01,day04/0132.jpg,218,642
p01,day04/0138.jpg,1285,223
p01,day04/0146.jpg,451,571
p01,day04/0149.jpg,542,80
p01,day04/0151.jpg,1425,465
p01,day04/0180.jpg,157,107
p01,day04/0183.jpg,1106,48
p01,day04/0186.jpg,788,58
p01,day04/0199.jpg,11,870
p01,day04/0205.jpg,993,89
p01,day04/0206.jpg,1090,347
p01,day04/0212.jpg,198,664
p01,day04/0223.jpg,627,198
p01,day04/0239.jpg,934,400
p01,day04/0246.jpg,937,306
p01,day04/0250.jpg,478,812
p01,day04/0257.jpg,1370,761
p01,day04/0260.jpg,380,76
p01,day04/0266.jpg,154,245
p01,day04/0272.jpg,945,13
p01,day04/0276.jpg,474,333
p01,day04/0285.jpg,237,586
p01,day04/0290.jpg,32,250
p01,day04/0302.jpg,614,106
p01,day04/0308.jpg,204,436
p01,day04/0335.jpg,92,437
p01,day04/0342.jpg,1416,880
p01,day04/0345.jpg,641,827
p01,day04/0357.jpg,969,807
p01,day04/0361.jpg,914,636
p01,day04/0368.jpg,793,522
p01,day04/0414.jpg,469,69
p01,day04/0418.jpg,1292,876
p01,day04/0446.jpg,866,48
p01,day04/0453.jpg,1275,505
p01,day04/0466.jpg,716,343
p01,day04/0469.jpg,1349,214
p01,day04/0472.jpg,1363,27
p01,day04/0497.jpg,910,677
p01,day04/0499.jpg,1145,35
p01,day04/0524.jpg,958,24
p01,day04/0546.jpg,884,459
p01,day04/0551.jpg,234,602
p01,day04/0564.jpg,787,623
p01,day04/0568.jpg,899,801
p01,day04/0582.jpg,603,328
p01,day04/0599.jpg,1411,77
p01,day04/0603.jpg,989,264
p01,day04/0605.jpg,637,117
p01,day04/0608.jpg,462,57
p01,day04/0613.jpg,1145,526
p01,day04/0632.jpg,1067,714
p01,day04/0640.jpg,105,150
p01,day04/0645.jpg,1051,631
p01,day04/0655.jpg,751,802
p01,day04/0667.jpg,433,809
p01,day04/0668.jpg,1415,726
p01,day05/0005.jpg,11,234
p01,day05/0016.jpg,364,224
p01,day05/0017.jpg,406,136
p01,day05/0021.jpg,777,309
p01,day05/0046.jpg,379,434
p01,day05/0047.jpg,87,343
p01,day05/0064.jpg,161,616
p01,day06/0001.jpg,218,447
p01,day06/0010.jpg,90,502
p01,day06/0028.jpg,503,198
p01,day06/0032.jpg,582,289
p01,day06/0038.jpg,1223,9
p01,day06/0051.jpg,158,491
p01,day06/0053.jpg,1364,474
p01,day06/0055.jpg,1321,264
p01,day06/0066.jpg,1077,762
p01,day06/0067.jpg,1352,165
p01,day06/0072.jpg,469,257
p01,day06/0079.jpg,1314,700
p01,day06/0091.jpg,692,117
p01,day06/0105.jpg,1247,447
p01,day06/0113.jpg,835,99
p01,day06/0117.jpg,147,166
p01,day06/0118.jpg,682,780
p01,day06/0177.jpg,720,374
p01,day06/0178.jpg,51,116
p01,day06/0190.jpg,754,132
p01,day06/0192.jpg,372,541
p01,day06/0193.jpg,210,492
p01,day06/0197.jpg,711,482
p01,day06/0201.jpg,128,20
p01,day06/0203.jpg,108,305
p01,day06/0211.jpg,1359,428
p01,day06/0218.jpg,209,400
p01,day06/0222.jpg,603,536
p01,day06/0248.jpg,1062,763
p01,day06/0255.jpg,1317,848
p01,day06/0257.jpg,619,16
p01,day06/0260.jpg,282,317
p01,day06/0264.jpg,569,865
p01,day06/0274.jpg,645,603
p01,day06/0275.jpg,907,648
p01,day06/0287.jpg,928,366
p01,day06/0318.jpg,1415,536
p01,day06/0329.jpg,900,116
p01,day06/0335.jpg,257,33
p01,day06/0353.jpg,1227,848
p01,day06/0357.jpg,1022,805
p01,day06/0371.jpg,299,579
p01,day06/0372.jpg,1359,587
p01,day06/0375.jpg,851,827
p01,day06/0382.jpg,163,67
p01,day06/0383.jpg,666,849
p01,day06/0388.jpg,1114,655
p01,day06/0406.jpg,680,176
p01,day07/0006.jpg,1263,683
p01,day07/0012.jpg,240,605
p01,day07/0015.jpg,100,333
p01,day07/0020.jpg,344,241
p01,day07/0029.jpg,1318,883
p01,day07/0049.jpg,732,418
p01,day07/0059.jpg,730,542
p01,day07/0077.jpg,1285,893
p01,day07/0118.jpg,910,701
p01,day07/0121.jpg,645,411
p01,day07/0126.jpg,570,145
p01,day07/0138.jpg,657,39
p01,day07/0140.jpg,562,575
p01,day07/0149.jpg,171,269
p01,day07/0153.jpg,362,95
p01,day07/0160.jpg,385,582
p01,day07/0169.jpg,147,599
p01,day07/0176.jpg,627,816
p01,day07/0198.jpg,840,733
p01,day07/0204.jpg,884,608
p01,day07/0210.jpg,906,516
p01,day07/0217.jpg,532,206
p01,day07/0220.jpg,460,255
p01,day07/0226.jpg,298,626
p01,day07/0235.jpg,451,273
p01,day07/0236.jpg,1334,356
p01,day07/0240.jpg,1391,420
p01,day07/0242.jpg,1285,51
p01,day07/0253.jpg,340,410
p01,day07/0264.jpg,79,882
p01,day07/0280.jpg,1369,753
p01,day07/0288.jpg,1296,267
p01,day07/0289.jpg,1024,749
p01,day07/0293.jpg,1051,306
p01,day07/0306.jpg,1081,604
p01,day07/0308.jpg,58,18
p01,day07/0310.jpg,542,228
p01,day07/0313.jpg,819,222
p01,day07/0320.jpg,517,114
p01,day08/0001.jpg,26,728
p01,day08/0004.jpg,805,132
p01,day08/0014.jpg,201,828
p01,day08/0016.jpg,744,798
p01,day08/0027.jpg,189,680
p01,day08/0032.jpg,767,896
p01,day08/0036.jpg,1302,183
p01,day08/0043.jpg,1200,201
p01,day08/0045.jpg,8,662
p01,day08/0048.jpg,32,69
p01,day08/0064.jpg,23,869
p01,day08/0069.jpg,199,209
p01,day08/0070.jpg,1169,78
p01,day08/0072.jpg,1022,541
p01,day08/0086.jpg,947,385
p01,day08/0087.jpg,1436,740
p01,day08/0088.jpg,684,270
p01,day08/0097.jpg,875,34
p01,day08/0101.jpg,434,452
p01,day08/0107.jpg,805,443
p01,day08/0124.jpg,729,278
p01,day08/0138.jpg,870,333
p01,day08/0139.jpg,152,822
p01,day08/0147.jpg,598,740
p01,day08/0155.jpg,913,190
p01,day09/0002.jpg,1002,262
p01,day09/0011.jpg,511,692
p01,day09/0014.jpg,360,707
p01,day09/0033.jpg,63,128
p01,day09/0054.jpg,58,526
p01,day10/0005.jpg,886,381
p01,day10/0009.jpg,151,399
p01,day10/0012.jpg,496,19
p01,day10/0021.jpg,31,870
p01,day10/0023.jpg,238,781
p01,day10/0035.jpg,1420,512
p01,day10/0037.jpg,1159,702
p01,day10/0047.jpg,1001,864
p01,day10/0048.jpg,1083,53
p01,day10/0049.jpg,1436,471
p01,day10/0056.jpg,693,211
p01,day10/0065.jpg,795,788
p01,day10/0075.jpg,1169,549
p01,day10/0079.jpg,882,690
p01,day10/0083.jpg,371,743
p01,day10/0086.jpg,186,164
p01,day10/0102.jpg,732,769
p01,day10/0105.jpg,650,612
p01,day10/0117.jpg,85,268
p01,day10/0126.jpg,1005,634
p01,day10/0129.jpg,403,223
p01,day10/0135.jpg,650,881
p01,day10/0138.jpg,734,734
p01,day10/0160.jpg,1262,260
p01,day10/0163.jpg,656,218
p01,day10/0171.jpg,35,494
p01,day10/0172.jpg,1074,828
p01,day10/0176.jpg,1360,579
p01,day10/0178.jpg,408,373
p01,day10/0197.jpg,924,335
p01,day10/0214.jpg,644,832
p01,day11/0001.jpg,1058,128
p01,day11/0002.jpg,1408,671
p01,day11/0019.jpg,208,332
p01,day11/0027.jpg,150,811
p01,day11/0048.jpg,1307,234
p01,day11/0053.jpg,412,290
p01,day11/0066.jpg,1298,172
p01,day11/0079.jpg,707,870
p01,day11/0085.jpg,83,775
p01,day11/0087.jpg,21,459
p01,day11/0090.jpg,877,94
p01,day11/0100.jpg,1214,10
p01,day11/0112.jpg,140,757
p01,day11/0122.jpg,1252,546
p01,day11/0127.jpg,482,57
p01,day11/0129.jpg,283,128
p01,day11/0132.jpg,1025,684
p01,day11/0136.jpg,103,610
p01,day11/0163.jpg,976,421
p01,day11/0167.jpg,369,505
p01,day11/0169.jpg,642,129
p01,day11/0195.jpg,256,655
p01,day12/0009.jpg,1189,464
p01,day12/0011.jpg,1307,544
p01,day12/0016.jpg,143,311
p01,day12/0025.jpg,293,190
p01,day12/0026.jpg,603,765
p01,day12/0028.jpg,318,768
p01,day12/0062.jpg,782,848
p01,day12/0068.jpg,748,301
p01,day12/0071.jpg,787,798
p01,day12/0080.jpg,1380,370
p01,day12/0085.jpg,995,754
p01,day12/0090.jpg,1341,356
p01,day12/0092.jpg,866,559
p01,day12/0103.jpg,436,332
p01,day12/0115.jpg,730,86
p01,day12/0128.jpg,1307,114
p01,day12/0129.jpg,25,258
p01,day12/0131.jpg,913,705
p01,day12/0150.jpg,987,15
p01,day12/0153.jpg,288,301
p01,day12/0157.jpg,1004,515
p01,day12/0168.jpg,318,699
p01,day12/0170.jpg,746,6
p01,day12/0174.jpg,137,267
p01,day12/0181.jpg,911,364
p01,day12/0188.jpg,286,113
p01,day12/0190.jpg,577,797
p01,day12/0208.jpg,1057,145
p01,day12/0209.jpg,983,147
p01,day12/0210.jpg,1395,688
p01,day12/0218.jpg,183,791
p01,day12/0229.jpg,939,778
p01,day12/0230.jpg,1380,746
p01,day12/0246.jpg,564,836
p01,day12/0257.jpg,545,575
p01,day12/0260.jpg,65,355
p01,day12/0262.jpg,768,615
p01,day12/0275.jpg,1265,20
p01,day12/0288.jpg,1050,274
p01,day12/0291.jpg,700,370
p01,day12/0301.jpg,1117,667
p01,day12/0308.jpg,674,660
p01,day12/0321.jpg,669,359
p01,day12/0324.jpg,978,595
p01,day12/0327.jpg,923,523
p01,day12/0334.jpg,1323,730
p01,day12/0337.jpg,746,438
p01,day12/0341.jpg,825,215
p01,day12/0349.jpg,543,654
p01,day12/0381.jpg,245,635
p01,day12/0387.jpg,1096,37
p01,day12/0393.jpg,746,256
p01,day12/0400.jpg,131,680
p01,day12/0409.jpg,1161,763
p01,day12/0414.jpg,846,727
p01,day12/0415.jpg,316,340
p01,day12/0428.jpg,21,657
p01,day12/0439.jpg,1298,469
p01,day12/0444.jpg,122,847
p01,day12/0445.jpg,1309,531
p01,day12/0450.jpg,1196,409
p01,day12/0453.jpg,428,326
p01,day12/0460.jpg,499,83
p01,day12/0461.jpg,610,64
p01,day12/0467.jpg,1041,498
p01,day12/0475.jpg,294,669
p01,day12/0483.jpg,66,240
p01,day12/0489.jpg,327,508
p01,day12/0499.jpg,1435,565
p01,day12/0500.jpg,56,72
p01,day12/0503.jpg,1388,582
p01,day12/0507.jpg,723,67
p01,day12/0512.jpg,379,381
p01,day12/0516.jpg,353,613
p01,day12/0538.jpg,284,115
p01,day12/0542.jpg,16,205
p01,day12/0544.jpg,222,229
p01,day12/0550.jpg,1208,825
p01,day12/0559.jpg,1226,1
p01,day12/0564.jpg,1103,168
p01,day12/0570.jpg,567,218
p01,day12/0577.jpg,917,839
p01,day12/0581.jpg,273,97
p01,day13/0003.jpg,253,596
p01,day13/0006.jpg,1236,143
p01,day13/0008.jpg,794,358
p01,day13/0055.jpg,445,673
p01,day13/0057.jpg,575,455
p01,day13/0069.jpg,799,572
p01,day13/0076.jpg,294,614
p01,day13/0080.jpg,488,353
p01,day13/0082.jpg,462,651
p01,day13/0083.jpg,415,52
p01,day13/0090.jpg,521,477
p01,day13/0107.jpg,151,190
p01,day13/0109.jpg,94,761
p01,day13/0117.jpg,420,644
p01,day13/0130.jpg,66,883
p01,day13/0132.jpg,318,20
p01,day13/0135.jpg,271,38
p01,day13/0143.jpg,660,278
p01,day13/0144.jpg,1036,602
p01,day13/0155.jpg,289,303
p01,day13/0157.jpg,308,783
p01,day13/0189.jpg,308,781
p01,day13/0191.jpg,1249,500
p01,day13/0197.jpg,926,597
p01,day14/0007.jpg,540,200
p01,day14/0033.jpg,1240,273
p01,day14/0052.jpg,740,582
p01,day14/0061.jpg,1414,722
p01,day14/0063.jpg,981,431
p01,day14/0064.jpg,880,37
p01,day14/0070.jpg,464,745
p01,day14/0078.jpg,730,649
p01,day14/0086.jpg,573,188
p01,day14/0087.jpg,1202,161
p01,day14/0088.jpg,1362,387
p01,day14/0091.jpg,1259,642
p01,day14/0100.jpg,731,239
p01,day14/0108.jpg,1303,478
p01,day14/0124.jpg,90,412
p01,day14/0138.jpg,1166,186
p01,day14/0143.jpg,880,320
p01,day14/0154.jpg,250,454
p01,day14/0165.jpg,996,184
p01,day14/0187.jpg,1415,398
p01,day14/0198.jpg,110,473
p01,day14/0206.jpg,37,248
p01,day14/0209.jpg,163,99
p01,day14/0229.jpg,309,127
p01,day14/0238.jpg,291,25
p01,day14/0255.jpg,804,120
p01,day14/0258.jpg,143,757
p01,day14/0262.jpg,1225,402
p01,day14/0275.jpg,665,203
p01,day14/0301.jpg,1274,896
p01,day15/0015.jpg,156,873
p01,day15/0016.jpg,1246,111
p01,day15/0027.jpg,802,204
p01,day15/0040.jpg,386,394
p01,day15/0043.jpg,927,194
p01,day15/0044.jpg,527,25
p01,day15/0053.jpg,1005,786
p01,day15/0071.jpg,840,488
p01,day15/0076.jpg,1145,479
p01,day15/0086.jpg,122,256
p01,day15/0090.jpg,785,759
p01,day15/0096.jpg,289,29
p01,day15/0098.jpg,723,131
p01,day15/0110.jpg,6,665
p01,day15/0115.jpg,1188,788
p01,day15/0118.jpg,1006,41
p01,day15/0138.jpg,805,389
p01,day15/0149.jpg,772,5
p01,day15/0151.jpg,1150,658
p01,day15/0162.jpg,49,416
p01,day15/0167.jpg,887,557
p01,day15/0185.jpg,623,85
p01,day15/0197.jpg,1343,426
p01,day15/0198.jpg,1129,702
p01,day15/0206.jpg,959,282
p01,day15/0208.jpg,1346,401
p01,day15/0211.jpg,597,486
p01,day15/0213.jpg,588,526
p01,day15/0216.jpg,1226,268
p01,day15/0225.jpg,964,416
p01,day15/0234.jpg,1211,311
p01,day15/0239.jpg,526,296
p01,day15/0247.jpg,1061,315
p01,day15/0252.jpg,679,725
p01,day15/0263.jpg,754,858
p01,day15/0265.jpg,1238,591
p01,day15/0267.jpg,1038,772
p01,day15/0276.jpg,538,832
p01,day15/0279.jpg,744,230
p01,day15/0291.jpg,553,263
p01,day15/0309.jpg,786,98
p01,day15/0322.jpg,593,845
p01,day15/0326.jpg,33,702
p01,day15/0334.jpg,316,426
p01,day15/0335.jpg,819,433
p01,day15/0357.jpg,837,299
p01,day15/0362.jpg,395,172
p01,day15/0373.jpg,964,893
p01,day15/0383.jpg,1347,498
p01,day15/0385.jpg,92,29
p01,day15/0388.jpg,1436,507
p01,day15/0398.jpg,790,547
p01,day15/0401.jpg,1329,337
p01,day15/0402.jpg,862,481
p01,day15/0406.jpg,141,643
p01,day15/0408.jpg,1212,182
p01,day15/0419.jpg,623,406
p01,day15/0428.jpg,1025,797
p01,day15/0430.jpg,221,560
p01,day15/0440.jpg,505,842
p01,day15/0460.jpg,755,722
p01,day15/0478.jpg,396,654
p01,day15/0481.jpg,382,298
p01,day15/0484.jpg,1068,355
p01,day15/0496.jpg,297,117
p01,day15/0497.jpg,865,130
p01,day15/0516.jpg,627,32
p01,day15/0521.jpg,248,557
p01,day15/0522.jpg,952,511
p01,day15/0526.jpg,620,770
p01,day15/0528.jpg,315,846
p01,day16/0005.jpg,763,886
p01,day16/0008.jpg,510,269
p01,day16/0012.jpg,75,731
p01,day16/0017.jpg,384,37
p01,day16/0019.jpg,556,133
p01,day16/0025.jpg,1058,196
p01,day16/0028.jpg,896,369
p01,day16/0036.jpg,427,112
p01,day16/0058.jpg,499,871
p01,day16/0064.jpg,1085,32
p01,day16/0076.jpg,613,544
p01,day16/0083.jpg,619,661
p01,day16/0089.jpg,1340,658
p01,day16/0096.jpg,1250,392
p01,day16/0107.jpg,252,153
p01,day16/0127.jpg,1002,545
p01,day16/0131.jpg,858,344
p01,day16/0134.jpg,643,605
p01,day16/0147.jpg,331,233
p01,day16/0158.jpg,799,61
p01,day16/0159.jpg,1230,631
p01,day16/0163.jpg,859,276
p01,day16/0177.jpg,1399,760
p01,day16/0201.jpg,432,148
p01,day16/0214.jpg,27,155
p01,day16/0234.jpg,1212,145
p01,day16/0240.jpg,1021,523
p01,day16/0241.jpg,439,42
p01,day16/0255.jpg,1002,250
p01,day16/0260.jpg,844,97
p01,day16/0261.jpg,952,366
p01,day16/0262.jpg,62,349
p01,day16/0270.jpg,1041,379
p01,day16/0276.jpg,1226,694
p01,day16/0291.jpg,1249,529
p01,day16/0298.jpg,1159,204
p01,day16/0302.jpg,852,387
p01,day16/0308.jpg,649,763
p01,day16/0311.jpg,1350,328
p01,day16/0316.jpg,498,75
p01,day16/0324.jpg,723,36
p01,day16/0325.jpg,86,266
p01,day16/0347.jpg,1361,359
p01,day16/0353.jpg,684,887
p01,day16/0364.jpg,633,502
p01,day16/0375.jpg,630,428
p01,day16/0378.jpg,207,390
p01,day16/0379.jpg,1179,189
p01,day17/0005.jpg,1306,20
p01,day17/0006.jpg,1235,827
p01,day17/0007.jpg,508,517
p01,day17/0011.jpg,1404,12
p01,day17/0016.jpg,708,677
p01,day17/0025.jpg,1403,764
p01,day17/0026.jpg,128,296
p01,day17/0034.jpg,624,609
p01,day17/0043.jpg,559,124
p01,day17/0046.jpg,531,86
p01,day17/0052.jpg,1067,748
p01,day17/0061.jpg,947,26
p01,day17/0063.jpg,792,606
p01,day17/0064.jpg,627,799
p01,day17/0070.jpg,301,3
p01,day17/0081.jpg,387,205
p01,day17/0090.jpg,1056,841
p01,day17/0096.jpg,747,381
p01,day17/0100.jpg,671,514
p01,day17/0106.jpg,244,112
p01,day17/0127.jpg,540,305
p01,day17/0129.jpg,1303,109
p01,day17/0134.jpg,1119,172
p01,day17/0142.jpg,427,597
p01,day17/0162.jpg,40,225
p01,day17/0171.jpg,390,43
p01,day17/0192.jpg,939,747
p01,day17/0194.jpg,1310,41
p01,day17/0198.jpg,977,8
p01,day17/0200.jpg,532,151
p01,day17/0204.jpg,483,190
p01,day17/0206.jpg,671,469
p01,day17/0215.jpg,323,691
p01,day17/0223.jpg,473,184
p01,day17/0235.jpg,708,31
p01,day17/0236.jpg,803,538
p01,day17/0253.jpg,723,548
p01,day17/0254.jpg,854,694
p01,day17/0265.jpg,196,740
p01,day17/0270.jpg,755,378
p01,day17/0271.jpg,81,472
p01,day17/0281.jpg,785,872
p01,day17/0284.jpg,646,65
p01,day17/0294.jpg,1368,569
p01,day17/0302.jpg,800,862
p01,day17/0303.jpg,1118,218
p01,day17/0306.jpg,1381,311
p01,day17/0314.jpg,653,54
p01,day17/0318.jpg,45,672
p01,day17/0328.jpg,171,821
p01,day17/0336.jpg,1229,180
p01,day17/0342.jpg,1407,665
p01,day17/0348.jpg,744,140
p01,day17/0351.jpg,494,715
p01,day17/0391.jpg,47,621
p01,day17/0392.jpg,598,52
p01,day17/0400.jpg,575,66
p01,day17/0402.jpg,639,825
p01,day17/0404.jpg,1002,418
p01,day17/0410.jpg,1039,885
p01,day17/0425.jpg,551,507
p01,day17/0439.jpg,987,63
p01,day17/0445.jpg,18,871
p01,day17/0455.jpg,377,327
p01,day17/0467.jpg,119,47
p01,day17/0474.jpg,1056,137
p01,day17/0479.jpg,1412,67
p01,day17/0485.jpg,98,720
p01,day17/0488.jpg,622,780
p01,day17/0491.jpg,185,352
p01,day17/0493.jpg,79,165
p01,day17/0498.jpg,172,262
p01,day17/0509.jpg,1369,689
p01,day17/0511.jpg,1095,267
p01,day17/0512.jpg,1072,328
p01,day17/0517.jpg,774,688
p01,day17/0525.jpg,1248,277
p01,day17/0531.jpg,930,465
p01,day17/0543.jpg,1380,82
p01,day17/0545.jpg,458,570
p01,day17/0551.jpg,401,40
p01,day17/0553.jpg,831,455
p01,day17/0563.jpg,411,876
p01,day18/0003.jpg,1165,576
p01,day18/0007.jpg,566,628
p01,day18/0017.jpg,1157,683
p01,day18/0039.jpg,464,375
p01,day18/0048.jpg,1165,421
p01,day18/0065.jpg,1384,375
p01,day18/0075.jpg,890,703
p01,day19/0012.jpg,882,61
p01,day19/0016.jpg,403,579
p01,day19/0029.jpg,647,458
p01,day19/0030.jpg,1179,152
p01,day19/0040.jpg,455,17
p01,day19/0049.jpg,474,309
p01,day19/0056.jpg,1182,716
p01,day19/0062.jpg,438,166
p01,day19/0069.jpg,969,734
p01,day19/0078.jpg,1334,338
p01,day19/0080.jpg,434,209
p01,day19/0086.jpg,751,75
p01,day19/0105.jpg,1187,449
p01,day19/0130.jpg,53,104
p01,day19/0139.jpg,144,40
p01,day19/0142.jpg,1247,540
p01,day19/0146.jpg,1257,80
p01,day19/0154.jpg,196,858
p01,day19/0165.jpg,628,544
p01,day19/0177.jpg,85,602
p01,day19/0179.jpg,404,416
p01,day19/0185.jpg,445,180
p01,day19/0186.jpg,110,288
p01,day19/0195.jpg,46,668
p01,day19/0196.jpg,1232,458
p01,day19/0197.jpg,1221,419
p01,day19/0198.jpg,699,486
p01,day19/0199.jpg,1048,611
p01,day20/0010.jpg,265,503
p01,day20/0022.jpg,423,119
p01,day20/0032.jpg,151,648
p01,day20/0038.jpg,96,847
p01,day20/0042.jpg,585,65
p01,day20/0048.jpg,1369,468
p01,day20/0061.jpg,835,539
p01,day20/0082.jpg,864,471
p01,day20/0087.jpg,566,344
p01,day20/0091.jpg,777,21
p01,day20/0097.jpg,1329,423
p01,day20/0105.jpg,1099,714
p01,day20/0110.jpg,1144,557
p01,day20/0118.jpg,1337,743
p01,day20/0119.jpg,710,602
p01,day20/0121.jpg,1059,82
p01,day20/0124.jpg,389,5
p01,day20/0136.jpg,568,660
p01,day20/0158.jpg,1349,678
p01,day20/0160.jpg,907,663
p01,day20/0172.jpg,1100,63
p01,day20/0173.jpg,92,381
p01,day20/0176.jpg,612,113
p01,day20/0179.jpg,739,624
p01,day20/0190.jpg,693,547
p01,day20/0200.jpg,439,390
p01,day20/0202.jpg,968,9
p01,day20/0203.jpg,1281,746
p01,day20/0225.jpg,731,698
p01,day20/0250.jpg,1214,827
p01,day20/0251.jpg,651,93
p01,day20/0255.jpg,81,493
p01,day20/0256.jpg,533,98
p01,day20/0277.jpg,1411,104
p01,day20/0291.jpg,1243,38
p01,day20/0297.jpg,594,794
p01,day20/0309.jpg,481,307
p01,day20/0319.jpg,470,530
p01,day20/0335.jpg,396,436
p01,day20/0349.jpg,668,455
p01,day20/0350.jpg,1334,23
p01,day20/0355.jpg,98,406
p01,day20/0359.jpg,1204,585
p01,day20/0366.jpg,421,243
p01,day20/0370.jpg,610,659
p01,day20/0375.jpg,1347,516
p01,day20/0377.jpg,1170,742
p01,day20/0388.jpg,1394,272
p01,day20/0393.jpg,1334,247
p01,day20/0400.jpg,187,22
p01,day20/0414.jpg,560,742
p01,day20/0418.jpg,934,303
p01,day20/0422.jpg,1319,230
p01,day20/0426.jpg,1265,239
p01,day20/0431.jpg,1079,245
p01,day20/0439.jpg,874,584
p01,day20/0450.jpg,1068,484
p01,day20/0456.jpg,966,440
p01,day20/0458.jpg,815,549
p01,day20/0466.jpg,1049,77
p01,day20/0477.jpg,564,849
p01,day20/0479.jpg,864,408
p01,day20/0485.jpg,838,637
p01,day20/0487.jpg,1117,423
p01,day20/0489.jpg,1327,342
p01,day20/0495.jpg,443,499
p01,day20/0498.jpg,1019,46
p01,day20/0505.jpg,385,731
p01,day20/0517.jpg,778,849
p01,day20/0523.jpg,1031,882
p01,day20/0532.jpg,640,32
p01,day20/0535.jpg,890,700
p01,day20/0547.jpg,1339,845
p01,day20/0551.jpg,734,389
p01,day20/0565.jpg,67,571
p01,day20/0570.jpg,168,753
p01,day20/0572.jpg,582,268
p01,day20/0574.jpg,1264,633
p01,day20/0580.jpg,645,350
p01,day20/0589.jpg,784,789
p01,day21/0003.jpg,1060,97
p01,day21/0010.jpg,922,424
p01,day21/0036.jpg,538,3
p01,day21/0060.jpg,784,597
p01,day21/0064.jpg,941,373
p01,day21/0068.jpg,187,782
p01,day21/0070.jpg,913,452
p01,day21/0071.jpg,128,207
p01,day21/0077.jpg,1431,496
p01,day21/0085.jpg,992,833
p01,day21/0091.jpg,422,540
p01,day21/0092.jpg,646,623
p01,day21/0103.jpg,1265,226
p01,day21/0105.jpg,1027,812
p01,day21/0118.jpg,1044,566
p01,day21/0120.jpg,637,724
p01,day21/0121.jpg,2,876
p01,day21/0131.jpg,282,113
p01,day21/0145.jpg,504,374
p01,day21/0156.jpg,680,334
p01,day21/0157.jpg,875,185
p01,day21/0165.jpg,1100,600
p01,day21/0176.jpg,1063,614
p01,day21/0204.jpg,1323,863
p01,day21/0205.jpg,442,450
p01,day21/0217.jpg,602,828
p01,day21/0229.jpg,666,676
p01,day21/0234.jpg,324,188
p01,day21/0238.jpg,618,626
p01,day21/0249.jpg,11,467
p01,day21/0254.jpg,636,747
p01,day21/0282.jpg,177,19
p01,day21/0287.jpg,864,684
p01,day21/0301.jpg,642,75
p01,day22/0005.jpg,602,648
p01,day22/0011.jpg,1088,54
p01,day22/0017.jpg,974,567
p01,day22/0020.jpg,909,268
p01,day22/0024.jpg,1197,733
p01,day22/0039.jpg,591,753
p01,day22/0043.jpg,252,502
p01,day22/0046.jpg,1320,93
p01,day22/0052.jpg,345,831
p01,day22/0059.jpg,1332,798
p01,day22/0061.jpg,986,677
p01,day22/0062.jpg,795,666
p01,day22/0073.jpg,36,673
p01,day22/0083.jpg,212,160
p01,day22/0092.jpg,1206,296
p01,day22/0100.jpg,1439,105
p01,day22/0153.jpg,136,361
p01,day22/0155.jpg,539,4
p01,day22/0160.jpg,621,172
p01,day22/0181.jpg,535,742
p01,day22/0187.jpg,1253,887
p01,day22/0195.jpg,413,177
p01,day22/0198.jpg,549,833
p01,day22/0201.jpg,62,265
p01,day22/0211.jpg,782,765
p01,day22/0216.jpg,279,7
p01,day22/0219.jpg,612,700
p01,day22/0231.jpg,1214,804
p01,day22/0236.jpg,502,810
p01,day23/0005.jpg,1021,208
p01,day23/0011.jpg,150,573
p01,day23/0014.jpg,670,155
p01,day23/0031.jpg,0,447
p01,day23/0044.jpg,1,251
p01,day23/0051.jpg,281,589
p01,day23/0061.jpg,1071,637
p01,day23/0085.jpg,352,162
p01,day23/0100.jpg,0,29
p01,day23/0105.jpg,645,5
p01,day23/0126.jpg,631,35
p01,day23/0149.jpg,519,819
p01,day23/0157.jpg,1351,141
p01,day23/0159.jpg,937,857
p01,day23/0160.jpg,1388,617
p01,day23/0165.jpg,341,774
p01,day23/0175.jpg,1289,72
p01,day23/0182.jpg,352,386
p01,day23/0197.jpg,1145,498
p01,day23/0203.jpg,547,807
p01,day23/0205.jpg,1136,460
p01,day23/0206.jpg,186,743
p01,day23/0225.jpg,199,112
p01,day23/0247.jpg,356,113
p01,day23/0250.jpg,558,630
p01,day23/0256.jpg,775,646
p01,day24/0008.jpg,657,8
p01,day25/0027.jpg,1219,375
p01,day25/0046.jpg,891,710
p01,day25/0051.jpg,842,754
p01,day25/0063.jpg,445,443
p01,day25/0065.jpg,1197,576
p01,day25/0069.jpg,1047,662
p01,day25/0081.jpg,586,302
p01,day25/0095.jpg,1045,706
p01,day25/0100.jpg,1437,634
p01,day25/0116.jpg,897,669
p01,day25/0124.jpg,702,879
p01,day25/0127.jpg,1289,481
p01,day25/0144.jpg,1042,192
p01,day25/0152.jpg,288,284
p01,day25/0167.jpg,936,225
p01,day25/0180.jpg,694,50
p01,day25/0182.jpg,775,367
p01,day25/0184.jpg,416,187
p01,day25/0195.jpg,1131,141
p01,day25/0198.jpg,1289,751
p01,day25/0201.jpg,798,200
p01,day25/0202.jpg,860,257
p01,day25/0209.jpg,133,685
p01,day25/0210.jpg,135,430
p01,day25/0236.jpg,1156,284
p01,day26/0005.jpg,1410,295
p01,day26/0020.jpg,1103,450
p01,day26/0023.jpg,989,433
p01,day26/0026.jpg,1372,50
p01,day26/0036.jpg,977,878
p01,day26/0046.jpg,199,633
p01,day26/0047.jpg,538,677
p01,day26/0055.jpg,1207,231
p01,day27/0003.jpg,762,135
p01,day27/0004.jpg,1242,94
p01,day27/0010.jpg,361,694
p01,day27/0033.jpg,442,742
p01,day27/0056.jpg,218,847
p01,day27/0057.jpg,1171,848
p01,day27/0061.jpg,98,504
p01,day27/0071.jpg,596,697
p01,day27/0072.jpg,1291,165
p01,day27/0078.jpg,596,480
p01,day27/0086.jpg,1302,76
p01,day27/0087.jpg,41,395
p01,day27/0093.jpg,200,696
p01,day27/0099.jpg,1090,769
p01,day27/0101.jpg,173,71
p01,day27/0120.jpg,590,364
p01,day27/0121.jpg,917,528
p01,day27/0132.jpg,638,284
p01,day27/0143.jpg,951,301
p01,day27/0153.jpg,666,784
p01,day27/0160.jpg,1304,634
p01,day27/0183.jpg,335,227
p01,day27/0184.jpg,829,566
p01,day27/0189.jpg,346,818
p01,day27/0191.jpg,871,296
p01,day27/0199.jpg,1309,179
p01,day27/0222.jpg,284,357
p01,day27/0228.jpg,437,146
p01,day27/0230.jpg,6,210
p01,day27/0239.jpg,87,524
p01,day27/0240.jpg,1216,851
p01,day27/0246.jpg,901,386
p01,day27/0253.jpg,234,451
p01,day27/0257.jpg,1207,834
p01,day27/0267.jpg,139,69
p01,day27/0273.jpg,83,372
p01,day27/0289.jpg,31,846
p01,day27/0300.jpg,219,13
p01,day27/0303.jpg,903,3
p01,day27/0313.jpg,910,874
p01,day27/0323.jpg,708,618
p01,day27/0328.jpg,418,673
p01,day27/0340.jpg,683,495
p01,day27/0354.jpg,1014,462
p01,day27/0366.jpg,516,411
p01,day27/0377.jpg,1085,445
p01,day27/0395.jpg,1088,756
p01,day27/0398.jpg,520,133
p01,day27/0399.jpg,933,90
p01,day27/0407.jpg,18,528
p01,day27/0414.jpg,492,846
p01,day27/0432.jpg,560,525
p01,day27/0435.jpg,1095,286
p01,day27/0438.jpg,977,158
p01,day27/0445.jpg,468,318
p01,day27/0454.jpg,456,738
p01,day27/0458.jpg,325,446
p01,day27/0469.jpg,1341,645
p01,day27/0491.jpg,218,629
p01,day27/0498.jpg,58,405
p01,day27/0511.jpg,13,59
p01,day27/0514.jpg,142,594
p01,day27/0521.jpg,24,402
p01,day27/0523.jpg,924,694
p01,day27/0524.jpg,507,886
p01,day27/0528.jpg,715,600
p01,day28/0001.jpg,957,578
p01,day28/0011.jpg,135,733
p01,day28/0012.jpg,557,620
p01,day28/0018.jpg,117,69
p01,day28/0019.jpg,218,328
p01,day28/0029.jpg,228,487
p01,day28/0032.jpg,263,330
p01,day28/0038.jpg,1216,212
p01,day28/0044.jpg,184,637
p01,day28/0055.jpg,307,41
p01,day28/0057.jpg,463,89
p01,day28/0058.jpg,946,413
p01,day28/0060.jpg,1259,834
p01,day28/0068.jpg,464,556
p01,day28/0070.jpg,85,77
p01,day28/0075.jpg,221,729
p01,day28/0079.jpg,303,95
p01,day28/0098.jpg,480,593
p01,day28/0101.jpg,803,680
p01,day28/0144.jpg,1111,798
p01,day28/0145.jpg,897,72
p01,day28/0151.jpg,212,369
p01,day28/0156.jpg,519,782
p01,day28/0157.jpg,1378,380
p01,day28/0204.jpg,385,147
p01,day28/0212.jpg,1237,171
p01,day28/0214.jpg,1394,743
p01,day28/0216.jpg,771,717
p01,day28/0223.jpg,821,244
p01,day28/0225.jpg,664,78
p01,day28/0230.jpg,305,589
p01,day28/0246.jpg,350,847
p01,day28/0255.jpg,119,682
p01,day28/0257.jpg,1369,436
p01,day28/0267.jpg,126,414
p01,day28/0271.jpg,494,191
p01,day28/0285.jpg,738,407
p01,day28/0289.jpg,1039,743
p01,day28/0293.jpg,583,875
p01,day29/0009.jpg,732,864
p01,day29/0013.jpg,566,242
p01,day29/0022.jpg,640,898
p01,day29/0023.jpg,204,282
p01,day29/0029.jpg,1342,375
p01,day29/0040.jpg,1068,311
p01,day29/0045.jpg,36,92
p01,day29/0047.jpg,243,556
p01,day30/0033.jpg,991,574
p01,day30/0041.jpg,876,555
p01,day30/0081.jpg,979,555
p01,day31/0005.jpg,253,54
p01,day31/0006.jpg,1336,334
p01,day31/0012.jpg,915,368
p01,day31/0013.jpg,998,426
p01,day31/0014.jpg,1019,339
p01,day31/0021.jpg,1271,463
p01,day31/0022.jpg,586,437
p01,day31/0027.jpg,835,586
p01,day31/0042.jpg,1105,378
p01,day31/0043.jpg,572,240
p01,day31/0048.jpg,1352,291
p01,day31/0055.jpg,363,374
p01,day31/0058.jpg,647,877
p01,day31/0059.jpg,419,561
p01,day31/0060.jpg,1067,743
p01,day31/0064.jpg,424,121
p01,day31/0071.jpg,349,143
p01,day31/0084.jpg,788,303
p01,day31/0096.jpg,1050,59
p01,day31/0103.jpg,39,717
p01,day31/0113.jpg,45,660
p01,day31/0117.jpg,1062,659
p01,day31/0124.jpg,1007,750
p01,day31/0138.jpg,127,281
p01,day31/0143.jpg,104,83
p01,day31/0146.jpg,927,99
p01,day31/0148.jpg,986,366
p01,day31/0149.jpg,386,381
p01,day31/0153.jpg,1362,460
p01,day31/0165.jpg,746,196
p01,day31/0181.jpg,1148,859
p01,day31/0188.jpg,1398,498
p01,day31/0197.jpg,519,34
p01,day31/0216.jpg,573,130
p01,day31/0220.jpg,1034,721
p01,day31/0225.jpg,821,130
p01,day31/0234.jpg,855,176
p01,day31/0235.jpg,1260,475
p01,day31/0242.jpg,1034,751
p01,day31/0243.jpg,1122,354
p01,day31/0247.jpg,179,57
p01,day31/0248.jpg,1181,410
p01,day31/0249.jpg,511,516
p01,day31/0253.jpg,814,367
p01,day31/0256.jpg,1340,272
p01,day31/0260.jpg,979,795
p01,day31/0274.jpg,1364,56
p01,day31/0289.jpg,384,221
p01,day31/0296.jpg,1376,357
p01,day31/0303.jpg,1037,70
p01,day31/0305.jpg,1034,699
p01,day31/0309.jpg,397,809
p01,day31/0311.jpg,179,744
p01,day31/0345.jpg,287,785
p01,day31/0352.jpg,628,794
p01,day31/0360.jpg,210,153
p01,day31/0365.jpg,734,638
p01,day31/0374.jpg,292,830
p01,day31/0380.jpg,1368,165
p01,day31/0388.jpg,213,526
p01,day31/0396.jpg,1218,160
p01,day31/0404.jpg,785,184
p01,day31/0411.jpg,45,168
p01,day31/0417.jpg,604,535
p01,day31/0419.jpg,453,271
p01,day31/0421.jpg,402,436
p01,day31/0426.jpg,174,458
p01,day31/0427.jpg,535,254
p01,day31/0444.jpg,787,282
p01,day31/0449.jpg,171,318
p01,day31/0453.jpg,1044,124
p01,day31/0454.jpg,59,112
p01,day31/0455.jpg,590,27
p01,day32/0015.jpg,609,694
p01,day32/0016.jpg,53,824
p01,day32/0024.jpg,1284,459
p01,day32/0026.jpg,64,368
p01,day32/0038.jpg,1118,486
p01,day32/0049.jpg,185,888
p01,day32/0068.jpg,9,741
p01,day32/0075.jpg,225,167
p01,day32/0115.jpg,61,107
p01,day32/0117.jpg,234,662
p01,day32/0118.jpg,897,751
p01,day32/0121.jpg,389,523
p01,day32/0123.jpg,16,330
p01,day32/0129.jpg,1416,456
p01,day32/0133.jpg,770,887
p01,day32/0139.jpg,1426,534
p01,day32/0151.jpg,1238,67
p01,day32/0158.jpg,1049,341
p01,day32/0166.jpg,1309,386
p01,day32/0167.jpg,986,297
p01,day32/0173.jpg,438,482
p01,day32/0185.jpg,148,745
p01,day32/0196.jpg,984,174
p01,day32/0198.jpg,454,806
p01,day32/0225.jpg,1191,154
p01,day33/0033.jpg,294,359
p01,day33/0037.jpg,170,639
p01,day33/0042.jpg,78,854
p01,day33/0044.jpg,135,762
p01,day33/0045.jpg,460,74
p01,day33/0047.jpg,384,353
p01,day33/0049.jpg,1342,493
p01,day33/0058.jpg,714,74
p01,day33/0061.jpg,1341,895
p01,day33/0082.jpg,987,476
p01,day33/0084.jpg,1376,110
p01,day33/0091.jpg,854,158
p01,day33/0095.jpg,1255,430
p01,day33/0109.jpg,744,134
p01,day34/0004.jpg,445,370
p01,day34/0012.jpg,893,287
p01,day34/0035.jpg,778,14
p01,day34/0046.jpg,349,361
p01,day34/0060.jpg,85,255
p01,day34/0064.jpg,817,817
p01,day34/0066.jpg,57,135
p01,day34/0068.jpg,842,279
p01,day34/0083.jpg,512,479
p01,day34/0092.jpg,1353,579
p01,day34/0107.jpg,945,848
p01,day34/0110.jpg,638,812
p01,day34/0125.jpg,429,761
p01,day34/0128.jpg,774,407
p01,day34/0137.jpg,87,292
p01,day34/0152.jpg,928,853
p01,day34/0153.jpg,664,657
p01,day34/0170.jpg,1345,218
p01,day34/0171.jpg,118,754
p01,day34/0172.jpg,668,726
p01,day34/0192.jpg,428,352
p01,day34/0204.jpg,677,350
p01,day34/0209.jpg,917,700
p01,day34/0216.jpg,646,449
p01,day34/0238.jpg,683,379
p01,day34/0240.jpg,349,209
p01,day34/0247.jpg,1074,107
p01,day34/0263.jpg,1231,532
p01,day34/0268.jpg,237,838
p01,day34/0270.jpg,483,7
p01,day34/0272.jpg,916,840
p01,day34/0283.jpg,1435,658
p01,day34/0287.jpg,13,640
p01,day34/0289.jpg,1387,801
p01,day35/0004.jpg,1086,14
p01,day35/0007.jpg,1072,504
p01,day35/0009.jpg,437,70
p01,day35/0042.jpg,98,402
p01,day35/0048.jpg,290,618
p01,day35/0056.jpg,1275,505
p01,day35/0089.jpg,91,720
p01,day35/0097.jpg,276,558
p01,day35/0109.jpg,1326,250
p01,day35/0121.jpg,690,401
p01,day35/0129.jpg,30,739
p01,day35/0132.jpg,1157,84
p01,day35/0136.jpg,580,51
p01,day35/0139.jpg,1324,22
p01,day35/0150.jpg,297,270
p01,day35/0155.jpg,1332,330
p01,day35/0167.jpg,292,101
p01,day35/0171.jpg,299,794
p01,day35/0190.jpg,709,568
p01,day35/0193.jpg,1025,34
p01,day36/0006.jpg,1405,205
p01,day36/0010.jpg,64,240
p01,day36/0020.jpg,521,280
p01,day36/0026.jpg,106,326
p01,day36/0031.jpg,406,316
p01,day36/0032.jpg,413,642
p01,day36/0038.jpg,209,886
p01,day36/0046.jpg,1163,753
p01,day36/0052.jpg,676,723
p01,day36/0058.jpg,776,134
p01,day36/0068.jpg,1334,690
p01,day36/0069.jpg,1112,755
p01,day36/0073.jpg,1237,694
p01,day36/0091.jpg,59,707
p01,day36/0100.jpg,555,388
p01,day36/0106.jpg,486,5
p01,day36/0114.jpg,91,123
p01,day36/0118.jpg,747,163
p01,day36/0123.jpg,743,689
p01,day36/0139.jpg,445,154
p01,day36/0149.jpg,234,845
p01,day36/0152.jpg,1171,4
p01,day36/0155.jpg,62,291
p01,day36/0161.jpg,337,383
p01,day36/0165.jpg,185,704
p01,day37/0003.jpg,1087,7
p01,day37/0013.jpg,495,750
p01,day37/0016.jpg,702,866
p01,day37/0029.jpg,165,512
p01,day37/0031.jpg,1059,400
p01,day37/0038.jpg,598,401
p01,day37/0039.jpg,538,441
p01,day37/0069.jpg,302,85
p01,day37/0070.jpg,797,141
p01,day37/0099.jpg,830,705
p01,day37/0113.jpg,1337,576
p01,day37/0121.jpg,891,436
p01,day37/0148.jpg,1203,584
p01,day37/0160.jpg,830,487
p01,day37/0179.jpg,1138,738
p01,day37/0180.jpg,919,786
p01,day37/0198.jpg,1436,104
p01,day37/0202.jpg,790,298
p01,day37/0216.jpg,52,349
p01,day37/0217.jpg,1413,339
p01,day37/0219.jpg,108,710
p01,day37/0233.jpg,79,820
p01,day37/0241.jpg,890,14
p01,day37/0243.jpg,549,134
p01,day37/0248.jpg,1123,356
p01,day37/0250.jpg,362,600
p01,day37/0252.jpg,855,235
p01,day37/0255.jpg,3,99
p01,day37/0260.jpg,865,274
p01,day37/0261.jpg,1196,847
p01,day37/0270.jpg,1274,223
p01,day37/0283.jpg,44,128
p01,day37/0291.jpg,149,296
p01,day37/0298.jpg,1115,793
p01,day37/0301.jpg,1116,224
p01,day37/0302.jpg,506,110
p01,day37/0303.jpg,1402,186
p01,day37/0316.jpg,296,575
p01,day37/0333.jpg,1423,410
p01,day37/0357.jpg,0,331
p01,day37/0362.jpg,366,72
p01,day37/0384.jpg,224,820
p01,day37/0387.jpg,1438,707
p01,day37/0389.jpg,1264,346
p01,day37/0395.jpg,179,460
p01,day37/0397.jpg,739,89
p01,day37/0401.jpg,652,528
p01,day37/0402.jpg,293,762
p01,day37/0405.jpg,907,715
p01,day37/0411.jpg,703,154
p01,day37/0412.jpg,783,498
p01,day37/0423.jpg,862,371
p01,day37/0432.jpg,702,898
p01,day37/0440.jpg,1371,13
p01,day37/0450.jpg,331,174
p01,day37/0453.jpg,479,529
p01,day37/0458.jpg,674,182
p01,day37/0459.jpg,1300,586
p01,day37/0460.jpg,1386,501
p01,day37/0477.jpg,606,896
p01,day37/0487.jpg,1366,436
p01,day37/0495.jpg,106,147
p01,day37/0505.jpg,512,250
p01,day37/0508.jpg,1399,759
p01,day37/0518.jpg,928,58
p01,day37/0524.jpg,625,279
p01,day37/0531.jpg,37,606
p01,day37/0536.jpg,278,799
p01,day37/0537.jpg,1217,315
p01,day38/0007.jpg,609,49
p01,day38/0024.jpg,581,460
p01,day38/0035.jpg,592,744
p01,day38/0050.jpg,10,67
p01,day38/0054.jpg,860,811
p01,day38/0060.jpg,891,810
p01,day38/0061.jpg,1422,852
p01,day38/0070.jpg,857,718
p01,day38/0085.jpg,684,782
p01,day38/0096.jpg,716,32
p01,day38/0110.jpg,348,593
p01,day38/0116.jpg,444,859
p01,day38/0118.jpg,76,466
p01,day38/0121.jpg,1286,48
p01,day38/0127.jpg,1087,186
p01,day38/0129.jpg,456,129
p01,day38/0137.jpg,333,30
p01,day38/0147.jpg,942,347
p01,day38/0153.jpg,890,769
p01,day38/0175.jpg,790,357
p01,day38/0176.jpg,825,164
p01,day38/0180.jpg,418,322
p01,day38/0191.jpg,76,223
p01,day38/0193.jpg,264,516
p01,day38/0199.jpg,1319,260
p01,day38/0238.jpg,929,764
p01,day38/0250.jpg,1332,351
p01,day38/0279.jpg,1167,871
p01,day38/0285.jpg,663,264
p01,day38/0289.jpg,1369,638
p01,day38/0291.jpg,808,386
p01,day38/0311.jpg,1317,180
p01,day38/0317.jpg,347,894
p01,day38/0340.jpg,1262,331
p01,day38/0349.jpg,418,848
p01,day38/0350.jpg,915,841
p01,day38/0352.jpg,949,42
p01,day38/0357.jpg,1261,609
p01,day38/0395.jpg,180,556
p01,day38/0398.jpg,984,165
p01,day38/0407.jpg,720,296
p01,day38/0412.jpg,389,529
p01,day38/0422.jpg,1434,574
p01,day38/0435.jpg,234,657
p01,day38/0441.jpg,802,693
p01,day38/0444.jpg,290,377
p01,day38/0449.jpg,866,867
p01,day38/0455.jpg,835,505
p01,day38/0457.jpg,1259,367
p01,day38/0472.jpg,800,613
p01,day38/0476.jpg,1368,226
p01,day38/0483.jpg,786,69
p01,day38/0487.jpg,644,322
p01,day38/0490.jpg,1023,304
p01,day38/0501.jpg,761,331
p01,day38/0507.jpg,1354,273
p01,day40/0005.jpg,1219,364
p01,day40/0006.jpg,395,248
p01,day40/0018.jpg,1308,739
p01,day40/0023.jpg,1073,602
p01,day40/0034.jpg,82,263
p01,day41/0002.jpg,1158,885
p01,day41/0005.jpg,1135,182
p01,day41/0015.jpg,452,599
p01,day41/0020.jpg,651,218
p01,day41/0027.jpg,533,731
p01,day41/0031.jpg,1243,352
p01,day41/0037.jpg,984,621
p01,day41/0041.jpg,753,103
p01,day41/0043.jpg,73,505
p01,day41/0046.jpg,286,546
p01,day41/0047.jpg,793,207
p01,day41/0058.jpg,898,652
p01,day41/0063.jpg,771,870
p01,day41/0065.jpg,1092,476
p01,day41/0066.jpg,697,104
p01,day41/0074.jpg,1038,875
p01,day41/0079.jpg,461,428
p01,day41/0106.jpg,410,592
p01,day41/0119.jpg,370,537
p01,day41/0122.jpg,1176,102
p01,day41/0125.jpg,1264,61
p01,day41/0144.jpg,489,751
p01,day41/0146.jpg,1269,546
p01,day41/0151.jpg,964,693
p01,day41/0160.jpg,662,449
p01,day41/0166.jpg,1096,893
p01,day41/0167.jpg,1102,598
p01,day41/0174.jpg,712,589
p01,day41/0175.jpg,226,586
p01,day41/0179.jpg,35,547
p01,day41/0185.jpg,1275,132
p01,day41/0190.jpg,710,649
p01,day41/0196.jpg,630,225
p01,day41/0197.jpg,490,585
p01,day41/0199.jpg,357,431
p01,day41/0211.jpg,68,4
p01,day41/0216.jpg,952,525
p01,day41/0219.jpg,263,151
p01,day41/0226.jpg,1130,543
p01,day41/0239.jpg,670,545
p01,day41/0245.jpg,224,668
p01,day41/0246.jpg,120,77
p01,day41/0256.jpg,775,644
p01,day41/0286.jpg,1203,494
p01,day41/0325.jpg,1235,485
p01,day41/0335.jpg,48,623
p01,day41/0337.jpg,524,441
p01,day41/0339.jpg,1367,687
p01,day41/0359.jpg,1109,564
p01,day41/0360.jpg,340,264
p01,day41/0363.jpg,1051,365
p01,day41/0364.jpg,0,537
p01,day41/0371.jpg,161,420
p01,day41/0372.jpg,395,66
p01,day41/0380.jpg,1287,188
p01,day41/0383.jpg,1311,295
p01,day41/0385.jpg,1362,424
p01,day41/0386.jpg,355,825
p01,day41/0403.jpg,980,261
p01,day41/0409.jpg,1299,418
p01,day41/0411.jpg,331,564
p01,day41/0416.jpg,802,381
p01,day41/0425.jpg,105,541
p01,day41/0426.jpg,866,617
p01,day41/0429.jpg,693,283
p01,day41/0432.jpg,715,841
p01,day41/0436.jpg,387,689
p01,day41/0443.jpg,1156,120
p01,day41/0449.jpg,507,468
p01,day41/0450.jpg,932,401
p01,day41/0452.jpg,162,827
p01,day41/0457.jpg,1273,809
p01,day41/0465.jpg,221,141
p01,day41/0466.jpg,890,175
p01,day41/0481.jpg,421,723
p01,day41/0485.jpg,1183,506
p01,day41/0521.jpg,288,786
p01,day42/0001.jpg,458,550
p01,day42/0004.jpg,1013,585
p01,day42/0005.jpg,1149,324
p01,day42/0015.jpg,279,776
p01,day42/0016.jpg,239,230
p01,day42/0023.jpg,634,37
p01,day42/0024.jpg,603,122
p01,day42/0037.jpg,359,841
p01,day42/0044.jpg,604,695
p01,day42/0052.jpg,718,799
p01,day42/0063.jpg,924,160
p01,day42/0073.jpg,1262,338
p01,day42/0081.jpg,368,611
p01,day42/0084.jpg,1104,651
p01,day42/0096.jpg,1278,624
p01,day42/0106.jpg,1185,152
p01,day42/0113.jpg,720,352
p01,day42/0114.jpg,927,483
p01,day42/0120.jpg,942,187
p01,day42/0130.jpg,372,501
p01,day42/0134.jpg,410,330
p01,day42/0136.jpg,778,482
p01,day42/0138.jpg,699,128
p01,day42/0164.jpg,1341,222
p01,day42/0172.jpg,979,510
p01,day42/0176.jpg,1086,633
p01,day42/0189.jpg,376,859
p01,day42/0191.jpg,280,496
p01,day42/0198.jpg,4,789
p01,day42/0200.jpg,472,850
p01,day42/0203.jpg,1338,682
p01,day42/0206.jpg,505,291
p01,day42/0211.jpg,851,120
p01,day42/0222.jpg,1277,388
p01,day42/0223.jpg,869,162
p01,day42/0235.jpg,221,102
p01,day42/0243.jpg,234,356
p01,day42/0244.jpg,802,458
p01,day42/0250.jpg,752,630
p01,day42/0252.jpg,152,525
p01,day42/0257.jpg,460,16
p01,day42/0260.jpg,1410,327
p01,day42/0264.jpg,148,103
p01,day42/0274.jpg,850,899
p01,day42/0275.jpg,63,635
p01,day42/0277.jpg,723,114
p01,day42/0306.jpg,448,154
p01,day42/0311.jpg,761,396
p01,day42/0329.jpg,718,698
p01,day42/0338.jpg,943,573
p01,day42/0339.jpg,1053,616
p01,day42/0356.jpg,1274,399
p01,day42/0359.jpg,1081,747
p01,day42/0367.jpg,485,408
p01,day42/0382.jpg,1185,244
p01,day42/0388.jpg,57,661
p01,day42/0392.jpg,1417,495
p01,day42/0407.jpg,1065,602
p01,day42/0413.jpg,242,850
p01,day42/0415.jpg,297,488
p01,day42/0428.jpg,248,799
p01,day42/0436.jpg,278,710
p01,day42/0444.jpg,800,19
p01,day42/0446.jpg,174,877
p01,day42/0449.jpg,168,897
p01,day42/0454.jpg,1098,634
p01,day42/0455.jpg,74,661
p01,day42/0466.jpg,423,600
p01,day42/0468.jpg,662,589
p01,day42/0476.jpg,841,621
p01,day42/0480.jpg,115,666
p01,day42/0487.jpg,1390,96
p01,day42/0488.jpg,1404,50
p01,day42/0489.jpg,89,765
p01,day42/0490.jpg,948,481
p01,day42/0492.jpg,422,562
p01,day42/0499.jpg,270,532
p01,day42/0508.jpg,87,401
p01,day42/0519.jpg,59,139
p01,day42/0520.jpg,170,828
p01,day42/0527.jpg,248,269
p01,day42/0528.jpg,1033,171
p01,day42/0530.jpg,788,530
p01,day42/0542.jpg,149,119
p01,day42/0545.jpg,853,647
p01,day42/0559.jpg,77,866
p01,day42/0568.jpg,652,562
p01,day42/0576.jpg,1085,480
p01,day42/0581.jpg,1004,744
p01,day42/0583.jpg,165,139
p01,day42/0592.jpg,562,674
p01,day42/0593.jpg,164,248
p01,day42/0603.jpg,738,710
p01,day42/0612.jpg,1294,638
p01,day42/0623.jpg,916,601
p01,day42/0634.jpg,326,411
p01,day42/0649.jpg,1277,140
p01,day42/0688.jpg,1273,337
p01,day42/0707.jpg,1078,503
p01,day42/0708.jpg,36,402
p01,day42/0716.jpg,1005,719
p01,day43/0022.jpg,586,206
p01,day43/0031.jpg,484,29
p01,day43/0035.jpg,437,528
p01,day43/0037.jpg,765,348
p01,day43/0040.jpg,1171,28
p01,day43/0066.jpg,525,397
p01,day43/0072.jpg,472,371
p01,day43/0082.jpg,344,889
p01,day43/0103.jpg,1119,445
p01,day43/0104.jpg,208,434
p01,day43/0115.jpg,354,393
p01,day43/0145.jpg,517,188
p01,day43/0154.jpg,729,218
p01,day43/0156.jpg,1149,715
p01,day43/0160.jpg,394,765
p01,day43/0163.jpg,670,222
p01,day43/0165.jpg,1056,232
p01,day43/0170.jpg,525,683
p01,day43/0172.jpg,671,349
p01,day43/0177.jpg,1317,811
p01,day43/0178.jpg,1301,729
p01,day43/0183.jpg,1059,494
p01,day43/0185.jpg,687,487
p01,day43/0190.jpg,759,503
p01,day43/0229.jpg,1209,604
p01,day43/0244.jpg,846,240
p01,day43/0255.jpg,907,602
p01,day43/0269.jpg,974,471
p01,day43/0272.jpg,479,80
p01,day43/0277.jpg,68,267
p01,day43/0279.jpg,927,518
p01,day43/0286.jpg,774,860
p01,day43/0300.jpg,973,586
p01,day43/0301.jpg,1157,375
p01,day43/0302.jpg,658,862
p01,day43/0305.jpg,985,348
p01,day43/0309.jpg,122,672
p01,day43/0310.jpg,1391,329
p01,day43/0316.jpg,822,647
p01,day43/0324.jpg,883,482
p01,day43/0339.jpg,830,568
p01,day43/0342.jpg,45,798
p01,day43/0343.jpg,546,785
p01,day43/0357.jpg,751,418
p01,day43/0372.jpg,718,503
p01,day43/0386.jpg,1411,23
p01,day43/0388.jpg,249,642
p01,day43/0392.jpg,186,718
p01,day43/0397.jpg,305,502
p01,day43/0400.jpg,209,136
p01,day43/0407.jpg,279,462
p01,day43/0440.jpg,691,109
p01,day43/0450.jpg,1086,659
p01,day43/0453.jpg,973,588
p01,day43/0470.jpg,583,641
p01,day43/0475.jpg,1367,322
p01,day43/0493.jpg,621,346
p01,day43/0517.jpg,796,394
p01,day43/0522.jpg,909,463
p01,day43/0535.jpg,746,594
p01,day43/0537.jpg,471,434
p01,day43/0548.jpg,1223,678
p01,day43/0570.jpg,320,586
p01,day43/0571.jpg,956,851
p01,day43/0576.jpg,952,770
p01,day43/0578.jpg,264,550
p01,day43/0581.jpg,949,644
p01,day43/0593.jpg,1360,6
p01,day43/0594.jpg,1285,264
p01,day43/0603.jpg,859,857
p01,day44/0008.jpg,740,403
p01,day44/0022.jpg,1085,831
p01,day44/0031.jpg,165,605
p01,day44/0033.jpg,919,223
p01,day44/0046.jpg,1142,284
p01,day44/0052.jpg,1236,22
p01,day44/0060.jpg,1061,135
p01,day44/0071.jpg,973,775
p01,day44/0084.jpg,543,647
p01,day44/0087.jpg,1162,84
p01,day44/0112.jpg,112,791
p01,day44/0118.jpg,764,131
p01,day44/0119.jpg,52,807
p01,day44/0122.jpg,912,433
p01,day44/0129.jpg,911,595
p01,day44/0135.jpg,151,639
p01,day44/0137.jpg,1145,326
p01,day44/0155.jpg,1004,584
p01,day44/0164.jpg,1429,747
p01,day44/0168.jpg,1315,160
p01,day44/0174.jpg,138,117
p01,day44/0186.jpg,577,434
p01,day44/0187.jpg,16,654
p01,day44/0188.jpg,219,659
p01,day44/0191.jpg,237,677
p01,day44/0197.jpg,656,15
p01,day44/0202.jpg,571,434
p01,day45/0002.jpg,187,624
p01,day45/0015.jpg,1172,882
p01,day45/0017.jpg,0,411
p01,day45/0026.jpg,1298,472
p01,day45/0039.jpg,992,381
p01,day45/0042.jpg,471,450
p01,day45/0046.jpg,1424,700
p01,day45/0051.jpg,1136,893
p01,day45/0079.jpg,920,435
p01,day45/0083.jpg,1016,212
p01,day45/0085.jpg,934,723
p01,day45/0087.jpg,629,708
p01,day45/0093.jpg,1209,560
p01,day45/0095.jpg,1360,164
p01,day45/0101.jpg,957,238
p01,day45/0120.jpg,517,71
p01,day45/0126.jpg,884,888
p01,day45/0127.jpg,716,687
p01,day45/0134.jpg,1060,863
p01,day45/0136.jpg,1148,794
p01,day45/0145.jpg,1397,44
p01,day45/0149.jpg,464,131
p01,day45/0151.jpg,952,793
p01,day45/0153.jpg,296,616
p01,day45/0184.jpg,575,130
p01,day45/0189.jpg,337,598
p01,day45/0193.jpg,494,539
p01,day45/0201.jpg,906,618
p01,day45/0252.jpg,479,252
p01,day45/0259.jpg,988,460
p01,day45/0262.jpg,961,506
p01,day45/0263.jpg,1071,15
p01,day45/0270.jpg,211,559
p01,day45/0293.jpg,218,839
p01,day45/0303.jpg,460,831
p01,day45/0305.jpg,764,878
p01,day45/0345.jpg,1414,160
p01,day45/0348.jpg,300,162
p01,day45/0369.jpg,900,229
p01,day45/0379.jpg,664,200
p01,day45/0383.jpg,1098,612
p01,day45/0385.jpg,348,771
p01,day45/0388.jpg,428,6
p01,day45/0398.jpg,1129,327
p01,day45/0420.jpg,1385,352
p01,day45/0440.jpg,875,13
p01,day45/0441.jpg,824,509
p01,day45/0445.jpg,136,612
p01,day45/0472.jpg,137,216
p01,day45/0477.jpg,303,324
p01,day45/0484.jpg,1010,320
p01,day45/0494.jpg,40,43
p01,day45/0502.jpg,878,716
p01,day45/0505.jpg,223,566
p01,day45/0507.jpg,1252,450
p01,day45/0511.jpg,1310,359
p01,day45/0513.jpg,960,492
p01,day45/0518.jpg,614,597
p01,day45/0528.jpg,1237,728
p01,day45/0537.jpg,1176,196
p01,day45/0541.jpg,34,55
p01,day45/0546.jpg,661,638
p01,day45/0553.jpg,143,335
p01,day45/0556.jpg,779,120
p01,day45/0562.jpg,1147,756
p01,day45/0566.jpg,713,369
p01,day45/0581.jpg,451,802
p01,day45/0584.jpg,1192,146
p01,day45/0600.jpg,560,651
p01,day45/0604.jpg,74,872
p01,day45/0606.jpg,1142,721
p01,day45/0607.jpg,964,322
p01,day45/0635.jpg,1165,804
p01,day45/0642.jpg,859,780
p01,day45/0645.jpg,172,505
p01,day45/0657.jpg,78,493
p01,day45/0662.jpg,888,77
p01,day46/0011.jpg,953,364
p01,day47/0007.jpg,228,383
p01,day47/0013.jpg,518,875
p01,day47/0016.jpg,1342,221
p01,day47/0020.jpg,820,158
p01,day47/0033.jpg,1297,155
p01,day47/0048.jpg,1372,244
p01,day47/0052.jpg,1137,798
p01,day47/0073.jpg,823,718
p01,day47/0090.jpg,1088,291
p01,day47/0091.jpg,1243,763
p01,day47/0103.jpg,112,638
p01,day47/0113.jpg,925,172
p01,day47/0134.jpg,1189,237
p01,day47/0137.jpg,352,232
p01,day47/0138.jpg,609,709
p01,day47/0150.jpg,1207,101
p01,day47/0152.jpg,353,173
p01,day47/0170.jpg,63,641
p01,day47/0184.jpg,1276,775
p01,day47/0197.jpg,165,284
p01,day47/0198.jpg,789,55
p01,day47/0202.jpg,11,50
p01,day47/0209.jpg,475,726
p01,day47/0222.jpg,107,201
p01,day47/0228.jpg,1117,534
p01,day47/0235.jpg,549,142
p01,day47/0236.jpg,1335,627
p01,day47/0239.jpg,25,108
p01,day47/0249.jpg,460,399
p01,day47/0256.jpg,789,845
p01,day47/0261.jpg,1424,326
p01,day47/0262.jpg,374,889
p01,day47/0269.jpg,894,867
p01,day47/0276.jpg,600,14
p01,day47/0293.jpg,1020,522
p01,day47/0304.jpg,903,773
p01,day47/0307.jpg,542,400
p01,day47/0312.jpg,350,271
p01,day47/0320.jpg,636,551
p01,day47/0323.jpg,446,445
p01,day47/0341.jpg,849,106
p01,day48/0002.jpg,484,275
p01,day48/0003.jpg,872,552
p01,day48/0010.jpg,880,844
p01,day48/0022.jpg,129,283
p01,day48/0027.jpg,1322,186
p01,day48/0030.jpg,975,370
p01,day48/0039.jpg,39,279
p01,day48/0047.jpg,848,705
p01,day48/0054.jpg,348,328
p01,day48/0057.jpg,179,147
p01,day48/0063.jpg,974,226
p01,day48/0068.jpg,719,18
p01,day48/0085.jpg,766,849
p01,day48/0096.jpg,417,356
p01,day48/0106.jpg,116,47
p01,day48/0112.jpg,955,320
p01,day48/0145.jpg,223,886
p01,day48/0147.jpg,89,711
p01,day48/0156.jpg,790,367
p01,day48/0164.jpg,641,237
p01,day48/0166.jpg,683,682
p01,day48/0168.jpg,1183,713
p01,day48/0173.jpg,790,571
p01,day48/0181.jpg,1074,176
p01,day48/0184.jpg,488,207
p01,day48/0188.jpg,443,108
p01,day48/0189.jpg,1256,105
p01,day48/0199.jpg,638,125
p01,day48/0219.jpg,357,293
p01,day48/0231.jpg,404,223
p01,day48/0236.jpg,598,812
p01,day48/0248.jpg,970,422
p01,day48/0256.jpg,34,891
p01,day49/0002.jpg,135,260
p01,day49/0004.jpg,406,49
p01,day49/0023.jpg,529,455
p01,day49/0029.jpg,1243,57
p01,day49/0034.jpg,1295,532
p01,day49/0040.jpg,575,546
p01,day49/0041.jpg,758,438
p01,day49/0059.jpg,607,31
p01,day49/0066.jpg,1076,195
p01,day49/0068.jpg,278,160
p01,day49/0076.jpg,1432,151
p01,day49/0077.jpg,1380,318
p01,day49/0081.jpg,975,470
p01,day49/0100.jpg,1083,703
p01,day49/0103.jpg,656,456
p01,day49/0105.jpg,790,467
p01,day49/0112.jpg,1384,453
p01,day49/0114.jpg,407,282
p01,day49/0115.jpg,377,412
p01,day49/0117.jpg,886,556
p01,day49/0119.jpg,617,600
p01,day49/0124.jpg,983,888
p01,day49/0137.jpg,1266,319
p01,day49/0139.jpg,996,55
p01,day49/0140.jpg,239,774
p01,day49/0142.jpg,174,733
p01,day49/0149.jpg,657,533
p01,day49/0160.jpg,262,115
p01,day49/0162.jpg,178,207
p01,day49/0164.jpg,82,172
p01,day49/0165.jpg,19,710
p01,day49/0181.jpg,146,386
p01,day49/0190.jpg,915,73
p01,day49/0191.jpg,693,821
p01,day49/0196.jpg,1223,253
p01,day49/0199.jpg,392,87
p01,day49/0201.jpg,347,114
p01,day49/0202.jpg,507,626
p01,day49/0207.jpg,524,262
p01,day49/0220.jpg,959,382
p01,day49/0227.jpg,1206,848
p01,day49/0239.jpg,930,219
p01,day49/0240.jpg,266,237
p01,day49/0245.jpg,1140,156
p01,day49/0248.jpg,872,773
p01,day49/0256.jpg,3,445
p01,day49/0257.jpg,545,456
p01,day49/0262.jpg,591,345
p01,day49/0299.jpg,787,882
p01,day49/0307.jpg,376,318
p01,day49/0311.jpg,854,395
p01,day49/0313.jpg,2,826
p01,day49/0351.jpg,810,435
p01,day49/0352.jpg,1397,435
p01,day49/0357.jpg,1027,604
p01,day49/0364.jpg,4,364
p01,day49/0370.jpg,374,543
p01,day49/0371.jpg,682,112
p01,day49/0372.jpg,1058,365
p01,day49/0384.jpg,213,460
p01,day49/0392.jpg,1312,483
p01,day49/0394.jpg,984,360
p01,day49/0400.jpg,455,789
p01,day49/0422.jpg,552,328
p01,day49/0423.jpg,644,165
p01,day49/0435.jpg,625,2
p01,day49/0438.jpg,351,254
p01,day49/0442.jpg,1303,480
p01,day49/0449.jpg,908,289
p01,day49/0450.jpg,674,632
p01,day49/0458.jpg,318,344
p01,day49/0461.jpg,441,794
p01,day49/0467.jpg,339,350
p01,day49/0469.jpg,1329,182
p01,day49/0486.jpg,1220,520
p01,day49/0487.jpg,597,855
p01,day49/0497.jpg,1110,287
p01,day49/0508.jpg,1191,430
p01,day49/0510.jpg,369,35
p01,day49/0511.jpg,809,351
p01,day49/0515.jpg,1190,320
p01,day49/0524.jpg,551,611
p01,day50/0001.jpg,436,764
p01,day50/0004.jpg,356,125
p01,day50/0012.jpg,622,596
p01,day50/0020.jpg,610,674
p01,day50/0022.jpg,431,30
p01,day50/0023.jpg,434,109
p01,day50/0027.jpg,324,230
p01,day50/0050.jpg,1237,13
p01,day50/0078.jpg,1263,275
p01,day50/0085.jpg,31,130
p01,day50/0087.jpg,766,464
p01,day50/0090.jpg,210,641
p01,day50/0100.jpg,1392,556
p01,day50/0111.jpg,1237,293
p01,day50/0151.jpg,1086,761
p01,day50/0152.jpg,606,628
p01,day50/0166.jpg,501,871
p01,day50/0177.jpg,987,355
p01,day50/0186.jpg,1051,33
p01,day50/0187.jpg,591,6
p01,day50/0188.jpg,373,26
p01,day50/0189.jpg,1039,599
p01,day50/0194.jpg,1270,269
p01,day50/0202.jpg,885,850
p01,day50/0210.jpg,1116,532
p01,day50/0213.jpg,156,229
p01,day50/0237.jpg,715,322
p01,day50/0242.jpg,761,337
p01,day50/0251.jpg,688,526
p01,day50/0253.jpg,959,41
p01,day50/0256.jpg,641,497
p01,day50/0258.jpg,96,669
p01,day50/0263.jpg,787,599
p01,day50/0272.jpg,933,261
p01,day50/0305.jpg,392,752
p01,day50/0308.jpg,224,351
p01,day50/0310.jpg,1376,738
p01,day51/0005.jpg,1413,205
p01,day51/0013.jpg,659,684
p01,day51/0017.jpg,51,279
p01,day51/0026.jpg,1143,365
p01,day51/0058.jpg,1437,271
p01,day51/0066.jpg,1193,691
p01,day51/0069.jpg,1348,562
p01,day51/0084.jpg,808,113
p01,day51/0088.jpg,1408,372
p01,day51/0103.jpg,1065,253
p01,day51/0110.jpg,1318,338
p01,day51/0120.jpg,843,21
p01,day51/0144.jpg,1079,94
p01,day51/0156.jpg,191,64
p01,day51/0161.jpg,1122,581
p01,day51/0165.jpg,1046,640
p01,day51/0170.jpg,596,530
p01,day51/0183.jpg,407,260
p01,day51/0199.jpg,887,50
p01,day51/0200.jpg,80,577
p01,day51/0202.jpg,1426,120
p01,day51/0214.jpg,309,448
p01,day51/0220.jpg,306,333
p01,day51/0223.jpg,224,217
p01,day51/0224.jpg,99,706
p01,day51/0238.jpg,341,689
p01,day51/0250.jpg,196,15
p01,day51/0264.jpg,988,354
p01,day51/0270.jpg,989,211
p01,day51/0271.jpg,64,700
p01,day51/0286.jpg,789,14
p01,day51/0290.jpg,942,598
p01,day51/0295.jpg,497,494
p01,day51/0297.jpg,1318,244
p01,day51/0320.jpg,339,494
p01,day51/0333.jpg,948,315
p01,day51/0348.jpg,55,307
p01,day51/0373.jpg,791,689
p01,day51/0377.jpg,299,63
p01,day51/0380.jpg,574,28
p01,day51/0390.jpg,1364,446
p01,day51/0396.jpg,131,836
p01,day51/0397.jpg,253,37
p01,day51/0406.jpg,711,364
p01,day51/0410.jpg,569,500
p01,day51/0411.jpg,596,99
p01,day51/0422.jpg,629,474
p01,day51/0423.jpg,19,736
p01,day51/0426.jpg,514,415
p01,day52/0005.jpg,452,717
p01,day52/0010.jpg,1273,123
p01,day52/0017.jpg,527,101
p01,day52/0018.jpg,1039,744
p01,day52/0027.jpg,114,700
p01,day52/0033.jpg,1350,138
p01,day52/0034.jpg,611,356
p01,day52/0040.jpg,886,173
p01,day52/0041.jpg,980,266
p01,day52/0055.jpg,545,440
p01,day52/0059.jpg,709,729
p01,day52/0070.jpg,246,101
p01,day52/0074.jpg,101,413
p01,day52/0088.jpg,734,394
p01,day52/0089.jpg,432,180
p01,day52/0094.jpg,988,685
p01,day52/0095.jpg,487,729
p01,day52/0113.jpg,594,686
p01,day52/0120.jpg,610,426
p01,day52/0125.jpg,790,736
p01,day52/0145.jpg,427,50
p01,day52/0150.jpg,359,155
p01,day52/0151.jpg,1011,579
p01,day52/0154.jpg,914,631
p01,day52/0160.jpg,3,485
p01,day52/0167.jpg,253,23
p01,day52/0174.jpg,177,457
p01,day52/0186.jpg,1273,455
p01,day52/0206.jpg,1040,470
p01,day52/0211.jpg,1172,599
p01,day52/0213.jpg,1101,850
p01,day52/0219.jpg,1360,31
p01,day52/0237.jpg,918,187
p01,day52/0239.jpg,1429,551
p01,day52/0243.jpg,106,804
p01,day52/0265.jpg,852,253
p01,day52/0276.jpg,1187,661
p01,day52/0279.jpg,547,399
p01,day52/0281.jpg,1040,508
p01,day52/0284.jpg,432,806
p01,day52/0303.jpg,547,405
p01,day52/0309.jpg,527,265
p01,day52/0313.jpg,173,579
p01,day52/0322.jpg,672,27
p01,day52/0324.jpg,551,27
p01,day52/0332.jpg,1281,543
p01,day52/0335.jpg,330,658
p01,day52/0357.jpg,582,90
p01,day52/0363.jpg,1426,550
p01,day52/0382.jpg,381,222
p01,day52/0398.jpg,1380,619
p01,day52/0400.jpg,49,735
p01,day52/0408.jpg,132,477
p01,day52/0423.jpg,861,274
p01,day52/0438.jpg,1118,826
p01,day52/0450.jpg,168,57
p01,day52/0464.jpg,1235,342
p01,day52/0471.jpg,1267,462
p01,day52/0477.jpg,667,449
p01,day52/0490.jpg,307,423
p01,day52/0494.jpg,142,273
p01,day52/0503.jpg,1111,345
p01,day52/0506.jpg,1118,147
p01,day52/0508.jpg,830,715
p01,day52/0509.jpg,261,644
p01,day52/0516.jpg,432,218
p01,day52/0531.jpg,1420,76
p01,day52/0544.jpg,726,20
p01,day52/0561.jpg,723,51
p01,day52/0564.jpg,173,23
p01,day52/0569.jpg,374,578
p01,day52/0570.jpg,274,501
p01,day52/0578.jpg,342,726
p01,day52/0595.jpg,636,146
p01,day52/0609.jpg,1039,596
p01,day52/0674.jpg,234,55
p01,day52/0677.jpg,82,342
p01,day52/0678.jpg,1347,817
p01,day52/0693.jpg,55,775
p01,day52/0702.jpg,380,644
p01,day52/0720.jpg,248,158
p01,day52/0721.jpg,1408,774
p01,day52/0731.jpg,1115,717
p01,day52/0759.jpg,1191,29
p01,day52/0768.jpg,1276,339
p01,day52/0769.jpg,215,689
p01,day52/0784.jpg,789,697
p01,day53/0010.jpg,900,342
p01,day53/0017.jpg,612,681
p01,day53/0024.jpg,29,466
p01,day53/0032.jpg,287,228
p01,day53/0034.jpg,3,745
p01,day53/0039.jpg,606,597
p01,day53/0063.jpg,839,432
p01,day53/0073.jpg,1210,583
p01,day53/0081.jpg,1014,712
p01,day53/0084.jpg,979,744
p01,day53/0091.jpg,371,650
p01,day53/0096.jpg,1203,322
p01,day53/0104.jpg,1328,796
p01,day53/0106.jpg,872,883
p01,day53/0119.jpg,1077,690
p01,day53/0125.jpg,666,542
p01,day53/0134.jpg,1329,494
p01,day53/0136.jpg,32,640
p01,day53/0137.jpg,273,608
p01,day53/0146.jpg,813,75
p01,day53/0148.jpg,502,510
p01,day53/0151.jpg,75,37
p01,day53/0153.jpg,585,383
p01,day53/0161.jpg,319,881
p01,day53/0162.jpg,690,352
p01,day53/0164.jpg,403,433
p01,day53/0170.jpg,1421,867
p01,day53/0184.jpg,1146,313
p01,day53/0188.jpg,5,325
p01,day53/0202.jpg,1387,438
p01,day53/0203.jpg,1200,527
p01,day53/0206.jpg,52,766
p01,day53/0216.jpg,1055,116
p01,day53/0222.jpg,942,264
p01,day53/0230.jpg,617,159
p01,day53/0260.jpg,1315,193
p01,day53/0267.jpg,1326,840
p01,day53/0277.jpg,285,786
p01,day53/0309.jpg,916,612
p01,day53/0311.jpg,1097,93
p01,day53/0316.jpg,358,90
p01,day53/0317.jpg,259,642
p01,day53/0327.jpg,555,542
p01,day53/0375.jpg,1225,887
p01,day53/0376.jpg,362,844
p01,day53/0394.jpg,975,374
p01,day53/0396.jpg,644,280
p01,day53/0401.jpg,817,769
p01,day53/0403.jpg,66,726
p01,day53/0405.jpg,1064,90
p01,day53/0411.jpg,1333,705
p01,day53/0412.jpg,10,46
p01,day53/0434.jpg,620,504
p01,day53/0442.jpg,1008,787
p01,day53/0455.jpg,1282,38
p01,day53/0457.jpg,1259,197
p01,day53/0459.jpg,767,593
p01,day53/0475.jpg,999,338
p01,day53/0477.jpg,848,63
p01,day53/0488.jpg,741,750
p01,day53/0489.jpg,289,602
p01,day53/0498.jpg,443,664
p01,day53/0507.jpg,875,655
p01,day53/0517.jpg,285,750
p01,day53/0526.jpg,1081,578
p01,day53/0528.jpg,825,318
p01,day53/0540.jpg,1247,5
p01,day53/0557.jpg,976,231
p01,day53/0572.jpg,83,323
p01,day53/0576.jpg,398,241
p01,day53/0578.jpg,797,576
p01,day53/0579.jpg,290,441
p01,day53/0580.jpg,656,145
p01,day53/0583.jpg,132,417
p01,day53/0594.jpg,1324,779
p01,day53/0598.jpg,676,129
p01,day53/0599.jpg,763,172
p01,day53/0601.jpg,505,539
p01,day53/0602.jpg,1397,830
p01,day53/0619.jpg,805,169
p01,day53/0621.jpg,1379,292
p01,day53/0623.jpg,384,740
p01,day53/0638.jpg,805,240
p01,day53/0639.jpg,1,542
p01,day53/0650.jpg,30,387
p01,day53/0673.jpg,278,278
p01,day53/0674.jpg,1388,481
p01,day53/0678.jpg,93,724
p01,day53/0682.jpg,104,36
p01,day53/0689.jpg,1059,571
p01,day53/0690.jpg,9,715
p01,day53/0691.jpg,853,552
p01,day53/0696.jpg,476,702
p01,day53/0704.jpg,1010,666
p01,day53/0712.jpg,75,57
p01,day53/0713.jpg,185,789
p01,day53/0714.jpg,337,19
p01,day54/0002.jpg,1336,597
p01,day54/0004.jpg,1311,629
p01,day54/0015.jpg,88,5
p01,day54/0025.jpg,1340,371
p01,day54/0030.jpg,706,689
p01,day54/0031.jpg,1123,422
p01,day54/0047.jpg,550,488
p01,day54/0052.jpg,1365,400
p01,day54/0069.jpg,201,172
p01,day54/0070.jpg,511,312
p01,day54/0073.jpg,817,372
p01,day54/0074.jpg,217,23
p01,day54/0085.jpg,1199,138
p01,day54/0087.jpg,840,779
p01,day54/0102.jpg,515,37
p01,day54/0130.jpg,843,875
p01,day54/0142.jpg,1282,161
p01,day54/0154.jpg,784,811
p01,day54/0159.jpg,1059,83
p01,day54/0165.jpg,752,692
p01,day54/0170.jpg,939,890
p01,day54/0172.jpg,1405,414
p01,day54/0186.jpg,1014,754
p01,day54/0194.jpg,766,513
p01,day54/0209.jpg,1409,774
p01,day54/0225.jpg,1203,54
p01,day54/0261.jpg,995,66
p01,day54/0272.jpg,841,284
p01,day54/0273.jpg,925,527
p01,day54/0279.jpg,1276,797
p01,day54/0293.jpg,1127,815
p01,day54/0295.jpg,817,651
p01,day54/0298.jpg,849,594
p01,day54/0302.jpg,715,154
p01,day54/0303.jpg,607,746
p01,day54/0331.jpg,198,448
p01,day54/0337.jpg,525,822
p01,day54/0347.jpg,1013,757
p01,day54/0355.jpg,70,635
p01,day54/0357.jpg,1197,719
p01,day54/0369.jpg,134,18
p01,day54/0373.jpg,1093,530
p01,day54/0395.jpg,494,248
p01,day54/0399.jpg,892,394
p01,day54/0408.jpg,999,647
p01,day54/0410.jpg,1368,4
p01,day54/0414.jpg,151,172
p01,day54/0417.jpg,303,846
p01,day54/0429.jpg,49,405
p01,day54/0444.jpg,945,223
p01,day54/0452.jpg,438,773
p01,day54/0459.jpg,1035,101
p01,day54/0461.jpg,1045,330
p01,day54/0482.jpg,395,886
p01,day54/0491.jpg,280,147
p01,day54/0500.jpg,1009,618
p01,day54/0517.jpg,269,891
p01,day54/0518.jpg,689,677
p01,day54/0525.jpg,920,544
p01,day54/0527.jpg,1340,424
p01,day54/0528.jpg,644,865
p01,day54/0557.jpg,1386,401
p01,day54/0558.jpg,621,235
p01,day54/0560.jpg,162,705
p01,day54/0563.jpg,1089,645
p01,day54/0574.jpg,1064,580
p01,day54/0592.jpg,1035,455
p01,day54/0595.jpg,342,537
p01,day54/0596.jpg,761,864
p01,day54/0604.jpg,1076,677
p01,day54/0624.jpg,532,515
p01,day54/0635.jpg,146,571
p01,day54/0647.jpg,528,814
p01,day54/0672.jpg,1338,124
p01,day54/0682.jpg,729,528
p01,day54/0686.jpg,1092,856
p01,day54/0689.jpg,751,555
p01,day54/0710.jpg,417,889
p01,day55/0006.jpg,1305,797
p01,day55/0017.jpg,1328,469
p01,day55/0027.jpg,196,495
p01,day55/0030.jpg,907,773
p01,day55/0037.jpg,1062,203
p01,day55/0064.jpg,936,688
p01,day55/0078.jpg,877,865
p01,day55/0079.jpg,786,899
p01,day55/0080.jpg,339,374
p01,day55/0087.jpg,672,436
p01,day55/0091.jpg,679,52
p01,day55/0100.jpg,40,228
p01,day55/0102.jpg,537,738
p01,day55/0104.jpg,131,643
p01,day55/0141.jpg,370,508
p01,day55/0150.jpg,957,705
p01,day55/0159.jpg,384,230
p01,day55/0207.jpg,1208,121
p01,day55/0210.jpg,536,820
p01,day55/0213.jpg,899,20
p01,day55/0216.jpg,63,322
p01,day55/0244.jpg,678,264
p01,day55/0245.jpg,1293,525
p01,day55/0251.jpg,451,661
p01,day55/0252.jpg,1389,597
p01,day55/0259.jpg,966,565
p01,day55/0273.jpg,1092,557
p01,day55/0275.jpg,1129,765
p01,day55/0313.jpg,1292,352
p01,day55/0316.jpg,977,366
p01,day55/0319.jpg,528,326
p01,day55/0326.jpg,298,160
p01,day55/0342.jpg,997,101
p01,day55/0362.jpg,1370,30
p01,day55/0366.jpg,595,767
p01,day55/0369.jpg,191,26
p01,day55/0402.jpg,1168,208
p01,day55/0406.jpg,279,768
p01,day55/0410.jpg,1110,254
p01,day55/0416.jpg,884,68
p01,day55/0419.jpg,1188,828
p01,day55/0421.jpg,102,192
p01,day55/0425.jpg,629,388
p01,day56/0010.jpg,452,32
p01,day56/0019.jpg,150,445
p01,day56/0029.jpg,696,554
p01,day56/0033.jpg,397,151
p01,day56/0036.jpg,873,714
p01,day56/0049.jpg,37,876
p01,day56/0053.jpg,897,112
p01,day56/0056.jpg,525,541
p01,day56/0067.jpg,379,678
p01,day56/0068.jpg,729,55
p01,day56/0077.jpg,1085,523
p01,day56/0081.jpg,464,713
p01,day56/0083.jpg,38,53
p01,day56/0096.jpg,7,168
p01,day56/0109.jpg,483,703
p01,day56/0115.jpg,129,707
p01,day56/0116.jpg,1206,45
p01,day56/0118.jpg,1245,79
p01,day56/0122.jpg,898,242
p01,day56/0126.jpg,1019,418
p01,day56/0143.jpg,616,866
p01,day56/0145.jpg,141,533
p01,day56/0158.jpg,977,649
p01,day56/0159.jpg,1431,726
p01,day56/0162.jpg,1043,2
p01,day56/0183.jpg,1324,58
p01,day56/0201.jpg,385,463
p01,day56/0212.jpg,965,811
p01,day56/0214.jpg,1420,235
p01,day56/0226.jpg,864,702
p01,day56/0228.jpg,1298,106
p01,day56/0237.jpg,888,79
p01,day56/0239.jpg,269,115
p01,day56/0258.jpg,1014,593
p01,day56/0273.jpg,547,591
p01,day56/0280.jpg,160,106
p01,day56/0286.jpg,651,899
p01,day56/0296.jpg,1182,823
p01,day56/0297.jpg,247,250
p01,day56/0323.jpg,590,487
p01,day56/0367.jpg,725,498
p01,day57/0013.jpg,1412,508
p01,day57/0019.jpg,776,770
p01,day57/0021.jpg,89,224
p01,day57/0025.jpg,977,525
p01,day57/0042.jpg,1333,369
p01,day57/0043.jpg,796,48
p01,day57/0055.jpg,839,200
p01,day57/0069.jpg,1244,748
p01,day57/0070.jpg,779,212
p01,day57/0076.jpg,573,22
p01,day57/0100.jpg,910,480
p01,day57/0113.jpg,439,410
p01,day57/0116.jpg,103,392
p01,day57/0135.jpg,784,283
p01,day57/0136.jpg,791,69
p01,day57/0141.jpg,1112,559
p01,day57/0146.jpg,1437,89
p01,day57/0160.jpg,1144,886
p01,day57/0177.jpg,913,545
p01,day57/0185.jpg,416,240
p01,day57/0199.jpg,324,789
p01,day57/0200.jpg,253,630
p01,day57/0202.jpg,887,247
p01,day57/0206.jpg,462,188
p01,day57/0217.jpg,744,551
p01,day57/0218.jpg,97,833
p01,day57/0221.jpg,596,608
p01,day57/0257.jpg,922,803
p01,day57/0260.jpg,50,187
p01,day57/0267.jpg,86,110
p01,day57/0292.jpg,1121,184
p01,day57/0312.jpg,543,797
p01,day57/0321.jpg,465,271
p01,day57/0323.jpg,337,689
p01,day57/0335.jpg,101,83
p01,day57/0352.jpg,358,257
p01,day57/0354.jpg,842,261
p01,day57/0360.jpg,691,780
p01,day57/0373.jpg,372,726
p01,day57/0378.jpg,65,411
p01,day57/0383.jpg,347,377
p01,day57/0401.jpg,1383,95
p01,day57/0411.jpg,1258,397
p01,day57/0436.jpg,1279,696
p01,day58/0010.jpg,661,847
p01,day58/0015.jpg,1123,848
p01,day58/0029.jpg,1037,129
p01,day58/0054.jpg,628,105
p01,day58/0056.jpg,1040,424
p01,day58/0074.jpg,326,429
p01,day58/0088.jpg,964,352
p01,day58/0096.jpg,25,613
p01,day58/0106.jpg,1109,333
p01,day58/0121.jpg,62,809
p01,day58/0141.jpg,629,800
p01,day58/0143.jpg,174,340
p01,day58/0150.jpg,162,425
p01,day58/0179.jpg,1223,497
p01,day58/0193.jpg,303,720
p01,day58/0200.jpg,664,372
p01,day58/0207.jpg,1314,398
p01,day58/0227.jpg,1372,225
p01,day58/0236.jpg,737,363
p01,day58/0257.jpg,751,106
p01,day58/0261.jpg,42,490
p01,day58/0263.jpg,1154,440
p01,day58/0265.jpg,1130,45
p01,day58/0268.jpg,144,282
p01,day58/0269.jpg,1071,514
p01,day58/0272.jpg,1436,755
p01,day58/0276.jpg,92,95
p01,day58/0297.jpg,983,569
p01,day58/0299.jpg,1034,330
p01,day58/0302.jpg,1049,465
p01,day58/0311.jpg,612,63
p01,day58/0312.jpg,399,11
p01,day58/0329.jpg,496,381
p01,day58/0333.jpg,946,190
p01,day58/0334.jpg,1366,110
p01,day58/0342.jpg,1398,859
p01,day58/0349.jpg,1024,713
p01,day58/0366.jpg,327,823
p01,day58/0367.jpg,1296,888
p01,day58/0378.jpg,128,11
p01,day58/0379.jpg,447,419
p01,day58/0381.jpg,222,122
p01,day58/0385.jpg,826,342
p01,day58/0391.jpg,132,319
p01,day58/0393.jpg,690,879
p01,day58/0394.jpg,176,644
p01,day58/0407.jpg,489,63
p01,day58/0410.jpg,1006,170
p01,day58/0439.jpg,414,589
p01,day58/0453.jpg,306,277
p01,day58/0455.jpg,944,489
p01,day58/0506.jpg,316,418
p01,day58/0524.jpg,1084,475
p01,day58/0560.jpg,107,165
p01,day58/0561.jpg,888,645
p01,day58/0566.jpg,362,327
p01,day58/0573.jpg,277,577
p01,day58/0582.jpg,536,474
p01,day58/0590.jpg,671,155
p01,day58/0605.jpg,1033,711
p01,day58/0610.jpg,187,383
p01,day58/0613.jpg,1387,2
p01,day58/0615.jpg,786,432
p01,day58/0618.jpg,302,33
p01,day58/0622.jpg,90,164
p01,day58/0623.jpg,256,772
p01,day58/0628.jpg,1229,320
p01,day58/0648.jpg,385,202
p01,day58/0660.jpg,813,196
p01,day58/0670.jpg,1082,508
p01,day58/0677.jpg,452,438
p01,day58/0680.jpg,112,117
p01,day58/0694.jpg,1362,547
p01,day58/0697.jpg,555,283
p01,day58/0707.jpg,779,513
p01,day58/0713.jpg,1384,163
p01,day58/0718.jpg,105,723
p01,day58/0719.jpg,1119,315
p01,day58/0721.jpg,277,148
p01,day58/0730.jpg,1009,98
p01,day58/0753.jpg,351,821
p01,day58/0772.jpg,1027,61
p01,day58/0776.jpg,1033,394
p01,day58/0779.jpg,1047,166
p01,day58/0799.jpg,1379,469
p01,day59/0003.jpg,1427,698
p01,day59/0005.jpg,1326,602
p01,day59/0009.jpg,451,418
p01,day59/0023.jpg,955,644
p01,day59/0026.jpg,1160,278
p01,day59/0037.jpg,47,896
p01,day59/0042.jpg,172,561
p01,day59/0052.jpg,760,792
p01,day59/0059.jpg,1060,664
p01,day59/0070.jpg,978,793
p01,day59/0077.jpg,1315,187
p01,day59/0080.jpg,298,33
p01,day59/0082.jpg,1243,818
p01,day59/0097.jpg,918,425
p01,day59/0098.jpg,1032,803
p01,day59/0159.jpg,369,160
p01,day59/0170.jpg,1148,266
p01,day59/0177.jpg,990,250
p01,day59/0178.jpg,1411,875
p01,day59/0205.jpg,456,283
p01,day59/0223.jpg,45,91
p01,day59/0229.jpg,432,729
p01,day59/0233.jpg,270,482
p01,day59/0236.jpg,300,93
p01,day59/0238.jpg,345,72
p01,day59/0270.jpg,26,645
p01,day59/0274.jpg,137,211
p01,day59/0285.jpg,870,120
p01,day59/0291.jpg,894,675
p01,day59/0296.jpg,526,863
p01,day59/0315.jpg,446,94
p01,day59/0316.jpg,1044,479
p01,day59/0319.jpg,1060,481
p01,day59/0327.jpg,197,312
p01,day59/0345.jpg,363,101
p01,day59/0347.jpg,1285,432
p01,day59/0368.jpg,1159,757
p01,day59/0379.jpg,785,534
p01,day59/0387.jpg,563,518
p01,day59/0391.jpg,1388,871
p01,day59/0397.jpg,116,29
p01,day59/0421.jpg,1309,473
p01,day59/0425.jpg,1113,503
p01,day59/0427.jpg,780,848
p01,day59/0449.jpg,164,409
p01,day59/0453.jpg,1143,47
p01,day59/0455.jpg,1088,155
p01,day59/0466.jpg,1240,773
p01,day59/0474.jpg,43,885
p01,day59/0479.jpg,413,764
p01,day59/0484.jpg,1373,510
p01,day59/0514.jpg,230,572
p01,day59/0515.jpg,212,267
p01,day59/0531.jpg,996,521
p01,day59/0534.jpg,1004,143
p01,day59/0555.jpg,1364,3
p01,day59/0557.jpg,549,741
p01,day59/0579.jpg,903,409
p01,day59/0590.jpg,105,639
p01,day59/0594.jpg,1233,888
p01,day59/0595.jpg,783,184
p01,day59/0611.jpg,1070,374
p01,day59/0616.jpg,166,675
p01,day60/0001.jpg,681,885
p01,day60/0004.jpg,255,335
p01,day60/0018.jpg,1273,529
p01,day60/0023.jpg,775,226
p01,day60/0036.jpg,100,287
p01,day60/0045.jpg,372,313
p01,day60/0047.jpg,248,293
p01,day60/0056.jpg,825,4
p01,day60/0057.jpg,1268,608
p01,day60/0058.jpg,1211,81
p01,day60/0072.jpg,803,542
p01,day60/0074.jpg,306,607
p01,day60/0090.jpg,413,712
p01,day60/0092.jpg,283,899
p01,day60/0095.jpg,840,144
p01,day60/0131.jpg,425,765
p01,day60/0133.jpg,1275,200
p01,day60/0135.jpg,1069,272
p01,day60/0137.jpg,241,592
p01,day60/0141.jpg,81,562
p01,day60/0144.jpg,1388,565
p01,day60/0147.jpg,1329,37
p01,day60/0156.jpg,1143,629
p01,day61/0020.jpg,1050,475
p01,day61/0029.jpg,1290,211
p01,day61/0030.jpg,97,200
p01,day61/0047.jpg,546,223
p01,day61/0065.jpg,157,738
p01,day61/0076.jpg,126,472
p01,day61/0095.jpg,209,255
p01,day61/0100.jpg,1318,494
p01,day61/0105.jpg,764,320
p01,day61/0110.jpg,717,895
p01,day61/0127.jpg,1101,754
p01,day61/0129.jpg,444,832
p01,day61/0139.jpg,497,607
p01,day61/0143.jpg,1416,885
p01,day61/0144.jpg,1055,898
p01,day61/0147.jpg,10,822
p01,day61/0155.jpg,429,24
p01,day61/0163.jpg,1318,301
p01,day61/0169.jpg,610,350
p01,day61/0174.jpg,1128,511
p01,day61/0181.jpg,739,573
p01,day61/0196.jpg,1080,297
p01,day61/0201.jpg,1042,452
p01,day61/0217.jpg,297,346
p01,day61/0222.jpg,48,251
p01,day61/0227.jpg,1244,625
p01,day61/0239.jpg,342,711
p01,day61/0281.jpg,536,825
p01,day61/0296.jpg,1151,518
p01,day61/0297.jpg,1223,361
p01,day61/0301.jpg,603,634
p01,day61/0302.jpg,177,765
p01,day61/0319.jpg,1109,269
p01,day61/0321.jpg,1073,746
p01,day61/0344.jpg,146,448
p01,day61/0348.jpg,248,99
p01,day61/0351.jpg,378,231
p01,day61/0364.jpg,1040,443
p01,day61/0377.jpg,169,570
p01,day61/0387.jpg,572,75
p01,day61/0389.jpg,82,239
p01,day61/0393.jpg,285,679
p01,day61/0394.jpg,37,422
p01,day61/0421.jpg,205,119
p01,day61/0430.jpg,1259,647
p01,day61/0432.jpg,168,797
p01,day61/0459.jpg,1247,791
p01,day61/0479.jpg,1042,867
p01,day61/0492.jpg,475,463
p01,day62/0003.jpg,576,43
p01,day62/0016.jpg,1370,224
p01,day62/0033.jpg,217,231
p01,day62/0036.jpg,563,724
p01,day62/0038.jpg,467,311
p01,day62/0039.jpg,749,890
p01,day62/0042.jpg,1124,232
p01,day62/0047.jpg,1001,70
p01,day62/0059.jpg,298,479
p01,day62/0063.jpg,1285,674
p01,day62/0065.jpg,1299,671
p01,day62/0068.jpg,1035,502
p01,day62/0070.jpg,248,215
p01,day62/0088.jpg,832,364
p01,day62/0107.jpg,656,658
p01,day62/0130.jpg,522,500
p01,day62/0143.jpg,780,392
p01,day62/0152.jpg,768,480
p01,day62/0156.jpg,605,466
p01,day62/0158.jpg,89,624
p01,day62/0172.jpg,623,226
p01,day62/0184.jpg,529,380
p01,day62/0207.jpg,1298,276
p01,day62/0221.jpg,1133,69
p01,day62/0223.jpg,1336,563
p01,day62/0232.jpg,659,102
p01,day62/0239.jpg,794,368
p01,day62/0242.jpg,1303,334
p01,day62/0251.jpg,449,195
p01,day62/0258.jpg,1033,635
p01,day62/0265.jpg,726,728
p01,day62/0275.jpg,727,752
p01,day62/0280.jpg,1150,646
p01,day62/0293.jpg,990,787
p01,day62/0306.jpg,442,583
p01,day63/0004.jpg,854,418
p01,day63/0008.jpg,1419,634
p01,day63/0018.jpg,939,745
p01,day63/0025.jpg,1273,525
p01,day63/0029.jpg,672,136
p01,day63/0036.jpg,809,835
p01,day63/0037.jpg,465,400
p01,day63/0038.jpg,492,220
p01,day63/0042.jpg,1239,583
p01,day63/0046.jpg,1384,246
p01,day63/0053.jpg,755,805
p01,day63/0067.jpg,779,398
p01,day63/0068.jpg,537,38
p01,day63/0076.jpg,124,825
p01,day63/0100.jpg,676,411
p01,day63/0101.jpg,479,15
p01,day63/0105.jpg,226,59
p01,day63/0120.jpg,1143,656
p01,day63/0121.jpg,165,270
p01,day63/0124.jpg,1002,576
p01,day63/0140.jpg,523,523
p01,day63/0148.jpg,582,236
p01,day63/0177.jpg,1238,436
p01,day63/0192.jpg,420,471
p01,day63/0203.jpg,23,16
p01,day63/0213.jpg,735,83
p01,day63/0230.jpg,1393,838
p01,day63/0232.jpg,1260,563
p01,day63/0247.jpg,167,72
p01,day63/0250.jpg,368,679
p01,day63/0253.jpg,643,70
p01,day63/0260.jpg,1370,703
p01,day63/0265.jpg,565,201
p01,day63/0285.jpg,1355,369
p01,day63/0292.jpg,1412,320
p01,day63/0296.jpg,57,83
p01,day63/0300.jpg,599,601
p01,day63/0303.jpg,522,346
p01,day63/0308.jpg,911,77
p01,day63/0311.jpg,437,102
p01,day63/0315.jpg,1352,326
p01,day63/0322.jpg,698,755
p01,day63/0326.jpg,839,42
p01,day63/0330.jpg,987,402
p01,day63/0335.jpg,1035,840
p01,day63/0337.jpg,960,899
p01,day63/0338.jpg,1319,850
p01,day63/0348.jpg,117,478
p01,day63/0356.jpg,612,43
p01,day63/0357.jpg,1400,456
p01,day63/0359.jpg,225,24
p01,day63/0365.jpg,1134,823
p01,day63/0375.jpg,145,124
p01,day63/0380.jpg,1148,827
p01,day63/0391.jpg,1150,561
p01,day63/0397.jpg,422,344
p01,day63/0401.jpg,972,101
p01,day63/0403.jpg,1008,393
p01,day63/0415.jpg,309,443
p01,day63/0436.jpg,1201,73
p01,day63/0441.jpg,376,631
p01,day63/0450.jpg,934,529
p01,day63/0469.jpg,1276,80
p01,day63/0475.jpg,228,572
p01,day63/0486.jpg,889,101
p01,day63/0488.jpg,225,222
p01,day63/0490.jpg,828,370
p01,day63/0501.jpg,649,99
p01,day63/0506.jpg,1301,833
p01,day63/0528.jpg,901,305
p01,day63/0529.jpg,437,313
p01,day63/0572.jpg,1162,827
p01,day63/0573.jpg,1059,650
p01,day64/0011.jpg,983,232
p01,day64/0022.jpg,557,470
p01,day64/0024.jpg,620,161
p01,day64/0028.jpg,1002,680
p01,day64/0037.jpg,204,605
p01,day64/0044.jpg,657,12
p01,day64/0049.jpg,162,773
p01,day64/0050.jpg,777,130
p01,day64/0065.jpg,208,882
p01,day64/0097.jpg,96,230
p01,day64/0113.jpg,723,110
p01,day64/0115.jpg,1042,25
p01,day64/0125.jpg,1105,569
p01,day64/0126.jpg,262,861
p01,day64/0138.jpg,1119,498
p01,day64/0141.jpg,1168,439
p01,day64/0145.jpg,901,484
p01,day64/0164.jpg,442,303
p01,day64/0167.jpg,917,794
p01,day64/0173.jpg,1203,141
p01,day64/0177.jpg,759,732
p01,day64/0178.jpg,563,124
p01,day64/0185.jpg,25,231
p01,day64/0188.jpg,1242,669
p01,day64/0210.jpg,1095,374
p01,day64/0214.jpg,875,865
p01,day64/0216.jpg,1337,745
p01,day64/0225.jpg,972,744
p01,day64/0242.jpg,860,58
p01,day64/0253.jpg,1372,228
p01,day64/0255.jpg,1311,713
p01,day64/0272.jpg,500,724
p01,day65/0004.jpg,807,864
p01,day65/0010.jpg,163,441
p01,day65/0011.jpg,468,88
p01,day65/0020.jpg,537,764
p01,day65/0025.jpg,356,568
p01,day65/0029.jpg,1373,92
p01,day65/0031.jpg,1059,94
p01,day65/0040.jpg,954,746
p01,day65/0041.jpg,149,778
p01,day65/0046.jpg,13,137
p01,day65/0053.jpg,73,200
p01,day65/0074.jpg,383,502
p01,day65/0079.jpg,1404,380
p01,day65/0082.jpg,871,453
p01,day65/0089.jpg,504,635
p01,day65/0090.jpg,1212,217
p01,day65/0098.jpg,554,465
p01,day65/0101.jpg,537,285
p01,day65/0106.jpg,607,5
p01,day65/0114.jpg,1345,326
p01,day65/0117.jpg,829,812
p01,day65/0120.jpg,1308,57
p01,day65/0130.jpg,777,86
p01,day65/0135.jpg,434,778
p01,day65/0139.jpg,876,783
p01,day65/0159.jpg,133,629
p01,day65/0161.jpg,713,724
p01,day65/0167.jpg,1281,331
p01,day65/0184.jpg,637,426
p01,day65/0193.jpg,272,713
p01,day65/0202.jpg,568,200
p01,day65/0252.jpg,779,747
p01,day65/0262.jpg,1164,312
p01,day65/0272.jpg,413,51
p01,day65/0273.jpg,466,486
p01,day65/0287.jpg,215,58
p01,day65/0289.jpg,743,589
p01,day65/0311.jpg,284,451
p01,day65/0323.jpg,948,661
p01,day65/0330.jpg,1075,346
p01,day65/0331.jpg,1246,464
p01,day65/0336.jpg,1071,209
p01,day65/0339.jpg,844,351
p01,day65/0346.jpg,910,564
p01,day65/0352.jpg,599,236
p01,day65/0363.jpg,959,646
p01,day65/0364.jpg,163,645
p01,day66/0016.jpg,385,395
p01,day66/0019.jpg,1264,45
p01,day66/0020.jpg,831,162
p01,day66/0024.jpg,1222,761
p01,day66/0029.jpg,1348,738
p01,day66/0031.jpg,132,458
p01,day66/0033.jpg,552,792
p01,day66/0061.jpg,966,329
p01,day66/0072.jpg,1362,212
p01,day66/0075.jpg,701,752
p01,day66/0095.jpg,857,694
p01,day66/0134.jpg,294,748
p01,day66/0144.jpg,200,182
p01,day66/0146.jpg,470,144
p01,day66/0155.jpg,442,48
p01,day66/0160.jpg,1407,839
p01,day66/0164.jpg,659,309
p01,day66/0168.jpg,492,611
p01,day66/0189.jpg,863,653
p01,day66/0211.jpg,413,849
p01,day66/0234.jpg,223,521
p01,day66/0235.jpg,1373,217
p01,day66/0244.jpg,903,664
p01,day66/0247.jpg,312,582
p01,day66/0252.jpg,135,381
p01,day66/0266.jpg,1138,92
p01,day66/0269.jpg,1262,823
p01,day66/0280.jpg,532,635
p01,day66/0283.jpg,169,637
p01,day66/0290.jpg,1033,104
p01,day66/0314.jpg,1086,650
p01,day66/0319.jpg,930,133
p01,day66/0321.jpg,636,360
p01,day66/0322.jpg,556,576
p01,day66/0324.jpg,802,419
p01,day66/0325.jpg,1268,444
p01,day67/0005.jpg,885,844
p01,day67/0006.jpg,1430,69
p01,day67/0008.jpg,647,531
p01,day67/0012.jpg,546,122
p01,day67/0015.jpg,1431,462
p01,day67/0016.jpg,254,599
p01,day67/0019.jpg,1393,861
p01,day67/0024.jpg,822,609
p01,day67/0029.jpg,1352,385
p01,day67/0033.jpg,1008,840
p01,day67/0045.jpg,979,453
p01,day67/0046.jpg,1429,598
p01,day67/0059.jpg,1102,748
p01,day67/0067.jpg,897,171
p01,day67/0068.jpg,273,152
p01,day67/0073.jpg,802,435
p01,day67/0084.jpg,1147,320
p01,day67/0086.jpg,746,81
p01,day67/0107.jpg,895,843
p01,day67/0122.jpg,216,208
p01,day67/0123.jpg,1288,870
p01,day67/0126.jpg,345,463
p01,day67/0127.jpg,267,710
p01,day67/0129.jpg,404,425
p01,day67/0132.jpg,1285,59
p01,day67/0139.jpg,657,284
p01,day67/0173.jpg,844,375
p01,day67/0177.jpg,875,513
p01,day67/0194.jpg,1031,455
p01,day67/0201.jpg,1310,893
p01,day67/0205.jpg,552,834
p01,day67/0221.jpg,1008,753
p01,day67/0226.jpg,799,381
p01,day67/0236.jpg,296,771
p01,day67/0242.jpg,1173,147
p01,day67/0243.jpg,1187,503
p01,day67/0244.jpg,1376,125
p01,day67/0248.jpg,433,333
p01,day67/0249.jpg,928,353
p01,day67/0250.jpg,1422,603
p01,day67/0252.jpg,390,790
p01,day67/0268.jpg,1102,316
p01,day67/0269.jpg,6,621
p01,day67/0279.jpg,1376,637
p01,day67/0281.jpg,1170,225
p01,day67/0287.jpg,832,220
p01,day67/0290.jpg,1430,593
p01,day67/0305.jpg,560,239
p01,day67/0307.jpg,893,111
p01,day67/0310.jpg,663,747
p01,day67/0317.jpg,884,630
p01,day67/0332.jpg,1033,11
p01,day67/0347.jpg,17,610
p01,day67/0356.jpg,242,85
p01,day67/0358.jpg,53,115
p01,day67/0365.jpg,1377,14
p01,day68/0001.jpg,220,102
p01,day68/0008.jpg,966,514
p01,day68/0011.jpg,543,121
p04,day01/0009.jpg,393,780
p04,day01/0014.jpg,19,343
p04,day01/0020.jpg,940,517
p04,day01/0021.jpg,162,37
p04,day01/0033.jpg,73,782
p04,day01/0035.jpg,794,718
p04,day01/0041.jpg,623,376
p04,day01/0053.jpg,581,596
p04,day01/0056.jpg,507,783
p04,day01/0061.jpg,89,281
p04,day01/0072.jpg,525,9
p04,day01/0083.jpg,476,671
p04,day01/0089.jpg,689,31
p04,day01/0091.jpg,154,757
p04,day01/0109.jpg,288,257
p04,day01/0114.jpg,1168,44
p04,day01/0119.jpg,811,710
p04,day01/0141.jpg,559,478
p04,day01/0146.jpg,253,472
p04,day01/0153.jpg,351,439
p04,day01/0154.jpg,927,603
p04,day01/0162.jpg,857,545
p04,day01/0171.jpg,1038,337
p04,day01/0177.jpg,1112,503
p04,day01/0181.jpg,802,748
p04,day01/0193.jpg,301,471
p04,day01/0204.jpg,722,413
p04,day01/0209.jpg,167,34
p04,day01/0213.jpg,1252,778
p04,day01/0220.jpg,891,355
p04,day01/0221.jpg,713,296
p04,day01/0223.jpg,806,785
p04,day01/0231.jpg,1254,621
p04,day01/0240.jpg,439,440
p04,day01/0242.jpg,162,295
p04,day01/0244.jpg,24,109
p04,day01/0248.jpg,334,428
p04,day01/0251.jpg,132,146
p04,day01/0256.jpg,306,788
p04,day01/0259.jpg,916,319
p04,day01/0261.jpg,593,631
p04,day01/0265.jpg,392,495
p04,day01/0266.jpg,770,96
p04,day01/0273.jpg,305,236
p04,day01/0275.jpg,291,339
p04,day01/0277.jpg,677,681
p04,day01/0290.jpg,504,586
p04,day01/0300.jpg,119,124
p04,day01/0306.jpg,347,420
p04,day01/0310.jpg,121,462
p04,day01/0312.jpg,498,228
p04,day01/0335.jpg,199,128
p04,day01/0355.jpg,866,57
p04,day01/0356.jpg,557,300
p04,day01/0371.jpg,817,256
p04,day01/0372.jpg,1092,351
p04,day01/0375.jpg,45,132
p04,day01/0390.jpg,222,494
p04,day01/0399.jpg,84,533
p04,day01/0407.jpg,1160,644
p04,day01/0410.jpg,713,368
p04,day01/0411.jpg,722,541
p04,day01/0422.jpg,306,723
p04,day01/0447.jpg,591,450
p04,day01/0453.jpg,638,348
p04,day01/0457.jpg,647,388
p04,day01/0464.jpg,190,746
p04,day01/0473.jpg,80,566
p04,day01/0478.jpg,1091,523
p04,day01/0492.jpg,1147,680
p04,day01/0495.jpg,161,155
p04,day01/0498.jpg,496,304
p04,day01/0500.jpg,1008,339
p04,day01/0504.jpg,1273,228
p04,day01/0514.jpg,768,542
p04,day01/0518.jpg,745,632
p04,day01/0532.jpg,58,346
p04,day01/0543.jpg,660,396
p04,day01/0549.jpg,967,230
p04,day01/0550.jpg,89,26
p04,day01/0566.jpg,1211,173
p04,day01/0586.jpg,226,775
p04,day01/0587.jpg,795,500
p04,day01/0605.jpg,389,685
p04,day01/0608.jpg,1046,14
p04,day01/0626.jpg,273,61
p04,day01/0636.jpg,814,111
p04,day01/0637.jpg,1228,365
p04,day01/0648.jpg,965,617
p04,day01/0665.jpg,689,195
p04,day01/0670.jpg,926,523
p04,day01/0680.jpg,861,598
p04,day01/0686.jpg,1068,725
p04,day01/0690.jpg,543,399
p04,day01/0693.jpg,1212,165
p04,day01/0694.jpg,928,318
p04,day01/0695.jpg,650,715
p04,day01/0697.jpg,789,671
p04,day01/0699.jpg,1211,648
p04,day01/0703.jpg,934,50
p04,day01/0723.jpg,247,780
p04,day01/0731.jpg,316,699
p04,day01/0740.jpg,38,83
p04,day01/0752.jpg,23,257
p04,day01/0760.jpg,607,352
p04,day01/0762.jpg,574,95
p04,day01/0767.jpg,816,221
p04,day01/0770.jpg,1265,519
p04,day01/0774.jpg,296,768
p04,day01/0779.jpg,91,343
p04,day01/0788.jpg,237,521
p04,day01/0792.jpg,1109,791
p04,day01/0795.jpg,187,583
p04,day01/0796.jpg,570,205
p04,day01/0822.jpg,357,256
p04,day01/0823.jpg,638,480
p04,day01/0825.jpg,156,397
p04,day01/0827.jpg,762,591
p04,day01/0837.jpg,1158,255
p04,day01/0843.jpg,88,271
p04,day01/0847.jpg,407,226
p04,day01/0850.jpg,903,504
p04,day01/0851.jpg,482,418
p04,day01/0852.jpg,47,647
p04,day01/0855.jpg,580,625
p04,day01/0862.jpg,542,64
p04,day01/0869.jpg,163,109
p04,day01/0883.jpg,797,646
p04,day01/0885.jpg,1117,241
p04,day01/0891.jpg,1105,78
p04,day01/0897.jpg,538,145
p04,day01/0899.jpg,658,648
p04,day01/0902.jpg,30,599
p04,day01/0909.jpg,641,561
p04,day01/0911.jpg,84,729
p04,day01/0918.jpg,816,269
p04,day01/0921.jpg,289,410
p04,day01/0930.jpg,820,447
p04,day01/0945.jpg,1232,93
p04,day01/0951.jpg,603,187
p04,day01/0953.jpg,1215,533
p04,day01/0955.jpg,1184,586
p04,day01/0968.jpg,564,397
p04,day01/0971.jpg,657,757
p04,day01/0973.jpg,214,611
p04,day01/0979.jpg,1043,223
p04,day01/0984.jpg,301,267
p04,day01/0986.jpg,996,114
p04,day01/0991.jpg,1122,445
p04,day01/1008.jpg,817,588
p04,day01/1010.jpg,900,86
p04,day02/0001.jpg,645,714
p04,day02/0002.jpg,408,765
p04,day02/0004.jpg,224,135
p04,day02/0005.jpg,267,547
p04,day02/0009.jpg,315,648
p04,day02/0010.jpg,847,319
p04,day02/0021.jpg,261,331
p04,day02/0029.jpg,1186,624
p04,day02/0032.jpg,237,787
p04,day02/0039.jpg,561,603
p04,day02/0051.jpg,650,616
p04,day02/0058.jpg,1133,301
p04,day02/0060.jpg,1130,425
p04,day02/0061.jpg,472,9
p04,day02/0065.jpg,1058,264
p04,day02/0067.jpg,1271,45
p04,day02/0072.jpg,1247,660
p04,day02/0077.jpg,1163,695
p04,day02/0080.jpg,900,656
p04,day02/0081.jpg,720,478
p04,day02/0082.jpg,1128,553
p04,day02/0086.jpg,1276,350
p04,day02/0088.jpg,1136,352
p04,day02/0094.jpg,359,41
p04,day02/0108.jpg,663,291
p04,day02/0109.jpg,731,384
p04,day02/0113.jpg,1246,312
p04,day02/0123.jpg,168,193
p04,day02/0127.jpg,1190,286
p04,day02/0135.jpg,486,231
p04,day02/0145.jpg,1248,788
p04,day02/0148.jpg,955,338
p04,day02/0150.jpg,1189,676
p04,day02/0157.jpg,679,522
p04,day02/0170.jpg,254,285
p04,day02/0174.jpg,235,743
p04,day02/0180.jpg,1073,680
p04,day02/0194.jpg,126,402
p04,day02/0198.jpg,958,91
p04,day02/0201.jpg,991,603
p04,day02/0202.jpg,56,523
p04,day02/0207.jpg,1092,571
p04,day02/0208.jpg,219,46
p04,day02/0210.jpg,171,566
p04,day02/0221.jpg,923,599
p04,day02/0228.jpg,1026,785
p04,day02/0233.jpg,88,9
p04,day02/0250.jpg,1222,135
p04,day02/0251.jpg,643,593
p04,day02/0266.jpg,899,227
p04,day02/0277.jpg,690,285
p04,day02/0279.jpg,1279,560
p04,day02/0285.jpg,198,691
p04,day02/0292.jpg,624,649
p04,day02/0297.jpg,391,760
p04,day02/0300.jpg,106,646
p04,day02/0302.jpg,279,609
p04,day02/0308.jpg,112,653
p04,day02/0319.jpg,40,192
p04,day02/0320.jpg,982,17
p04,day02/0325.jpg,63,432
p04,day02/0330.jpg,220,429
p04,day02/0331.jpg,249,740
p04,day02/0341.jpg,1023,230
p04,day02/0348.jpg,861,90
p04,day02/0359.jpg,120,223
p04,day02/0364.jpg,80,379
p04,day02/0371.jpg,570,603
p04,day02/0372.jpg,662,32
p04,day02/0377.jpg,582,142
p04,day02/0380.jpg,1088,184
p04,day02/0381.jpg,753,53
p04,day02/0387.jpg,912,309
p04,day02/0389.jpg,1235,384
p04,day02/0399.jpg,414,510
p04,day02/0407.jpg,332,294
p04,day02/0411.jpg,680,263
p04,day02/0416.jpg,530,206
p04,day02/0418.jpg,879,14
p04,day02/0421.jpg,664,401
p04,day02/0428.jpg,1212,496
p04,day02/0433.jpg,900,618
p04,day02/0454.jpg,108,4
p04,day02/0460.jpg,42,351
p04,day02/0467.jpg,526,691
p04,day02/0468.jpg,1033,727
p04,day02/0469.jpg,104,391
p04,day02/0470.jpg,277,280
p04,day02/0472.jpg,86,270
p04,day02/0474.jpg,107,479
p04,day02/0485.jpg,672,57
p04,day02/0488.jpg,989,204
p04,day02/0494.jpg,80,121
p04,day02/0502.jpg,369,582
p04,day02/0503.jpg,926,50
p04,day02/0511.jpg,12,442
p04,day02/0515.jpg,1079,564
p04,day02/0522.jpg,1221,683
p04,day02/0524.jpg,13,484
p04,day02/0538.jpg,78,201
p04,day02/0541.jpg,910,199
p04,day02/0544.jpg,1157,472
p04,day02/0547.jpg,1244,130
p04,day02/0555.jpg,415,791
p04,day02/0556.jpg,1216,360
p04,day02/0558.jpg,797,140
p04,day03/0004.jpg,765,462
p04,day03/0017.jpg,1057,372
p04,day03/0021.jpg,565,50
p04,day03/0024.jpg,200,116
p04,day03/0025.jpg,776,98
p04,day03/0033.jpg,411,540
p04,day03/0042.jpg,866,263
p04,day03/0046.jpg,778,406
p04,day03/0049.jpg,1090,591
p04,day03/0057.jpg,1194,168
p04,day03/0060.jpg,175,642
p04,day03/0069.jpg,689,370
p04,day03/0071.jpg,1093,429
p04,day03/0076.jpg,501,271
p04,day03/0077.jpg,415,680
p04,day03/0082.jpg,1235,591
p04,day03/0087.jpg,153,720
p04,day03/0100.jpg,33,733
p04,day03/0109.jpg,857,672
p04,day03/0111.jpg,641,264
p04,day03/0117.jpg,1249,143
p04,day03/0120.jpg,597,217
p04,day03/0126.jpg,1201,193
p04,day03/0128.jpg,370,757
p04,day03/0138.jpg,1214,430
p04,day03/0150.jpg,528,329
p04,day03/0159.jpg,673,628
p04,day03/0161.jpg,183,381
p04,day03/0162.jpg,325,654
p04,day03/0166.jpg,701,707
p04,day03/0168.jpg,760,376
p04,day03/0172.jpg,576,644
p04,day03/0176.jpg,707,87
p04,day03/0182.jpg,792,124
p04,day03/0191.jpg,1067,574
p04,day03/0194.jpg,1113,582
p04,day03/0198.jpg,1166,452
p04,day03/0215.jpg,392,89
p04,day03/0218.jpg,935,782
p04,day03/0222.jpg,363,485
p04,day03/0223.jpg,764,334
p04,day03/0228.jpg,488,745
p04,day03/0239.jpg,383,563
p04,day03/0248.jpg,1211,222
p04,day03/0251.jpg,567,450
p04,day03/0263.jpg,193,709
p04,day03/0277.jpg,113,549
p04,day03/0280.jpg,1166,52
p04,day03/0283.jpg,1230,126
p04,day03/0286.jpg,1094,417
p04,day03/0298.jpg,1084,413
p04,day03/0304.jpg,628,457
p04,day03/0314.jpg,101,641
p04,day03/0316.jpg,1235,512
p04,day03/0323.jpg,130,508
p04,day03/0325.jpg,32,16
p04,day03/0329.jpg,465,564
p04,day03/0332.jpg,447,475
p04,day03/0335.jpg,559,61
p04,day03/0338.jpg,746,58
p04,day03/0366.jpg,636,551
p04,day03/0376.jpg,691,350
p04,day03/0378.jpg,981,195
p04,day03/0379.jpg,36,73
p04,day03/0380.jpg,146,319
p04,day03/0382.jpg,196,353
p04,day03/0387.jpg,521,601
p04,day03/0388.jpg,932,725
p04,day03/0395.jpg,386,634
p04,day03/0398.jpg,794,717
p04,day03/0399.jpg,1085,425
p04,day03/0406.jpg,386,399
p04,day03/0417.jpg,604,425
p04,day03/0421.jpg,292,176
p04,day03/0424.jpg,1125,31
p04,day03/0427.jpg,599,520
p04,day03/0428.jpg,1182,141
p04,day03/0431.jpg,932,255
p04,day03/0448.jpg,339,659
p04,day03/0452.jpg,899,789
p04,day03/0459.jpg,121,317
p04,day03/0465.jpg,1273,634
p04,day03/0478.jpg,1009,623
p04,day03/0497.jpg,1223,56
p04,day03/0498.jpg,74,384
p04,day03/0500.jpg,106,500
p04,day03/0502.jpg,588,396
p04,day03/0504.jpg,1025,516
p04,day03/0522.jpg,472,386
p04,day03/0523.jpg,1042,469
p04,day03/0527.jpg,1018,744
p04,day03/0533.jpg,912,578
p04,day03/0534.jpg,585,396
p04,day03/0539.jpg,87,668
p04,day03/0542.jpg,672,757
p04,day03/0543.jpg,270,693
p04,day03/0544.jpg,335,535
p04,day03/0545.jpg,648,453
p04,day03/0557.jpg,378,13
p04,day03/0577.jpg,676,527
p04,day03/0580.jpg,1235,521
p04,day03/0588.jpg,284,325
p04,day03/0592.jpg,279,39
p04,day03/0607.jpg,512,86
p04,day03/0613.jpg,592,597
p04,day03/0616.jpg,599,5
p04,day03/0618.jpg,158,510
p04,day04/0004.jpg,1122,166
p04,day04/0007.jpg,1235,645
p04,day04/0016.jpg,419,508
p04,day04/0018.jpg,137,652
p04,day04/0024.jpg,565,496
p04,day04/0026.jpg,1272,544
p04,day04/0028.jpg,1048,546
p04,day04/0041.jpg,319,9
p04,day04/0057.jpg,433,250
p04,day04/0058.jpg,559,475
p04,day04/0060.jpg,941,367
p04,day04/0062.jpg,303,212
p04,day04/0064.jpg,445,55
p04,day04/0071.jpg,415,244
p04,day04/0075.jpg,788,81
p04,day04/0076.jpg,959,168
p04,day04/0079.jpg,665,435
p04,day04/0084.jpg,960,379
p04,day04/0085.jpg,891,631
p04,day04/0087.jpg,1036,297
p04,day04/0088.jpg,148,430
p04,day04/0097.jpg,908,504
p04,day04/0115.jpg,130,676
p04,day04/0119.jpg,94,796
p04,day04/0120.jpg,445,753
p04,day04/0128.jpg,325,1
p04,day04/0134.jpg,540,210
p04,day04/0139.jpg,824,5
p04,day04/0150.jpg,588,212
p04,day04/0152.jpg,947,396
p04,day04/0159.jpg,155,409
p04,day04/0163.jpg,820,793
p04,day04/0165.jpg,751,512
p04,day04/0176.jpg,155,240
p04,day04/0177.jpg,1046,165
p04,day04/0179.jpg,1201,91
p04,day04/0186.jpg,472,426
p04,day04/0193.jpg,208,509
p04,day04/0196.jpg,593,222
p04,day04/0207.jpg,97,556
p04,day04/0209.jpg,75,438
p04,day04/0210.jpg,659,785
p04,day04/0219.jpg,962,727
p04,day04/0229.jpg,795,235
p04,day04/0239.jpg,728,409
p04,day04/0247.jpg,567,311
p04,day04/0250.jpg,774,275
p04,day04/0251.jpg,925,280
p04,day04/0256.jpg,713,531
p04,day04/0258.jpg,1125,459
p04,day04/0259.jpg,494,91
p04,day04/0266.jpg,634,490
p04,day04/0271.jpg,257,242
p04,day04/0283.jpg,7,26
p04,day04/0284.jpg,763,502
p04,day04/0291.jpg,924,732
p04,day04/0292.jpg,686,521
p04,day04/0296.jpg,1125,377
p04,day04/0310.jpg,1216,493
p04,day04/0312.jpg,307,8
p04,day04/0316.jpg,1232,165
p04,day04/0319.jpg,410,420
p04,day04/0329.jpg,1065,156
p04,day04/0330.jpg,859,222
p04,day04/0339.jpg,658,89
p04,day04/0345.jpg,864,271
p04,day04/0355.jpg,906,557
p04,day04/0359.jpg,1222,137
p04,day04/0362.jpg,299,181
p04,day04/0365.jpg,572,159
p04,day04/0366.jpg,141,327
p04,day04/0370.jpg,1279,72
p04,day04/0385.jpg,1251,742
p04,day04/0386.jpg,906,435
p04,day04/0389.jpg,976,44
p04,day04/0399.jpg,1117,236
p04,day04/0402.jpg,37,344
p04,day04/0410.jpg,1257,276
p04,day04/0411.jpg,469,527
p04,day04/0431.jpg,812,357
p04,day04/0432.jpg,528,221
p04,day04/0435.jpg,359,228
p04,day04/0442.jpg,974,542
p04,day04/0448.jpg,798,563
p04,day04/0451.jpg,1195,136
p04,day04/0452.jpg,325,762
p04,day04/0455.jpg,1240,369
p04,day04/0462.jpg,1269,375
p04,day04/0463.jpg,25,53
p04,day04/0470.jpg,485,673
p04,day04/0474.jpg,379,121
p04,day04/0476.jpg,37,321
p04,day04/0481.jpg,1278,726
p04,day04/0482.jpg,716,243
p04,day04/0484.jpg,1163,442
p04,day04/0486.jpg,273,648
p04,day04/0487.jpg,792,533
p04,day04/0496.jpg,911,109
p04,day04/0502.jpg,791,752
p04,day04/0506.jpg,1099,343
p04,day04/0507.jpg,432,493
p04,day04/0512.jpg,234,539
p04,day04/0513.jpg,718,305
p04,day04/0518.jpg,1211,418
p04,day04/0521.jpg,1222,770
p04,day04/0525.jpg,547,314
p04,day04/0526.jpg,675,421
p04,day04/0527.jpg,814,419
p04,day04/0528.jpg,347,198
p04,day04/0531.jpg,738,6
p04,day04/0532.jpg,383,435
p04,day04/0537.jpg,1057,658
p04,day04/0539.jpg,649,278
p04,day04/0553.jpg,602,523
p04,day04/0559.jpg,1213,773
p04,day04/0560.jpg,860,503
p04,day04/0566.jpg,67,667
p04,day04/0567.jpg,974,24
p04,day04/0569.jpg,314,387
p04,day04/0570.jpg,402,376
p04,day04/0575.jpg,964,230
p04,day04/0576.jpg,330,717
p04,day04/0578.jpg,906,415
p04,day04/0582.jpg,687,452
p04,day04/0595.jpg,150,352
p04,day04/0603.jpg,422,351
p04,day04/0604.jpg,658,25
p04,day04/0611.jpg,685,271
p04,day04/0612.jpg,1111,523
p04,day04/0616.jpg,246,521
p04,day04/0618.jpg,418,530
p04,day04/0622.jpg,421,630
p04,day04/0623.jpg,566,443
p04,day04/0624.jpg,643,563
p04,day04/0629.jpg,327,263
p04,day04/0632.jpg,513,222
p04,day04/0641.jpg,1148,498
p04,day04/0643.jpg,81,376
p04,day04/0660.jpg,70,488
p04,day04/0663.jpg,1171,416
p04,day04/0664.jpg,36,149
p04,day04/0665.jpg,73,209
p04,day04/0669.jpg,80,626
p04,day04/0670.jpg,954,709
p04,day04/0686.jpg,628,173
p04,day04/0689.jpg,1263,489
p04,day04/0691.jpg,963,656
p04,day04/0695.jpg,934,573
p04,day04/0700.jpg,421,395
p04,day04/0702.jpg,680,708
p04,day04/0703.jpg,1009,36
p04,day04/0705.jpg,502,284
p04,day04/0713.jpg,392,45
p04,day04/0723.jpg,5,706
p04,day04/0726.jpg,309,648
p04,day04/0727.jpg,1034,194
p04,day04/0731.jpg,354,537
p04,day04/0750.jpg,961,677
p04,day04/0757.jpg,1112,182
p04,day04/0762.jpg,1149,277
p04,day04/0766.jpg,510,278
p04,day04/0767.jpg,419,349
p04,day04/0776.jpg,863,501
p04,day04/0777.jpg,549,346
p04,day04/0778.jpg,1162,667
p04,day04/0786.jpg,1226,600
p04,day04/0800.jpg,196,239
p04,day04/0808.jpg,125,289
p04,day04/0813.jpg,464,181
p04,day04/0820.jpg,1246,436
p04,day04/0821.jpg,1150,88
p04,day04/0822.jpg,253,790
p04,day04/0826.jpg,357,433
p04,day04/0827.jpg,1015,785
p04,day04/0829.jpg,74,556
p04,day04/0831.jpg,573,748
p04,day04/0837.jpg,1183,548
p04,day05/0011.jpg,1262,217
p04,day05/0015.jpg,1107,687
p04,day05/0016.jpg,409,43
p04,day05/0018.jpg,415,198
p04,day05/0023.jpg,244,295
p04,day05/0028.jpg,1264,2
p04,day05/0029.jpg,142,451
p04,day05/0035.jpg,379,733
p04,day05/0043.jpg,530,152
p04,day05/0045.jpg,1268,124
p04,day05/0053.jpg,542,297
p04,day05/0067.jpg,1099,178
p04,day05/0068.jpg,705,34
p04,day05/0076.jpg,846,218
p04,day05/0077.jpg,1047,351
p04,day05/0078.jpg,464,750
p04,day05/0082.jpg,652,692
p04,day05/0084.jpg,499,340
p04,day05/0100.jpg,1191,246
p04,day05/0103.jpg,1185,760
p04,day05/0109.jpg,983,711
p04,day05/0117.jpg,116,615
p04,day05/0126.jpg,1215,386
p04,day05/0127.jpg,680,1
p04,day05/0131.jpg,561,293
p04,day05/0134.jpg,244,221
p04,day05/0146.jpg,648,474
p04,day05/0148.jpg,207,740
p04,day05/0151.jpg,770,585
p04,day05/0173.jpg,887,775
p04,day05/0174.jpg,42,104
p04,day05/0179.jpg,230,496
p04,day05/0185.jpg,6,248
p04,day05/0188.jpg,837,355
p04,day05/0191.jpg,318,420
p04,day05/0193.jpg,329,193
p04,day06/0022.jpg,1062,545
p04,day06/0031.jpg,975,3
p04,day06/0032.jpg,693,389
p04,day06/0038.jpg,1114,396
p04,day06/0045.jpg,949,577
p04,day06/0047.jpg,866,756
p04,day06/0050.jpg,1141,636
p04,day06/0053.jpg,639,510
p04,day06/0055.jpg,361,299
p04,day06/0063.jpg,1009,715
p04,day06/0069.jpg,605,420
p04,day06/0078.jpg,1068,451
p04,day06/0088.jpg,604,396
p04,day06/0095.jpg,1242,726
p04,day06/0099.jpg,489,797
p04,day06/0100.jpg,599,397
p04,day06/0107.jpg,1123,159
p04,day06/0116.jpg,76,687
p04,day06/0118.jpg,1121,557
p04,day06/0122.jpg,589,774
p04,day06/0129.jpg,649,361
p04,day06/0133.jpg,921,431
p04,day06/0134.jpg,1200,476
p04,day06/0154.jpg,1023,250
p04,day06/0159.jpg,137,596
p04,day06/0161.jpg,1173,789
p04,day06/0169.jpg,1044,234
p04,day06/0174.jpg,652,634
p04,day06/0183.jpg,285,87
p04,day06/0187.jpg,491,242
p04,day06/0188.jpg,1060,752
p04,day06/0192.jpg,12,124
p04,day06/0194.jpg,243,776
p04,day06/0203.jpg,930,525
p04,day06/0208.jpg,967,90
p04,day06/0209.jpg,31,15
p04,day06/0214.jpg,156,769
p04,day06/0237.jpg,347,223
p04,day06/0238.jpg,596,28
p04,day06/0242.jpg,929,158
p04,day06/0243.jpg,359,100
p04,day06/0246.jpg,111,379
p04,day06/0252.jpg,142,516
p04,day06/0253.jpg,12,634
p04,day06/0256.jpg,234,605
p04,day06/0260.jpg,1248,136
p04,day06/0262.jpg,914,42
p04,day06/0264.jpg,1040,417
p04,day06/0266.jpg,346,604
p04,day06/0271.jpg,1117,61
p04,day06/0278.jpg,731,204
p04,day06/0286.jpg,581,29
p04,day06/0287.jpg,826,11
p04,day06/0291.jpg,640,186
p04,day06/0292.jpg,196,249
p04,day06/0304.jpg,350,436
p04,day06/0314.jpg,1087,525
p04,day06/0316.jpg,183,590
p04,day06/0321.jpg,919,59
p04,day06/0335.jpg,997,474
p04,day06/0341.jpg,1001,567
p04,day06/0342.jpg,56,764
p04,day06/0353.jpg,95,391
p04,day06/0357.jpg,356,749
p04,day07/0002.jpg,1133,737
p04,day07/0008.jpg,612,254
p04,day07/0010.jpg,906,97
p04,day07/0019.jpg,503,7
p04,day07/0020.jpg,188,30
p04,day07/0021.jpg,55,799
p04,day07/0023.jpg,1031,227
p04,day07/0036.jpg,5,412
p04,day07/0066.jpg,1120,266
p04,day07/0067.jpg,1145,179
p04,day07/0075.jpg,715,774
p04,day07/0096.jpg,1262,352
p04,day07/0098.jpg,366,526
p04,day07/0099.jpg,705,411
p04,day07/0109.jpg,795,543
p04,day07/0110.jpg,827,724
p04,day07/0112.jpg,892,311
p04,day07/0117.jpg,822,459
p04,day07/0133.jpg,17,64
p04,day07/0140.jpg,5,6
p04,day07/0144.jpg,668,273
p04,day07/0150.jpg,338,203
p04,day07/0152.jpg,860,518
p04,day07/0160.jpg,56,290
p04,day07/0161.jpg,457,562
p04,day07/0163.jpg,510,344
p04,day07/0168.jpg,877,779
p04,day07/0177.jpg,1005,65
p04,day07/0183.jpg,404,422
p04,day07/0189.jpg,594,294
p04,day07/0190.jpg,200,670
p04,day07/0191.jpg,566,778
p04,day07/0198.jpg,91,169
p04,day07/0201.jpg,471,713
p04,day07/0202.jpg,434,620
p04,day07/0209.jpg,1171,620
p04,day07/0215.jpg,752,733
p04,day07/0216.jpg,1247,181
p04,day07/0229.jpg,452,799
p04,day07/0230.jpg,370,414
p04,day07/0240.jpg,188,305
p04,day07/0254.jpg,384,123
p04,day07/0256.jpg,1062,376
p04,day07/0261.jpg,507,164
p04,day07/0274.jpg,534,746
p04,day07/0276.jpg,925,631
p04,day07/0279.jpg,162,162
p04,day07/0283.jpg,720,596
p04,day07/0287.jpg,632,296
p04,day07/0288.jpg,863,247
p04,day07/0295.jpg,393,754
p04,day07/0306.jpg,607,54
p04,day07/0308.jpg,951,523
p04,day07/0312.jpg,574,526
p04,day07/0320.jpg,343,159
p04,day07/0322.jpg,321,541
p04,day07/0324.jpg,205,670
p04,day07/0325.jpg,124,674
p04,day07/0328.jpg,240,152
p04,day07/0333.jpg,340,708
p04,day07/0337.jpg,927,241
p04,day07/0345.jpg,296,82
p04,day07/0355.jpg,1041,172
p04,day07/0361.jpg,182,449
p04,day07/0373.jpg,687,272
p04,day07/0378.jpg,467,475
p04,day07/0386.jpg,782,798
p04,day07/0399.jpg,250,268
p04,day07/0400.jpg,326,92
p04,day07/0404.jpg,281,17
p04,day07/0405.jpg,569,718
p04,day07/0415.jpg,1185,469
p04,day07/0435.jpg,997,82
p04,day07/0437.jpg,696,754
p04,day07/0439.jpg,1263,728
p04,day07/0446.jpg,160,122
p04,day07/0447.jpg,1230,256
p04,day07/0455.jpg,139,434
p04,day07/0461.jpg,339,274
p04,day07/0463.jpg,193,80
p04,day07/0468.jpg,963,355
p04,day07/0480.jpg,1063,491
p04,day08/0006.jpg,1104,469
p04,day08/0014.jpg,908,772
p04,day08/0016.jpg,845,86
p04,day08/0018.jpg,1106,645
p04,day08/0020.jpg,16,362
p04,day08/0022.jpg,648,96
p04,day08/0023.jpg,891,507
p04,day08/0025.jpg,221,738
p04,day08/0030.jpg,666,530
p04,day08/0031.jpg,1154,82
p04,day08/0046.jpg,57,258
p04,day08/0050.jpg,953,543
p04,day08/0054.jpg,837,385
p04,day08/0064.jpg,1245,674
p04,day08/0065.jpg,404,724
p04,day08/0071.jpg,190,487
p04,day08/0076.jpg,1233,559
p04,day08/0086.jpg,625,461
p04,day08/0090.jpg,716,543
p04,day08/0103.jpg,667,110
p04,day08/0108.jpg,1147,494
p04,day08/0111.jpg,200,210
p04,day08/0121.jpg,678,159
p04,day08/0133.jpg,1196,138
p04,day08/0134.jpg,1082,502
p04,day08/0135.jpg,1143,302
p04,day08/0150.jpg,28,203
p04,day08/0151.jpg,437,133
p04,day08/0164.jpg,918,763
p04,day08/0166.jpg,574,162
p04,day08/0167.jpg,324,541
p04,day08/0168.jpg,140,22
p04,day08/0180.jpg,1058,671
p04,day08/0185.jpg,576,760
p04,day08/0191.jpg,463,296
p04,day08/0194.jpg,50,491
p04,day08/0199.jpg,533,29
p04,day08/0200.jpg,181,775
p04,day08/0204.jpg,1059,203
p04,day08/0206.jpg,1014,226
p04,day08/0216.jpg,1244,503
p04,day08/0218.jpg,324,576
p04,day08/0237.jpg,840,268
p04,day08/0239.jpg,81,217
p04,day08/0241.jpg,333,99
p04,day08/0246.jpg,990,266
p04,day08/0247.jpg,226,258
p04,day08/0266.jpg,253,660
p04,day08/0269.jpg,874,128
p04,day08/0270.jpg,801,385
p04,day08/0274.jpg,443,666
p04,day08/0282.jpg,1041,746
p04,day08/0283.jpg,897,740
p04,day08/0287.jpg,284,248
p04,day08/0291.jpg,991,766
p04,day08/0300.jpg,281,665
p04,day08/0301.jpg,1173,249
p04,day08/0302.jpg,1227,746
p04,day08/0305.jpg,96,694
p04,day08/0306.jpg,152,506
p04,day08/0309.jpg,1204,658
p04,day08/0321.jpg,789,28
p04,day08/0329.jpg,369,301
p04,day08/0333.jpg,688,130
p04,day08/0336.jpg,567,640
p04,day08/0337.jpg,449,707
p04,day08/0344.jpg,443,501
p04,day08/0366.jpg,974,22
p04,day08/0368.jpg,266,426
p04,day08/0372.jpg,1076,425
p04,day08/0382.jpg,1026,428
p04,day08/0385.jpg,831,227
p04,day08/0387.jpg,122,399
p04,day08/0401.jpg,674,760
p04,day08/0404.jpg,523,360
p04,day08/0410.jpg,942,380
p04,day08/0417.jpg,451,308
p04,day08/0422.jpg,593,546
p04,day08/0429.jpg,1056,154
p04,day08/0434.jpg,289,339
p04,day08/0436.jpg,825,737
p04,day08/0452.jpg,651,734
p04,day08/0459.jpg,435,127
p04,day08/0466.jpg,849,361
p04,day08/0496.jpg,1229,336
p04,day08/0497.jpg,461,168
p04,day08/0502.jpg,222,282
p04,day08/0516.jpg,255,347
p04,day08/0519.jpg,1041,629
p04,day08/0526.jpg,1100,451
p04,day08/0528.jpg,847,757
p04,day08/0530.jpg,1184,141
p04,day08/0539.jpg,164,286
p04,day08/0545.jpg,1127,63
p04,day08/0549.jpg,1129,173
p04,day08/0554.jpg,1058,662
p04,day08/0557.jpg,912,252
p04,day08/0563.jpg,456,621
p04,day08/0565.jpg,775,586
p04,day08/0567.jpg,1254,779
p04,day08/0571.jpg,546,722
p04,day08/0572.jpg,1153,652
p04,day08/0574.jpg,793,713
p04,day08/0576.jpg,351,396
p04,day08/0580.jpg,274,401
p04,day08/0595.jpg,719,226
p04,day08/0598.jpg,656,396
p04,day08/0602.jpg,591,460
p04,day08/0608.jpg,664,78
p04,day08/0619.jpg,1080,162
p04,day08/0621.jpg,388,201
p04,day08/0631.jpg,1165,368
p04,day08/0641.jpg,857,671
p04,day08/0652.jpg,1172,626
p04,day08/0657.jpg,473,596
p04,day08/0658.jpg,893,530
p04,day08/0659.jpg,114,33
p04,day08/0660.jpg,926,82
p04,day08/0671.jpg,519,220
p04,day08/0678.jpg,503,579
p04,day08/0681.jpg,127,725
p04,day08/0693.jpg,971,354
p04,day08/0699.jpg,635,58
p04,day08/0706.jpg,1194,489
p04,day08/0717.jpg,721,477
p04,day08/0725.jpg,435,291
p04,day08/0730.jpg,1246,31
p04,day08/0733.jpg,508,106
p04,day08/0735.jpg,55,345
p04,day08/0741.jpg,1132,412
p04,day08/0747.jpg,1060,250
p04,day08/0749.jpg,214,508
p04,day08/0754.jpg,434,573
p04,day08/0765.jpg,537,497
p04,day08/0781.jpg,1076,689
p04,day08/0790.jpg,219,796
p04,day08/0797.jpg,87,784
p04,day08/0814.jpg,342,36
p04,day08/0818.jpg,1112,584
p04,day08/0822.jpg,264,228
p04,day08/0825.jpg,972,454
p04,day08/0827.jpg,1272,121
p04,day08/0829.jpg,1253,599
p04,day08/0837.jpg,744,689
p04,day08/0844.jpg,1023,557
p04,day08/0845.jpg,528,534
p04,day08/0855.jpg,1216,158
p04,day08/0858.jpg,107,10
p04,day08/0868.jpg,159,34
p04,day08/0871.jpg,80,259
p04,day08/0873.jpg,673,608
p04,day08/0874.jpg,460,1
p04,day08/0880.jpg,208,30
p04,day08/0881.jpg,236,61
p04,day08/0888.jpg,861,452
p04,day08/0894.jpg,725,638
p04,day08/0896.jpg,994,363
p04,day08/0907.jpg,668,706
p04,day08/0912.jpg,287,728
p04,day08/0920.jpg,816,128
p04,day08/0924.jpg,1209,242
p04,day08/0930.jpg,556,293
p04,day08/0933.jpg,77,25
p04,day08/0935.jpg,639,500
p04,day08/0945.jpg,862,708
p04,day08/0947.jpg,672,41
p04,day08/0958.jpg,1165,104
p04,day08/0960.jpg,484,597
p04,day08/0962.jpg,385,200
p04,day08/0966.jpg,1129,166
p04,day08/0968.jpg,93,387
p04,day08/0974.jpg,18,103
p04,day08/0978.jpg,1035,690
p04,day08/0979.jpg,1140,397
p04,day08/1000.jpg,1184,400
p04,day08/1007.jpg,93,356
p04,day08/1017.jpg,1197,542
p04,day08/1018.jpg,176,247
p04,day08/1038.jpg,456,1
p04,day09/0003.jpg,710,754
p04,day09/0017.jpg,1122,42
p04,day09/0018.jpg,657,429
p04,day09/0024.jpg,678,739
p04,day09/0025.jpg,76,736
p04,day09/0035.jpg,193,168
p04,day09/0040.jpg,1093,671
p04,day09/0056.jpg,191,306
p04,day09/0059.jpg,758,247
p04,day09/0060.jpg,384,33
p04,day09/0063.jpg,1228,701
p04,day09/0075.jpg,769,449
p04,day09/0085.jpg,640,343
p04,day09/0089.jpg,825,95
p04,day09/0099.jpg,421,664
p04,day09/0101.jpg,930,792
p04,day09/0103.jpg,438,57
p04,day09/0105.jpg,202,97
p04,day09/0108.jpg,483,122
p04,day09/0109.jpg,1065,340
p04,day09/0117.jpg,36,505
p04,day09/0135.jpg,404,199
p04,day09/0137.jpg,608,242
p04,day09/0143.jpg,840,359
p04,day09/0147.jpg,713,152
p04,day09/0156.jpg,1249,88
p04,day09/0158.jpg,1126,500
p04,day09/0168.jpg,218,446
p04,day09/0173.jpg,735,590
p04,day09/0185.jpg,566,145
p04,day09/0187.jpg,108,526
p04,day09/0188.jpg,34,167
p04,day09/0193.jpg,1035,465
p04,day09/0203.jpg,437,534
p04,day09/0204.jpg,581,380
p04,day09/0223.jpg,16,387
p04,day09/0225.jpg,892,461
p04,day09/0237.jpg,262,604
p04,day09/0244.jpg,1077,672
p04,day09/0246.jpg,1195,182
p04,day09/0247.jpg,571,367
p04,day09/0256.jpg,1239,523
p04,day09/0261.jpg,625,746
p04,day09/0276.jpg,627,763
p04,day09/0277.jpg,340,665
p04,day09/0280.jpg,1115,119
p04,day09/0281.jpg,653,215
p04,day09/0285.jpg,1240,74
p04,day09/0286.jpg,632,607
p04,day09/0294.jpg,398,748
p04,day09/0297.jpg,429,380
p04,day09/0302.jpg,658,578
p04,day09/0305.jpg,1086,293
p04,day09/0309.jpg,6,476
p04,day09/0312.jpg,849,676
p04,day09/0322.jpg,963,519
p04,day09/0337.jpg,148,118
p04,day09/0343.jpg,296,357
p04,day09/0347.jpg,825,568
p04,day09/0351.jpg,430,165
p04,day09/0356.jpg,94,564
p04,day09/0366.jpg,1112,333
p04,day09/0369.jpg,62,171
p04,day09/0371.jpg,899,1
p04,day09/0372.jpg,655,631
p04,day09/0373.jpg,1197,489
p04,day09/0375.jpg,936,394
p04,day09/0377.jpg,940,487
p04,day09/0382.jpg,815,612
p04,day09/0390.jpg,1080,159
p04,day09/0394.jpg,660,284
p04,day09/0418.jpg,591,74
p04,day09/0421.jpg,888,675
p04,day09/0434.jpg,720,421
p04,day09/0447.jpg,379,455
p04,day09/0456.jpg,247,137
p04,day09/0459.jpg,1079,103
p04,day09/0460.jpg,515,62
p04,day09/0463.jpg,492,140
p04,day09/0468.jpg,1242,497
p04,day09/0469.jpg,764,113
p04,day09/0471.jpg,625,63
p04,day09/0475.jpg,305,606
p04,day09/0509.jpg,1199,463
p04,day09/0512.jpg,362,729
p04,day09/0513.jpg,356,324
p04,day09/0515.jpg,911,12
p04,day09/0518.jpg,1033,542
p04,day09/0519.jpg,332,348
p04,day09/0520.jpg,453,356
p04,day09/0525.jpg,303,2
p04,day09/0531.jpg,1231,522
p04,day09/0537.jpg,239,175
p04,day09/0542.jpg,47,273
p04,day09/0555.jpg,880,647
p04,day09/0557.jpg,808,106
p04,day09/0559.jpg,876,739
p04,day09/0582.jpg,978,215
p04,day09/0591.jpg,1231,294
p04,day09/0612.jpg,777,493
p04,day09/0614.jpg,835,661
p04,day09/0617.jpg,520,96
p04,day09/0618.jpg,116,744
p04,day09/0629.jpg,915,125
p04,day09/0638.jpg,195,626
p04,day09/0641.jpg,751,376
p04,day09/0643.jpg,779,780
p04,day09/0655.jpg,1031,407
p04,day09/0659.jpg,637,356
p04,day09/0660.jpg,129,646
p04,day09/0688.jpg,824,773
p04,day09/0694.jpg,52,253
p04,day09/0695.jpg,279,309
p04,day09/0704.jpg,279,477
p04,day09/0709.jpg,474,231
p04,day09/0711.jpg,551,188
p04,day09/0712.jpg,160,782
p04,day09/0717.jpg,328,523
p04,day09/0721.jpg,722,232
p04,day09/0726.jpg,1186,151
p04,day09/0727.jpg,258,679
p04,day09/0734.jpg,830,300
p04,day09/0736.jpg,169,110
p04,day09/0745.jpg,790,478
p04,day09/0749.jpg,1272,690
p04,day09/0751.jpg,767,558
p04,day09/0760.jpg,152,302
p04,day09/0764.jpg,420,441
p04,day09/0766.jpg,26,121
p04,day09/0767.jpg,930,125
p04,day09/0768.jpg,663,630
p04,day09/0780.jpg,732,693
p04,day09/0788.jpg,999,283
p04,day09/0795.jpg,527,402
p04,day09/0796.jpg,1249,572
p04,day09/0799.jpg,1189,705
p04,day09/0800.jpg,1146,676
p04,day09/0811.jpg,737,251
p04,day09/0815.jpg,650,509
p04,day09/0824.jpg,48,52
p04,day09/0827.jpg,1136,265
p04,day09/0830.jpg,854,634
p04,day09/0831.jpg,1206,440
p04,day09/0833.jpg,1130,233
p04,day09/0836.jpg,855,287
p04,day09/0839.jpg,628,666
p04,day09/0844.jpg,1181,726
p04,day09/0846.jpg,1208,406
p04,day09/0848.jpg,534,687
p04,day09/0857.jpg,1244,659
p04,day09/0858.jpg,648,388
p04,day09/0867.jpg,1234,660
p04,day09/0869.jpg,93,92
p04,day09/0872.jpg,1091,279
p04,day09/0873.jpg,506,63
p04,day09/0881.jpg,151,391
p04,day09/0906.jpg,67,468
p04,day09/0907.jpg,114,265
p04,day09/0915.jpg,714,754
p04,day09/0921.jpg,1214,308
p04,day09/0922.jpg,1134,679
p04,day09/0933.jpg,1248,765
p04,day09/0951.jpg,56,160
p04,day09/0953.jpg,646,601
p04,day09/0958.jpg,1223,770
p04,day10/0004.jpg,461,790
p04,day10/0014.jpg,444,74
p04,day10/0024.jpg,748,300
p04,day10/0026.jpg,863,576
p04,day10/0033.jpg,1105,567
p04,day10/0034.jpg,54,737
p04,day10/0040.jpg,58,729
p04,day10/0062.jpg,1162,271
p04,day10/0064.jpg,200,65
p04,day10/0065.jpg,580,109
p04,day10/0071.jpg,864,66
p04,day10/0073.jpg,169,319
p04,day10/0079.jpg,182,414
p04,day10/0081.jpg,611,516
p04,day10/0089.jpg,1216,108
p04,day10/0092.jpg,172,689
p04,day10/0095.jpg,1095,281
p04,day10/0097.jpg,1018,413
p04,day10/0098.jpg,973,797
p04,day10/0103.jpg,121,605
p04,day10/0106.jpg,910,550
p04,day10/0111.jpg,1005,184
p04,day10/0127.jpg,247,623
p04,day10/0128.jpg,980,190
p04,day10/0129.jpg,1205,510
p04,day10/0131.jpg,825,688
p04,day10/0139.jpg,669,1
p04,day10/0141.jpg,620,21
p04,day10/0148.jpg,465,298
p04,day10/0153.jpg,830,628
p04,day10/0159.jpg,10,274
p04,day10/0163.jpg,809,411
p04,day10/0164.jpg,807,234
p04,day10/0169.jpg,395,265
p04,day10/0170.jpg,1064,797
p04,day10/0181.jpg,997,107
p04,day10/0184.jpg,254,102
p04,day10/0192.jpg,1191,484
p04,day10/0195.jpg,1139,153
p04,day10/0197.jpg,1111,183
p04,day10/0200.jpg,536,64
p04,day10/0204.jpg,308,471
p04,day10/0206.jpg,107,504
p04,day10/0208.jpg,82,767
p04,day10/0219.jpg,729,226
p04,day10/0224.jpg,832,260
p04,day10/0239.jpg,458,442
p04,day10/0241.jpg,524,425
p04,day10/0250.jpg,391,649
p04,day10/0268.jpg,1257,777
p04,day10/0273.jpg,723,589
p04,day10/0286.jpg,881,646
p04,day10/0295.jpg,1233,774
p04,day10/0312.jpg,1008,382
p04,day10/0313.jpg,1235,594
p04,day10/0320.jpg,994,106
p04,day10/0322.jpg,99,728
p04,day10/0333.jpg,836,688
p04,day10/0339.jpg,564,323
p04,day10/0341.jpg,168,697
p04,day10/0344.jpg,906,481
p04,day10/0348.jpg,41,469
p04,day10/0361.jpg,779,654
p04,day10/0368.jpg,1235,562
p04,day10/0374.jpg,357,769
p04,day10/0375.jpg,381,321
p04,day10/0379.jpg,836,576
p04,day10/0381.jpg,545,336
p04,day10/0387.jpg,1258,19
p04,day10/0396.jpg,490,137
p04,day10/0408.jpg,627,8
p04,day10/0410.jpg,388,437
p04,day10/0416.jpg,129,425
p04,day10/0426.jpg,232,608
p04,day10/0431.jpg,787,512
p04,day10/0458.jpg,16,304
p04,day10/0462.jpg,189,732
p04,day10/0465.jpg,202,84
p04,day10/0474.jpg,366,473
p04,day10/0477.jpg,953,74
p04,day10/0500.jpg,0,456
p04,day10/0503.jpg,717,182
p04,day10/0508.jpg,452,358
p04,day10/0521.jpg,1027,416
p04,day10/0537.jpg,937,171
p04,day10/0538.jpg,682,762
p04,day10/0548.jpg,994,424
p04,day10/0549.jpg,532,29
p04,day10/0550.jpg,1221,190
p04,day10/0566.jpg,113,217
p04,day10/0568.jpg,996,600
p04,day10/0572.jpg,1152,21
p04,day10/0576.jpg,398,253
p04,day10/0581.jpg,1245,467
p04,day10/0584.jpg,687,2
p04,day10/0588.jpg,998,329
p04,day10/0590.jpg,43,311
p04,day10/0593.jpg,316,376
p04,day10/0600.jpg,1096,629
p04,day10/0601.jpg,889,171
p04,day10/0602.jpg,1199,477
p04,day10/0603.jpg,529,206
p04,day10/0604.jpg,378,442
p04,day10/0609.jpg,43,210
p04,day10/0613.jpg,602,233
p04,day10/0618.jpg,1224,225
p04,day10/0619.jpg,754,228
p04,day10/0623.jpg,253,172
p04,day10/0628.jpg,659,426
p04,day10/0645.jpg,130,280
p04,day10/0648.jpg,407,368
p04,day10/0657.jpg,959,426
p04,day10/0662.jpg,1026,476
p04,day10/0673.jpg,1035,474
p04,day10/0676.jpg,776,166
p04,day10/0687.jpg,864,502
p04,day10/0688.jpg,1255,20
p04,day10/0689.jpg,707,317
p04,day10/0711.jpg,551,76
p04,day10/0715.jpg,1276,228
p04,day10/0717.jpg,1160,179
p04,day10/0724.jpg,64,397
p04,day10/0727.jpg,1193,33
p04,day10/0730.jpg,735,586
p04,day10/0742.jpg,738,81
p04,day10/0745.jpg,1122,202
p04,day10/0749.jpg,748,122
p04,day10/0750.jpg,750,337
p04,day10/0765.jpg,569,700
p04,day10/0775.jpg,1063,240
p04,day10/0777.jpg,627,333
p04,day10/0781.jpg,1078,660
p04,day10/0787.jpg,184,149
p04,day10/0800.jpg,257,542
p04,day10/0805.jpg,83,603
p04,day10/0818.jpg,192,506
p04,day10/0824.jpg,1272,155
p04,day10/0835.jpg,868,366
p04,day10/0836.jpg,1195,746
p04,day10/0838.jpg,383,192
p04,day10/0848.jpg,441,718
p04,day10/0851.jpg,123,597
p04,day10/0862.jpg,945,87
p04,day10/0867.jpg,157,574
p04,day10/0868.jpg,506,588
p04,day10/0880.jpg,1215,99
p04,day10/0886.jpg,44,646
p04,day10/0890.jpg,929,189
p04,day10/0897.jpg,1164,246
p04,day10/0902.jpg,851,286
p04,day10/0904.jpg,1148,416
p04,day10/0918.jpg,38,506
p04,day10/0937.jpg,145,658
p04,day10/0945.jpg,921,637
p04,day10/0950.jpg,152,423
p04,day10/0951.jpg,193,162
p04,day10/0952.jpg,1062,487
p04,day10/0957.jpg,1091,142
p04,day10/0963.jpg,1254,201
p04,day10/0975.jpg,970,68
p04,day10/0980.jpg,995,1
p04,day10/0981.jpg,258,243
p04,day10/0985.jpg,790,240
p04,day11/0010.jpg,1274,245
p04,day11/0020.jpg,206,383
p04,day11/0023.jpg,9,315
p04,day11/0027.jpg,658,48
p04,day11/0030.jpg,514,475
p04,day11/0031.jpg,765,243
p04,day11/0034.jpg,1034,591
p04,day11/0046.jpg,422,417
p04,day11/0054.jpg,333,625
p04,day11/0062.jpg,793,718
p04,day11/0063.jpg,832,351
p04,day11/0074.jpg,478,413
p04,day11/0081.jpg,813,638
p04,day11/0082.jpg,725,714
p04,day11/0087.jpg,636,641
p04,day11/0093.jpg,612,774
p04,day11/0099.jpg,938,140
p04,day11/0109.jpg,375,776
p04,day11/0113.jpg,1015,431
p04,day11/0115.jpg,529,450
p04,day11/0116.jpg,883,775
p04,day11/0119.jpg,322,462
p04,day11/0120.jpg,1174,575
p04,day11/0122.jpg,138,26
p04,day11/0123.jpg,686,109
p04,day11/0144.jpg,686,298
p04,day11/0145.jpg,274,90
p04,day11/0158.jpg,946,477
p04,day11/0159.jpg,916,262
p04,day11/0168.jpg,1237,365
p04,day11/0175.jpg,603,116
p04,day11/0182.jpg,495,502
p04,day11/0194.jpg,860,218
p04,day11/0211.jpg,607,29
p04,day11/0212.jpg,550,112
p04,day11/0235.jpg,506,204
p04,day11/0244.jpg,529,757
p04,day11/0247.jpg,1076,790
p04,day11/0248.jpg,563,397
p04,day11/0251.jpg,562,487
p04,day11/0263.jpg,446,318
p04,day11/0268.jpg,4,231
p04,day11/0271.jpg,615,136
p04,day11/0285.jpg,1201,79
p04,day11/0286.jpg,949,119
p04,day11/0294.jpg,260,497
p04,day11/0305.jpg,855,673
p04,day11/0313.jpg,284,182
p04,day11/0320.jpg,2,563
p04,day11/0322.jpg,189,165
p04,day11/0328.jpg,266,211
p04,day11/0334.jpg,614,95
p04,day11/0336.jpg,525,315
p04,day11/0353.jpg,432,624
p04,day11/0355.jpg,863,70
p04,day11/0356.jpg,591,738
p04,day11/0362.jpg,1170,221
p04,day11/0367.jpg,1037,591
p04,day11/0369.jpg,993,581
p04,day11/0377.jpg,538,77
p04,day11/0383.jpg,495,57
p04,day11/0391.jpg,135,332
p04,day11/0402.jpg,480,240
p04,day11/0405.jpg,867,466
p04,day11/0406.jpg,785,387
p04,day11/0407.jpg,1213,696
p04,day11/0415.jpg,511,343
p04,day11/0419.jpg,436,266
p04,day11/0435.jpg,527,56
p04,day11/0453.jpg,569,230
p04,day11/0464.jpg,471,125
p04,day11/0475.jpg,1039,110
p04,day11/0484.jpg,544,301
p04,day11/0485.jpg,898,665
p04,day11/0497.jpg,569,413
p04,day11/0500.jpg,196,505
p04,day11/0505.jpg,763,172
p04,day12/0001.jpg,880,202
p04,day12/0006.jpg,1267,699
p04,day12/0017.jpg,890,290
p04,day12/0019.jpg,124,63
p04,day12/0039.jpg,784,387
p04,day12/0040.jpg,1079,593
p04,day12/0056.jpg,380,413
p04,day12/0061.jpg,723,193
p04,day12/0063.jpg,1212,285
p04,day12/0067.jpg,1215,797
p04,day12/0068.jpg,101,611
p04,day12/0069.jpg,88,530
p04,day12/0071.jpg,656,689
p04,day12/0074.jpg,573,174
p04,day12/0075.jpg,1264,241
p04,day12/0080.jpg,937,331
p04,day12/0084.jpg,669,33
p04,day12/0086.jpg,635,733
p04,day12/0088.jpg,64,490
p04,day12/0093.jpg,898,771
p04,day12/0099.jpg,1003,754
p04,day12/0108.jpg,829,598
p04,day12/0111.jpg,1227,201
p04,day12/0112.jpg,971,271
p04,day12/0124.jpg,407,196
p04,day12/0126.jpg,575,244
p04,day12/0127.jpg,1207,552
p04,day12/0130.jpg,924,674
p04,day12/0146.jpg,1090,568
p04,day12/0163.jpg,504,364
p04,day12/0165.jpg,29,131
p04,day12/0175.jpg,169,717
p04,day12/0177.jpg,464,295
p04,day12/0180.jpg,786,150
p04,day12/0198.jpg,968,256
p04,day12/0202.jpg,1213,586
p04,day12/0209.jpg,1039,371
p04,day12/0217.jpg,876,698
p04,day12/0219.jpg,589,158
p04,day12/0232.jpg,222,633
p04,day12/0237.jpg,366,349
p04,day12/0252.jpg,741,81
p04,day12/0254.jpg,1205,702
p04,day12/0262.jpg,549,641
p04,day12/0264.jpg,608,2
p04,day12/0277.jpg,833,466
p04,day12/0284.jpg,479,476
p04,day12/0290.jpg,442,795
p04,day12/0301.jpg,831,695
p04,day12/0328.jpg,1271,356
p04,day12/0331.jpg,854,587
p04,day12/0339.jpg,761,309
p04,day12/0345.jpg,1037,117
p04,day12/0347.jpg,140,383
p04,day12/0355.jpg,503,416
p04,day12/0357.jpg,1186,155
p04,day12/0359.jpg,198,473
p04,day12/0365.jpg,19,691
p04,day12/0393.jpg,134,527
p04,day12/0401.jpg,40,733
p04,day12/0406.jpg,489,341
p04,day12/0411.jpg,512,743
p04,day12/0412.jpg,1166,410
p04,day12/0417.jpg,360,474
p04,day12/0418.jpg,1167,693
p04,day12/0426.jpg,724,566
p04,day12/0435.jpg,565,421
p04,day12/0444.jpg,100,543
p04,day12/0449.jpg,703,522
p04,day12/0453.jpg,1273,5
p04,day12/0454.jpg,1022,540
p04,day12/0460.jpg,1186,781
p04,day12/0464.jpg,815,197
p04,day12/0465.jpg,251,399
p04,day12/0470.jpg,679,383
p04,day12/0472.jpg,546,265
p04,day12/0477.jpg,203,781
p04,day12/0483.jpg,131,553
p04,day12/0517.jpg,727,53
p04,day12/0518.jpg,599,371
p04,day12/0519.jpg,60,746
p04,day12/0527.jpg,229,465
p04,day12/0540.jpg,653,127
p04,day12/0544.jpg,460,605
p04,day12/0548.jpg,742,732
p04,day12/0555.jpg,766,138
p04,day12/0557.jpg,344,409
p04,day12/0561.jpg,199,532
p04,day12/0563.jpg,1046,299
p04,day12/0564.jpg,1256,577
p04,day12/0568.jpg,1176,427
p04,day12/0582.jpg,232,263
p04,day12/0593.jpg,147,272
p04,day12/0594.jpg,1208,499
p04,day12/0595.jpg,2,650
p04,day12/0614.jpg,466,207
p04,day13/0016.jpg,569,596
p04,day13/0026.jpg,10,159
p04,day13/0033.jpg,821,510
p04,day13/0050.jpg,333,388
p04,day13/0054.jpg,235,87
p04,day13/0062.jpg,310,258
p04,day13/0065.jpg,706,212
p04,day14/0004.jpg,648,652
p04,day14/0006.jpg,659,50
p04,day14/0007.jpg,369,325
p04,day14/0029.jpg,231,730
p04,day14/0030.jpg,583,187
p04,day14/0032.jpg,390,117
p04,day14/0033.jpg,150,45
p04,day14/0040.jpg,883,509
p04,day14/0043.jpg,148,372
p04,day14/0050.jpg,1263,574
p04,day14/0051.jpg,1156,549
p04,day14/0052.jpg,1088,287
p04,day14/0054.jpg,974,517
p04,day14/0057.jpg,189,39
p04,day14/0073.jpg,394,375
p04,day14/0075.jpg,675,431
p04,day14/0076.jpg,1169,619
p04,day14/0077.jpg,871,443
p04,day14/0080.jpg,261,362
p04,day14/0081.jpg,388,778
p04,day14/0082.jpg,1145,642
p04,day14/0089.jpg,698,756
p04,day14/0090.jpg,827,478
p04,day14/0092.jpg,607,513
p04,day14/0095.jpg,985,84
p04,day14/0096.jpg,457,120
p04,day14/0104.jpg,417,312
p04,day14/0116.jpg,901,221
p04,day14/0117.jpg,815,754
p04,day14/0119.jpg,499,589
p04,day14/0121.jpg,73,583
p04,day14/0130.jpg,566,16
p04,day14/0138.jpg,976,432
p04,day14/0143.jpg,1237,293
p04,day14/0145.jpg,1059,83
p04,day14/0150.jpg,258,91
p04,day14/0165.jpg,1182,579
p04,day14/0166.jpg,460,526
p04,day14/0171.jpg,627,517
p04,day14/0174.jpg,49,767
p04,day14/0177.jpg,985,446
p04,day14/0205.jpg,129,303
p04,day14/0206.jpg,831,240
p04,day14/0224.jpg,1230,509
p04,day14/0226.jpg,983,173
p04,day14/0230.jpg,885,43
p04,day14/0251.jpg,729,565
p04,day14/0252.jpg,141,145
p04,day14/0253.jpg,33,156
p04,day14/0260.jpg,390,137
p04,day14/0268.jpg,829,104
p04,day14/0271.jpg,537,287
p04,day14/0276.jpg,542,779
p04,day14/0280.jpg,1216,395
p04,day14/0287.jpg,445,683
p04,day14/0293.jpg,1030,426
p04,day14/0294.jpg,545,485
p04,day14/0295.jpg,799,322
p04,day14/0317.jpg,478,756
p04,day14/0336.jpg,147,259
p04,day14/0345.jpg,546,753
p04,day14/0349.jpg,790,705
p04,day14/0355.jpg,821,240
p04,day15/0002.jpg,288,218
p04,day15/0004.jpg,371,272
p04,day15/0005.jpg,191,790
p04,day15/0008.jpg,607,317
p04,day15/0010.jpg,11,473
p04,day15/0012.jpg,94,424
p04,day15/0018.jpg,1238,199
p04,day15/0022.jpg,605,637
p04,day15/0024.jpg,870,88
p04,day15/0028.jpg,1043,23
p04,day15/0030.jpg,914,102
p04,day15/0033.jpg,146,72
p04,day15/0036.jpg,838,323
p04,day15/0045.jpg,368,591
p04,day15/0048.jpg,528,131
p04,day15/0050.jpg,1221,687
p04,day15/0058.jpg,462,797
p04,day15/0059.jpg,22,357
p04,day15/0060.jpg,837,121
p04,day15/0068.jpg,780,503
p04,day15/0078.jpg,319,790
p04,day15/0081.jpg,1122,152
p04,day15/0090.jpg,335,729
p04,day15/0095.jpg,61,765
p04,day15/0101.jpg,143,495
p04,day15/0104.jpg,476,1
p04,day15/0107.jpg,141,136
p04,day15/0113.jpg,356,667
p04,day15/0118.jpg,210,365
p04,day15/0119.jpg,358,294
p04,day15/0123.jpg,763,515
p04,day15/0135.jpg,944,512
p04,day15/0139.jpg,466,737
p04,day15/0160.jpg,431,401
p04,day15/0163.jpg,929,375
p04,day15/0175.jpg,1235,22
p04,day15/0198.jpg,1005,250
p04,day15/0207.jpg,570,785
p04,day15/0216.jpg,1134,230
p04,day15/0225.jpg,384,487
p04,day15/0226.jpg,328,272
p04,day15/0227.jpg,200,359
p04,day15/0230.jpg,929,211
p04,day15/0237.jpg,929,764
p04,day15/0238.jpg,311,5
p04,day15/0249.jpg,1139,684
p04,day15/0261.jpg,223,644
p04,day15/0266.jpg,469,444
p04,day15/0273.jpg,415,687
p04,day15/0275.jpg,237,216
p04,day15/0276.jpg,163,306
p04,day15/0279.jpg,1031,532
p04,day15/0281.jpg,1267,207
p04,day15/0285.jpg,369,142
p04,day15/0286.jpg,164,541
p04,day15/0290.jpg,1167,97
p04,day15/0292.jpg,1131,101
p04,day15/0301.jpg,1203,771
p04,day15/0302.jpg,725,36
p04,day15/0307.jpg,595,619
p04,day15/0311.jpg,815,334
p04,day15/0316.jpg,637,497
p04,day15/0328.jpg,1107,686
p04,day15/0336.jpg,813,308
p04,day15/0343.jpg,676,99
p04,day15/0344.jpg,25,20
p04,day15/0364.jpg,116,232
p04,day15/0365.jpg,554,556
p04,day15/0377.jpg,1229,294
p04,day15/0379.jpg,166,761
p04,day15/0382.jpg,315,189
p04,day15/0386.jpg,713,537
p04,day15/0393.jpg,1135,281
p04,day15/0394.jpg,557,474
p04,day15/0403.jpg,1133,607
p04,day15/0404.jpg,880,551
p04,day15/0406.jpg,411,618
p04,day15/0409.jpg,1128,133
p04,day15/0414.jpg,996,720
p04,day15/0415.jpg,739,405
p04,day15/0423.jpg,971,763
p04,day15/0428.jpg,117,541
p04,day15/0446.jpg,777,87
p04,day15/0447.jpg,399,722
p04,day15/0453.jpg,226,85
p04,day15/0455.jpg,403,91
p04,day15/0456.jpg,992,431
p04,day15/0461.jpg,896,205
p04,day15/0470.jpg,44,398
p04,day15/0472.jpg,629,631
p04,day15/0478.jpg,1076,365
p04,day15/0487.jpg,171,367
p04,day15/0490.jpg,714,261
p04,day15/0491.jpg,479,349
p04,day15/0497.jpg,741,741
p04,day15/0498.jpg,459,417
p04,day15/0504.jpg,108,244
p04,day15/0509.jpg,1123,568
p04,day15/0511.jpg,506,539
p04,day15/0517.jpg,1026,572
p04,day15/0521.jpg,268,730
p04,day15/0523.jpg,771,8
p04,day15/0525.jpg,90,518
p04,day15/0527.jpg,41,384
p04,day15/0528.jpg,150,353
p04,day15/0536.jpg,1227,150
p04,day15/0540.jpg,742,733
p04,day15/0541.jpg,152,367
p04,day15/0549.jpg,235,225
p04,day15/0558.jpg,557,359
p04,day15/0567.jpg,444,450
p04,day15/0569.jpg,943,135
p04,day15/0572.jpg,726,473
p04,day15/0575.jpg,729,677
p04,day15/0578.jpg,988,371
p04,day15/0579.jpg,632,156
p04,day15/0585.jpg,718,677
p04,day15/0594.jpg,783,110
p04,day15/0598.jpg,365,106
p04,day15/0611.jpg,753,733
p04,day15/0623.jpg,469,78
p04,day15/0626.jpg,711,655
p04,day15/0629.jpg,981,162
p04,day15/0634.jpg,957,306
p04,day15/0643.jpg,1196,746
p04,day15/0649.jpg,597,225
p04,day15/0656.jpg,709,175
p04,day15/0661.jpg,519,441
p04,day15/0662.jpg,639,276
p04,day15/0664.jpg,314,440
p04,day15/0667.jpg,69,236
p04,day15/0668.jpg,55,442
p04,day15/0671.jpg,300,537
p04,day15/0684.jpg,764,610
p04,day15/0694.jpg,517,651
p04,day15/0696.jpg,614,722
p04,day15/0704.jpg,161,313
p04,day15/0719.jpg,560,194
p04,day15/0723.jpg,1109,776
p04,day15/0728.jpg,36,77
p04,day15/0729.jpg,1097,61
p04,day15/0731.jpg,347,453
p04,day15/0738.jpg,1183,528
p04,day15/0743.jpg,1032,577
p04,day15/0746.jpg,291,246
p04,day15/0750.jpg,304,302
p04,day15/0752.jpg,213,218
p04,day15/0755.jpg,236,441
p04,day15/0758.jpg,501,645
p04,day15/0767.jpg,198,384
p04,day15/0771.jpg,787,442
p04,day15/0772.jpg,916,264
p04,day15/0778.jpg,859,691
p04,day15/0780.jpg,501,287
p04,day15/0790.jpg,19,43
p04,day15/0795.jpg,753,699
p04,day15/0799.jpg,286,760
p04,day15/0802.jpg,424,331
p04,day15/0803.jpg,132,305
p04,day15/0804.jpg,77,14
p04,day15/0813.jpg,966,474
p04,day15/0814.jpg,908,256
p04,day15/0816.jpg,755,428
p04,day15/0826.jpg,1177,745
p04,day15/0835.jpg,512,733
p04,day15/0840.jpg,447,434
p04,day15/0844.jpg,497,329
p04,day15/0848.jpg,650,126
p04,day15/0855.jpg,279,751
p04,day15/0871.jpg,246,236
p04,day15/0877.jpg,1275,726
p04,day15/0886.jpg,277,325
p04,day15/0893.jpg,545,756
p04,day15/0898.jpg,681,463
p04,day16/0001.jpg,1222,594
p04,day16/0009.jpg,982,283
p04,day16/0013.jpg,976,705
p04,day16/0014.jpg,556,651
p04,day16/0018.jpg,920,192
p04,day16/0025.jpg,7,44
p04,day16/0031.jpg,838,530
p04,day16/0040.jpg,329,231
p04,day16/0041.jpg,1233,15
p04,day16/0046.jpg,224,241
p04,day16/0053.jpg,519,128
p04,day16/0054.jpg,1016,460
p04,day16/0059.jpg,1030,771
p04,day16/0068.jpg,943,81
p04,day16/0073.jpg,720,395
p04,day16/0079.jpg,322,147
p04,day16/0089.jpg,1049,627
p04,day16/0091.jpg,821,773
p04,day16/0099.jpg,250,239
p04,day16/0107.jpg,1099,442
p04,day16/0110.jpg,566,385
p04,day16/0113.jpg,74,81
p04,day16/0125.jpg,628,425
p04,day16/0133.jpg,736,723
p04,day16/0134.jpg,903,792
p04,day16/0143.jpg,801,407
p04,day16/0159.jpg,1097,493
p04,day16/0168.jpg,288,641
p04,day16/0175.jpg,38,694
p04,day16/0178.jpg,588,522
p04,day16/0190.jpg,1072,719
p04,day16/0199.jpg,1253,300
p04,day16/0207.jpg,145,199
p04,day16/0209.jpg,115,16
p04,day16/0210.jpg,389,782
p04,day16/0215.jpg,961,793
p04,day16/0221.jpg,364,84
p04,day16/0222.jpg,83,490
p04,day16/0224.jpg,455,120
p04,day16/0225.jpg,1122,320
p04,day16/0228.jpg,387,780
p04,day16/0231.jpg,521,341
p04,day16/0235.jpg,757,762
p04,day16/0236.jpg,956,622
p04,day16/0243.jpg,406,329
p04,day16/0245.jpg,1245,419
p04,day16/0248.jpg,459,23
p04,day16/0255.jpg,543,535
p04,day16/0264.jpg,391,779
p04,day16/0278.jpg,1241,434
p04,day16/0289.jpg,176,736
p04,day16/0319.jpg,156,375
p04,day16/0332.jpg,543,297
p04,day16/0334.jpg,170,599
p04,day16/0353.jpg,877,595
p04,day16/0355.jpg,915,158
p04,day16/0362.jpg,524,332
p04,day16/0363.jpg,222,481
p04,day16/0372.jpg,664,792
p04,day16/0388.jpg,379,365
p04,day16/0391.jpg,217,685
p04,day16/0397.jpg,350,448
p04,day16/0399.jpg,1124,104
p04,day16/0408.jpg,656,155
p04,day16/0409.jpg,560,321
p04,day16/0419.jpg,864,299
p04,day16/0430.jpg,860,208
p04,day16/0432.jpg,1081,477
p04,day16/0433.jpg,1086,766
p04,day16/0442.jpg,291,262
p04,day16/0462.jpg,1022,177
p04,day16/0480.jpg,989,52
p04,day16/0493.jpg,26,543
p04,day16/0494.jpg,554,463
p04,day16/0499.jpg,618,515
p04,day16/0500.jpg,597,398
p04,day16/0513.jpg,401,122
p04,day16/0518.jpg,324,716
p04,day16/0538.jpg,1060,113
p04,day16/0546.jpg,969,248
p04,day16/0548.jpg,1101,111
p04,day16/0562.jpg,1014,119
p04,day16/0567.jpg,1098,165
p04,day16/0575.jpg,960,745
p04,day16/0580.jpg,858,11
p04,day16/0585.jpg,467,455
p04,day16/0587.jpg,73,429
p04,day16/0590.jpg,1077,124
p04,day16/0600.jpg,482,409
p04,day16/0605.jpg,734,30
p04,day16/0617.jpg,842,178
p04,day16/0625.jpg,664,476
p04,day16/0629.jpg,1239,406
p04,day16/0646.jpg,652,219
p04,day16/0647.jpg,791,565
p04,day16/0650.jpg,1104,709
p04,day16/0657.jpg,374,106
p04,day16/0658.jpg,444,293
p04,day16/0659.jpg,419,462
p04,day16/0661.jpg,693,650
p04,day16/0676.jpg,887,697
p04,day16/0682.jpg,83,236
p04,day16/0698.jpg,1067,241
p04,day16/0699.jpg,1189,51
p04,day16/0721.jpg,830,289
p04,day16/0728.jpg,1064,32
p04,day16/0738.jpg,452,607
p04,day16/0748.jpg,1133,327
p04,day16/0749.jpg,99,383
p04,day16/0766.jpg,401,446
p04,day16/0772.jpg,1191,347
p04,day16/0773.jpg,2,172
p04,day16/0774.jpg,1028,538
p04,day16/0775.jpg,1040,602
p04,day16/0780.jpg,493,148
p04,day16/0786.jpg,345,696
p04,day16/0791.jpg,582,598
p04,day16/0799.jpg,726,400
p04,day16/0800.jpg,688,158
p04,day16/0803.jpg,698,407
p04,day16/0818.jpg,1132,599
p04,day16/0820.jpg,1217,266
p04,day16/0832.jpg,93,155
p04,day16/0835.jpg,957,289
p04,day16/0836.jpg,348,387
p04,day16/0838.jpg,333,490
p04,day16/0841.jpg,284,441
p04,day16/0846.jpg,605,592
p04,day16/0851.jpg,1106,577
p04,day16/0858.jpg,749,726
p04,day16/0860.jpg,550,280
p04,day16/0865.jpg,1167,173
p04,day16/0876.jpg,1000,790
p04,day17/0001.jpg,804,345
p04,day17/0013.jpg,1226,171
p04,day17/0021.jpg,831,144
p04,day17/0025.jpg,574,188
p04,day17/0028.jpg,540,288
p04,day17/0030.jpg,412,672
p04,day17/0038.jpg,182,444
p04,day17/0039.jpg,119,601
p04,day17/0045.jpg,669,633
p04,day17/0050.jpg,182,28
p04,day17/0051.jpg,568,238
p04,day17/0052.jpg,963,756
p04,day17/0057.jpg,933,499
p04,day17/0060.jpg,992,608
p04,day17/0068.jpg,888,72
p04,day17/0072.jpg,746,334
p04,day17/0083.jpg,1128,631
p04,day17/0092.jpg,389,115
p04,day17/0094.jpg,677,401
p04,day17/0103.jpg,552,338
p04,day17/0119.jpg,512,620
p04,day17/0122.jpg,1030,452
p04,day17/0124.jpg,877,318
p04,day17/0127.jpg,954,602
p04,day17/0128.jpg,1121,53
p04,day17/0132.jpg,514,752
p04,day17/0136.jpg,1072,179
p04,day17/0138.jpg,1097,724
p04,day17/0139.jpg,1187,689
p04,day17/0142.jpg,294,145
p04,day17/0146.jpg,1185,360
p04,day17/0160.jpg,103,665
p04,day17/0165.jpg,55,62
p04,day17/0167.jpg,349,504
p04,day17/0168.jpg,985,84
p04,day17/0175.jpg,824,50
p04,day17/0178.jpg,859,769
p04,day17/0180.jpg,306,105
p04,day17/0183.jpg,261,782
p04,day17/0184.jpg,285,276
p04,day17/0185.jpg,1053,279
p04,day17/0193.jpg,1014,88
p04,day17/0194.jpg,501,497
p04,day17/0204.jpg,236,274
p04,day17/0206.jpg,58,757
p04,day17/0213.jpg,710,361
p04,day17/0238.jpg,1049,43
p04,day17/0243.jpg,942,480
p04,day17/0250.jpg,301,519
p04,day17/0252.jpg,666,368
p04,day17/0257.jpg,731,624
p04,day17/0263.jpg,51,444
p04,day17/0268.jpg,445,173
p04,day17/0278.jpg,834,702
p04,day17/0292.jpg,13,46
p04,day17/0300.jpg,143,217
p04,day17/0301.jpg,419,359
p04,day17/0303.jpg,1078,663
p04,day17/0307.jpg,1038,334
p04,day17/0313.jpg,90,752
p04,day17/0341.jpg,497,542
p04,day17/0349.jpg,408,593
p04,day17/0358.jpg,228,690
p04,day17/0361.jpg,544,744
p04,day17/0364.jpg,756,378
p04,day17/0369.jpg,162,168
p04,day17/0374.jpg,829,2
p04,day17/0379.jpg,114,251
p04,day17/0385.jpg,1109,29
p04,day17/0387.jpg,652,690
p04,day17/0398.jpg,921,512
p04,day17/0400.jpg,1030,480
p04,day17/0420.jpg,764,375
p04,day17/0422.jpg,235,466
p04,day17/0426.jpg,307,746
p04,day17/0429.jpg,541,313
p04,day17/0433.jpg,166,290
p04,day17/0438.jpg,1033,379
p04,day17/0444.jpg,490,34
p04,day17/0449.jpg,415,158
p04,day17/0453.jpg,1082,578
p04,day17/0462.jpg,811,608
p04,day17/0470.jpg,930,517
p04,day17/0475.jpg,129,681
p04,day17/0497.jpg,609,173
p04,day17/0500.jpg,1234,296
p04,day17/0503.jpg,479,361
p04,day17/0506.jpg,860,222
p04,day17/0514.jpg,926,287
p04,day17/0518.jpg,386,138
p04,day17/0519.jpg,2,181
p04,day17/0525.jpg,21,688
p04,day17/0528.jpg,138,336
p04,day17/0531.jpg,375,101
p04,day17/0533.jpg,106,156
p04,day17/0540.jpg,647,26
p04,day17/0551.jpg,558,654
p04,day17/0552.jpg,562,2
p04,day17/0555.jpg,248,789
p04,day17/0556.jpg,366,441
p04,day17/0569.jpg,1179,571
p04,day17/0596.jpg,1215,523
p04,day17/0597.jpg,386,599
p04,day17/0599.jpg,480,104
p04,day17/0600.jpg,831,611
p04,day17/0603.jpg,1213,397
p04,day17/0605.jpg,308,67
p04,day17/0608.jpg,780,781
p04,day17/0623.jpg,1190,208
p04,day17/0627.jpg,59,562
p04,day17/0631.jpg,408,642
p04,day17/0634.jpg,595,742
p04,day17/0635.jpg,47,418
p04,day17/0636.jpg,403,763
p04,day17/0670.jpg,616,552
p04,day17/0676.jpg,513,644
p04,day17/0677.jpg,1207,309
p04,day17/0686.jpg,530,747
p04,day17/0693.jpg,20,505
p04,day17/0694.jpg,346,483
p04,day17/0695.jpg,1111,385
p04,day17/0696.jpg,941,765
p04,day17/0702.jpg,1235,556
p04,day17/0703.jpg,135,501
p04,day17/0716.jpg,238,387
p04,day17/0727.jpg,484,13
p04,day17/0731.jpg,151,336
p04,day17/0739.jpg,200,260
p04,day17/0741.jpg,534,177
p04,day17/0745.jpg,1050,5
p04,day17/0753.jpg,753,161
p04,day17/0779.jpg,697,330
p04,day17/0780.jpg,794,595
p04,day17/0789.jpg,1244,524
p04,day17/0791.jpg,451,392
p04,day17/0795.jpg,1068,109
p04,day17/0817.jpg,771,76
p04,day17/0826.jpg,293,427
p04,day17/0829.jpg,364,781
p04,day17/0837.jpg,1103,482
p04,day17/0855.jpg,411,445
p04,day17/0856.jpg,615,441
p04,day17/0858.jpg,800,273
p04,day17/0860.jpg,70,292
p04,day17/0890.jpg,168,762
p04,day17/0895.jpg,280,329
p04,day17/0899.jpg,701,44
p04,day17/0901.jpg,678,423
p04,day17/0904.jpg,374,752
p04,day17/0905.jpg,928,221
p04,day17/0907.jpg,462,425
p04,day17/0913.jpg,59,367
p04,day17/0920.jpg,496,628
p04,day17/0923.jpg,1017,488
p04,day17/0950.jpg,1003,59
p04,day17/0959.jpg,567,665
p04,day17/0960.jpg,576,167
p04,day17/0961.jpg,1073,135
p04,day17/0962.jpg,442,714
p04,day17/0967.jpg,101,18
p04,day17/0968.jpg,529,503
p04,day17/0981.jpg,528,399
p04,day17/0983.jpg,1162,60
p04,day17/0986.jpg,1101,625
p04,day17/0988.jpg,536,700
p04,day17/0990.jpg,510,44
p04,day17/0991.jpg,977,551
p04,day17/0993.jpg,503,566
p04,day17/0997.jpg,729,733
p04,day17/1005.jpg,265,124
p04,day17/1010.jpg,271,305
p04,day17/1021.jpg,893,636
p04,day17/1032.jpg,1254,129
p04,day17/1041.jpg,1115,100
p04,day17/1050.jpg,738,155
p04,day18/0004.jpg,1241,593
p04,day18/0006.jpg,571,148
p04,day18/0008.jpg,988,475
p04,day18/0012.jpg,1146,728
p04,day18/0015.jpg,607,767
p04,day18/0023.jpg,309,434
p04,day18/0024.jpg,400,535
p04,day18/0030.jpg,9,516
p04,day18/0034.jpg,330,537
p04,day18/0037.jpg,1159,341
p04,day18/0053.jpg,503,679
p04,day18/0071.jpg,204,532
p04,day18/0097.jpg,291,492
p04,day18/0104.jpg,164,591
p04,day18/0106.jpg,404,604
p04,day18/0112.jpg,1073,559
p04,day18/0116.jpg,747,545
p04,day18/0119.jpg,508,598
p04,day18/0131.jpg,668,155
p04,day18/0134.jpg,868,390
p04,day18/0135.jpg,743,396
p04,day18/0145.jpg,212,130
p04,day18/0146.jpg,866,249
p04,day18/0151.jpg,418,329
p04,day18/0152.jpg,41,294
p04,day18/0156.jpg,147,418
p04,day18/0158.jpg,121,191
p04,day18/0159.jpg,109,548
p04,day18/0167.jpg,1219,347
p04,day18/0169.jpg,688,65
p04,day18/0170.jpg,1260,234
p04,day18/0187.jpg,62,482
p04,day18/0194.jpg,689,213
p04,day18/0199.jpg,1014,231
p04,day18/0207.jpg,323,332
p04,day18/0224.jpg,635,709
p04,day18/0238.jpg,514,431
p04,day18/0241.jpg,1084,671
p04,day18/0246.jpg,156,340
p04,day18/0248.jpg,606,101
p04,day18/0250.jpg,172,193
p04,day18/0255.jpg,885,428
p04,day18/0261.jpg,186,580
p04,day18/0262.jpg,1276,666
p04,day18/0268.jpg,1050,400
p04,day18/0270.jpg,340,546
p04,day18/0282.jpg,472,735
p04,day18/0288.jpg,654,712
p04,day18/0303.jpg,1060,343
p04,day18/0306.jpg,777,535
p04,day18/0309.jpg,40,88
p04,day18/0311.jpg,0,694
p04,day18/0330.jpg,814,285
p04,day18/0337.jpg,1219,287
p04,day18/0341.jpg,485,481
p04,day18/0343.jpg,641,300
p04,day18/0350.jpg,1143,700
p04,day18/0357.jpg,439,723
p04,day18/0359.jpg,992,330
p04,day18/0374.jpg,752,426
p04,day18/0376.jpg,1069,292
p04,day18/0381.jpg,1070,277
p04,day18/0387.jpg,245,232
p04,day18/0389.jpg,1104,463
p04,day18/0393.jpg,1171,481
p04,day18/0395.jpg,429,763
p04,day18/0402.jpg,792,478
p04,day18/0404.jpg,471,403
p04,day18/0408.jpg,15,758
p04,day18/0413.jpg,823,89
p04,day18/0418.jpg,1228,545
p04,day18/0430.jpg,183,127
p04,day18/0436.jpg,254,572
p04,day18/0449.jpg,1073,250
p04,day18/0453.jpg,801,373
p04,day18/0461.jpg,1171,750
p04,day18/0463.jpg,1020,481
p04,day18/0464.jpg,963,706
p04,day18/0474.jpg,435,794
p04,day18/0478.jpg,119,575
p04,day18/0484.jpg,786,268
p04,day18/0488.jpg,760,404
p04,day18/0498.jpg,1225,210
p04,day18/0503.jpg,497,458
p04,day18/0510.jpg,235,305
p04,day18/0513.jpg,994,396
p04,day18/0541.jpg,13,72
p04,day18/0543.jpg,1062,446
p04,day18/0547.jpg,816,248
p04,day18/0553.jpg,968,535
p04,day18/0558.jpg,578,124
p04,day18/0559.jpg,808,93
p04,day18/0563.jpg,500,430
p04,day18/0564.jpg,325,455
p04,day18/0572.jpg,1113,71
p04,day18/0575.jpg,1003,648
p04,day18/0581.jpg,1106,543
p04,day18/0590.jpg,1026,456
p04,day18/0591.jpg,429,520
p04,day18/0601.jpg,392,693
p04,day18/0603.jpg,177,158
p04,day18/0614.jpg,357,641
p04,day18/0619.jpg,733,506
p04,day18/0625.jpg,399,195
p04,day18/0630.jpg,14,415
p04,day18/0642.jpg,398,81
p04,day18/0651.jpg,46,352
p04,day18/0654.jpg,759,522
p04,day18/0656.jpg,1239,785
p04,day18/0657.jpg,1043,726
p04,day18/0660.jpg,529,177
p04,day18/0675.jpg,345,194
p04,day18/0679.jpg,641,553
p04,day18/0684.jpg,1062,649
p04,day18/0691.jpg,1047,147
p04,day18/0698.jpg,106,72
p04,day18/0699.jpg,8,238
p04,day18/0715.jpg,232,520
p04,day18/0717.jpg,1114,790
p04,day19/0010.jpg,555,124
p04,day19/0013.jpg,166,188
p04,day19/0022.jpg,297,263
p04,day19/0048.jpg,928,752
p04,day19/0050.jpg,1229,58
p04,day19/0051.jpg,628,555
p04,day19/0069.jpg,794,433
p04,day19/0070.jpg,999,214
p04,day19/0077.jpg,1259,713
p04,day19/0079.jpg,922,729
p04,day19/0085.jpg,7,780
p04,day19/0088.jpg,1019,484
p04,day19/0091.jpg,1229,497
p04,day19/0093.jpg,86,531
p04,day19/0104.jpg,496,187
p04,day19/0105.jpg,223,654
p04,day19/0115.jpg,283,362
p04,day19/0126.jpg,544,12
p04,day19/0140.jpg,44,61
p04,day19/0145.jpg,165,567
p04,day19/0146.jpg,528,292
p04,day19/0148.jpg,44,332
p04,day19/0157.jpg,259,62
p04,day19/0163.jpg,13,613
p04,day19/0169.jpg,1129,31
p04,day19/0171.jpg,1227,59
p04,day19/0173.jpg,723,8
p04,day19/0175.jpg,704,743
p04,day19/0176.jpg,78,322
p04,day19/0186.jpg,543,735
p04,day19/0187.jpg,1180,426
p04,day19/0192.jpg,1204,373
p04,day19/0195.jpg,950,159
p04,day19/0197.jpg,528,308
p04,day19/0198.jpg,894,662
p04,day19/0200.jpg,1010,365
p04,day19/0206.jpg,1240,663
p04,day19/0208.jpg,783,283
p04,day19/0217.jpg,1059,185
p04,day19/0220.jpg,535,791
p04,day19/0223.jpg,913,343
p04,day19/0224.jpg,74,459
p04,day19/0233.jpg,1162,77
p04,day19/0236.jpg,1203,447
p04,day19/0244.jpg,69,12
p04,day19/0245.jpg,780,757
p04,day19/0251.jpg,544,266
p04,day19/0253.jpg,416,551
p04,day19/0265.jpg,397,686
p04,day19/0278.jpg,1103,212
p04,day19/0280.jpg,102,206
p04,day19/0282.jpg,1160,58
p04,day19/0290.jpg,14,67
p04,day19/0295.jpg,621,70
p04,day19/0315.jpg,1,795
p04,day19/0323.jpg,1223,91
p04,day19/0329.jpg,936,38
p04,day19/0331.jpg,495,214
p04,day19/0332.jpg,156,204
p04,day19/0335.jpg,823,117
p04,day19/0342.jpg,1158,109
p04,day19/0358.jpg,814,780
p04,day19/0359.jpg,793,693
p04,day19/0363.jpg,596,29
p04,day19/0367.jpg,476,797
p04,day19/0373.jpg,171,211
p04,day19/0376.jpg,656,482
p04,day19/0386.jpg,366,523
p04,day19/0401.jpg,1016,572
p04,day19/0405.jpg,1005,186
p04,day19/0411.jpg,165,490
p04,day19/0412.jpg,306,91
p04,day19/0422.jpg,577,27
p04,day19/0435.jpg,505,267
p04,day19/0437.jpg,806,89
p04,day19/0441.jpg,794,788
p04,day19/0448.jpg,489,707
p04,day19/0457.jpg,77,621
p04,day19/0465.jpg,261,716
p04,day19/0475.jpg,579,106
p04,day19/0485.jpg,85,466
p04,day19/0489.jpg,377,176
p04,day19/0491.jpg,1042,267
p04,day19/0492.jpg,466,610
p04,day19/0514.jpg,358,78
p04,day19/0520.jpg,596,276
p04,day19/0524.jpg,641,735
p04,day19/0526.jpg,910,505
p04,day19/0539.jpg,19,200
p04,day19/0541.jpg,75,402
p04,day19/0560.jpg,737,280
p04,day19/0564.jpg,22,141
p04,day19/0567.jpg,1169,600
p04,day19/0569.jpg,1122,140
p04,day19/0572.jpg,127,24
p04,day19/0575.jpg,10,767
p04,day19/0581.jpg,799,520
p04,day19/0583.jpg,757,405
p04,day19/0597.jpg,96,630
p04,day19/0599.jpg,1158,428
p04,day19/0602.jpg,1030,333
p04,day19/0606.jpg,472,358
p04,day19/0613.jpg,1226,280
p04,day19/0622.jpg,594,165
p04,day19/0625.jpg,52,20
p04,day19/0626.jpg,171,698
p04,day19/0630.jpg,870,696
p04,day19/0631.jpg,1146,539
p04,day19/0637.jpg,842,203
p04,day19/0639.jpg,808,238
p04,day19/0650.jpg,184,173
p04,day19/0652.jpg,795,773
p04,day19/0653.jpg,139,641
p04,day19/0656.jpg,927,152
p04,day19/0658.jpg,552,97
p04,day19/0665.jpg,349,498
p04,day19/0666.jpg,314,559
p04,day19/0685.jpg,799,601
p04,day19/0693.jpg,730,30
p04,day19/0694.jpg,496,451
p04,day19/0698.jpg,311,111
p04,day19/0706.jpg,1071,769
p04,day19/0713.jpg,1070,205
p04,day19/0716.jpg,496,728
p04,day19/0717.jpg,1119,265
p04,day19/0725.jpg,176,300
p04,day19/0729.jpg,1136,375
p04,day19/0730.jpg,62,215
p04,day19/0731.jpg,666,296
p04,day19/0732.jpg,961,29
p04,day19/0741.jpg,804,699
p04,day19/0742.jpg,118,360
p04,day19/0758.jpg,115,639
p04,day19/0764.jpg,306,532
p04,day19/0784.jpg,432,225
p04,day19/0785.jpg,161,797
p04,day19/0792.jpg,242,614
p04,day19/0796.jpg,615,432
p04,day19/0800.jpg,183,237
p04,day19/0804.jpg,671,637
p04,day19/0813.jpg,418,421
p04,day19/0818.jpg,267,232
p04,day19/0821.jpg,972,135
p04,day19/0827.jpg,881,643
p04,day19/0829.jpg,330,528
p04,day19/0835.jpg,228,373
p04,day19/0837.jpg,153,259
p04,day19/0838.jpg,226,401
p04,day20/0003.jpg,594,506
p04,day20/0005.jpg,297,583
p04,day20/0006.jpg,931,154
p04,day20/0017.jpg,706,256
p04,day20/0020.jpg,1274,31
p04,day20/0023.jpg,389,638
p04,day20/0038.jpg,1180,681
p04,day20/0043.jpg,1069,228
p04,day20/0050.jpg,193,194
p04,day20/0057.jpg,360,498
p04,day20/0058.jpg,1184,442
p04,day20/0061.jpg,687,456
p04,day20/0063.jpg,461,435
p04,day20/0068.jpg,629,646
p04,day20/0069.jpg,919,286
p04,day20/0075.jpg,1257,432
p04,day20/0084.jpg,321,745
p04,day20/0085.jpg,858,597
p04,day20/0131.jpg,975,714
p04,day20/0132.jpg,993,185
p04,day20/0137.jpg,331,14
p04,day20/0144.jpg,1103,358
p04,day20/0150.jpg,1276,367
p04,day20/0154.jpg,427,664
p04,day20/0159.jpg,245,86
p04,day20/0170.jpg,733,117
p04,day20/0177.jpg,1060,793
p04,day20/0178.jpg,617,709
p04,day20/0179.jpg,99,415
p04,day20/0180.jpg,1201,288
p04,day20/0185.jpg,1108,244
p04,day20/0186.jpg,133,87
p04,day20/0189.jpg,1156,437
p04,day20/0201.jpg,701,691
p04,day20/0208.jpg,462,626
p04,day20/0209.jpg,1101,128
p04,day20/0211.jpg,688,702
p04,day20/0217.jpg,1132,712
p04,day20/0219.jpg,240,669
p04,day20/0220.jpg,755,560
p04,day20/0228.jpg,348,607
p04,day20/0233.jpg,886,760
p04,day20/0234.jpg,161,513
p04,day20/0235.jpg,965,471
p04,day20/0242.jpg,637,97
p04,day20/0253.jpg,513,703
p04,day20/0262.jpg,600,328
p04,day20/0267.jpg,15,725
p04,day20/0271.jpg,1133,217
p04,day20/0272.jpg,711,595
p04,day20/0281.jpg,1255,400
p04,day20/0286.jpg,911,130
p04,day20/0298.jpg,538,720
p04,day20/0305.jpg,866,584
p04,day20/0321.jpg,863,198
p04,day20/0329.jpg,1220,484
p04,day20/0331.jpg,414,729
p04,day20/0335.jpg,965,711
p04,day20/0336.jpg,1074,226
p04,day20/0342.jpg,283,722
p04,day20/0361.jpg,1120,52
p04,day20/0369.jpg,196,468
p04,day20/0379.jpg,842,755
p04,day20/0387.jpg,504,605
p04,day20/0388.jpg,1161,589
p04,day20/0403.jpg,819,663
p04,day20/0405.jpg,194,218
p04,day20/0411.jpg,712,307
p04,day20/0412.jpg,1189,705
p04,day20/0419.jpg,60,486
p04,day20/0428.jpg,650,735
p04,day20/0437.jpg,82,556
p04,day20/0438.jpg,299,144
p04,day20/0443.jpg,623,179
p04,day20/0453.jpg,865,706
p04,day20/0454.jpg,778,226
p04,day20/0455.jpg,786,356
p04,day20/0464.jpg,1018,189
p04,day20/0483.jpg,285,282
p04,day20/0488.jpg,895,30
p04,day20/0500.jpg,591,509
p04,day20/0516.jpg,629,288
p04,day20/0524.jpg,390,121
p04,day20/0531.jpg,475,796
p04,day20/0532.jpg,394,8
p04,day20/0535.jpg,1051,303
p04,day20/0539.jpg,273,52
p04,day20/0553.jpg,928,177
p04,day20/0557.jpg,1113,269
p04,day20/0558.jpg,596,557
p04,day21/0001.jpg,511,383
p04,day21/0002.jpg,292,266
p04,day21/0008.jpg,288,739
p04,day22/0002.jpg,93,735
p04,day22/0004.jpg,1215,426
p04,day22/0011.jpg,985,542
p04,day22/0019.jpg,230,473
p04,day22/0021.jpg,664,209
p04,day22/0026.jpg,235,308
p04,day22/0033.jpg,46,436
p04,day22/0046.jpg,908,285
p04,day22/0050.jpg,723,165
p04,day22/0055.jpg,1012,48
p04,day22/0058.jpg,1014,671
p04,day22/0059.jpg,1162,364
p04,day22/0072.jpg,588,195
p04,day22/0074.jpg,1014,426
p04,day22/0081.jpg,526,331
p04,day22/0082.jpg,1188,522
p04,day22/0083.jpg,58,103
p04,day22/0093.jpg,404,343
p04,day22/0096.jpg,1261,292
p04,day22/0102.jpg,565,495
p04,day22/0112.jpg,486,43
p04,day22/0127.jpg,130,368
p04,day22/0132.jpg,1248,457
p04,day22/0146.jpg,10,89
p04,day22/0156.jpg,432,689
p04,day22/0163.jpg,1170,767
p04,day22/0168.jpg,119,154
p04,day22/0172.jpg,336,591
p04,day22/0177.jpg,656,108
p04,day22/0182.jpg,978,261
p04,day22/0193.jpg,820,748
p04,day22/0200.jpg,861,174
p04,day22/0203.jpg,966,124
p04,day22/0207.jpg,954,578
p04,day22/0213.jpg,1205,467
p04,day22/0214.jpg,525,172
p04,day22/0224.jpg,877,417
p04,day22/0226.jpg,1075,16
p04,day22/0236.jpg,110,65
p04,day22/0238.jpg,321,504
p04,day22/0239.jpg,737,483
p04,day22/0242.jpg,561,275
p04,day22/0251.jpg,930,748
p04,day22/0253.jpg,695,258
p04,day22/0256.jpg,19,143
p04,day22/0258.jpg,355,251
p04,day22/0266.jpg,340,237
p04,day22/0274.jpg,1097,352
p04,day22/0277.jpg,342,796
p04,day22/0286.jpg,783,504
p04,day22/0296.jpg,983,114
p04,day22/0301.jpg,158,31
p04,day22/0307.jpg,653,319
p04,day22/0310.jpg,971,23
p04,day22/0318.jpg,1274,221
p04,day22/0322.jpg,246,607
p04,day22/0324.jpg,79,687
p04,day22/0326.jpg,20,191
p04,day22/0327.jpg,776,101
p04,day22/0328.jpg,62,454
p04,day22/0333.jpg,381,77
p04,day22/0334.jpg,421,606
p04,day22/0349.jpg,339,711
p04,day22/0360.jpg,739,599
p04,day22/0364.jpg,1036,415
p04,day22/0368.jpg,550,739
p04,day22/0387.jpg,1262,276
p04,day22/0389.jpg,173,549
p04,day22/0390.jpg,282,566
p04,day22/0394.jpg,142,185
p04,day22/0400.jpg,1162,639
p04,day22/0402.jpg,1057,307
p04,day22/0404.jpg,188,288
p04,day22/0409.jpg,820,659
p04,day22/0412.jpg,388,171
p04,day22/0419.jpg,406,212
p04,day22/0432.jpg,165,282
p04,day22/0434.jpg,253,47
p04,day22/0435.jpg,1215,179
p04,day22/0440.jpg,526,757
p04,day22/0449.jpg,830,254
p04,day22/0452.jpg,196,185
p04,day22/0460.jpg,245,553
p04,day22/0470.jpg,1021,549
p04,day22/0487.jpg,1274,738
p04,day22/0495.jpg,821,328
p04,day22/0500.jpg,329,109
p04,day22/0505.jpg,1242,29
p04,day22/0507.jpg,899,349
p04,day22/0509.jpg,1189,223
p04,day22/0529.jpg,656,575
p04,day22/0532.jpg,867,640
p04,day22/0542.jpg,855,179
p04,day22/0547.jpg,195,111
p04,day22/0561.jpg,865,637
p04,day22/0564.jpg,60,319
p04,day22/0571.jpg,422,338
p04,day22/0574.jpg,395,706
p04,day22/0579.jpg,205,299
p04,day22/0581.jpg,726,196
p04,day22/0598.jpg,911,697
p04,day22/0606.jpg,1271,500
p04,day22/0610.jpg,1126,449
p04,day22/0614.jpg,382,80
p04,day22/0617.jpg,225,337
p04,day22/0632.jpg,1095,4
p04,day22/0645.jpg,609,747
p04,day22/0654.jpg,11,230
p04,day22/0655.jpg,606,249
p04,day22/0656.jpg,181,770
p04,day22/0659.jpg,271,646
p04,day22/0661.jpg,1265,165
p04,day22/0665.jpg,231,711
p04,day22/0667.jpg,418,95
p04,day22/0673.jpg,418,328
p04,day22/0674.jpg,733,506
p04,day22/0676.jpg,637,263
p04,day22/0677.jpg,683,170
p04,day22/0678.jpg,811,302
p04,day22/0679.jpg,230,15
p04,day22/0701.jpg,987,436
p04,day22/0713.jpg,601,496
p04,day22/0717.jpg,453,298
p04,day22/0730.jpg,527,704
p04,day22/0733.jpg,507,192
p04,day23/0007.jpg,303,513
p04,day23/0008.jpg,874,60
p04,day23/0020.jpg,753,326
p04,day23/0021.jpg,394,348
p04,day23/0023.jpg,7,214
p04,day23/0026.jpg,230,162
p04,day23/0029.jpg,1085,88
p04,day23/0032.jpg,78,27
p04,day23/0043.jpg,1000,122
p04,day23/0046.jpg,36,430
p04,day23/0053.jpg,251,80
p04,day23/0060.jpg,169,310
p04,day23/0077.jpg,386,659
p04,day23/0086.jpg,1180,632
p04,day23/0089.jpg,1026,378
p04,day23/0097.jpg,239,270
p04,day23/0098.jpg,22,250
p04,day23/0103.jpg,971,112
p04,day23/0130.jpg,377,499
p04,day23/0140.jpg,361,315
p04,day23/0141.jpg,881,761
p04,day23/0142.jpg,1022,22
p04,day23/0146.jpg,412,289
p04,day23/0163.jpg,673,137
p04,day23/0164.jpg,540,268
p04,day23/0167.jpg,637,370
p04,day23/0175.jpg,89,455
p04,day23/0177.jpg,1061,289
p04,day23/0180.jpg,589,545
p04,day23/0186.jpg,1018,7
p04,day23/0187.jpg,574,405
p04,day23/0202.jpg,213,178
p04,day23/0215.jpg,293,319
p04,day23/0216.jpg,462,66
p04,day23/0231.jpg,1116,775
p04,day23/0233.jpg,1052,763
p04,day23/0247.jpg,658,235
p04,day23/0269.jpg,876,382
p04,day23/0277.jpg,177,98
p04,day23/0281.jpg,529,164
p04,day23/0284.jpg,424,428
p04,day23/0297.jpg,49,192
p04,day23/0298.jpg,817,668
p04,day23/0307.jpg,557,555
p04,day23/0313.jpg,447,750
p04,day23/0314.jpg,141,792
p04,day23/0322.jpg,827,559
p04,day23/0325.jpg,290,361
p04,day23/0337.jpg,1253,568
p04,day23/0342.jpg,751,501
p04,day23/0347.jpg,483,149
p04,day23/0349.jpg,902,796
p04,day23/0358.jpg,920,333
p04,day23/0386.jpg,653,730
p04,day23/0404.jpg,599,5
p04,day23/0411.jpg,6,23
p04,day23/0413.jpg,547,688
p04,day23/0416.jpg,1157,36
p04,day23/0423.jpg,133,560
p04,day23/0425.jpg,675,489
p04,day23/0428.jpg,12,308
p04,day23/0436.jpg,916,309
p04,day23/0454.jpg,1016,513
p04,day23/0457.jpg,459,101
p04,day23/0458.jpg,292,598
p04,day23/0459.jpg,164,743
p04,day23/0460.jpg,1231,615
p04,day23/0465.jpg,14,310
p04,day23/0470.jpg,437,463
p04,day23/0473.jpg,1129,268
p04,day23/0482.jpg,40,508
p04,day23/0489.jpg,350,10
p04,day23/0490.jpg,835,177
p04,day23/0491.jpg,588,165
p04,day23/0510.jpg,1226,575
p04,day23/0513.jpg,617,621
p04,day23/0523.jpg,248,410
p04,day23/0524.jpg,832,115
p04,day23/0527.jpg,1193,78
p04,day23/0528.jpg,569,596
p04,day23/0534.jpg,1030,477
p04,day23/0536.jpg,614,540
p04,day23/0544.jpg,592,506
p04,day23/0556.jpg,837,345
p04,day23/0577.jpg,747,79
p04,day23/0579.jpg,398,686
p04,day23/0581.jpg,946,569
p04,day23/0582.jpg,742,412
p04,day23/0583.jpg,912,659
p04,day23/0587.jpg,794,113
p04,day23/0591.jpg,983,127
p04,day23/0592.jpg,899,661
p04,day23/0600.jpg,1000,472
p04,day23/0615.jpg,1170,252
p04,day23/0616.jpg,238,400
p04,day23/0619.jpg,126,502
p04,day23/0620.jpg,918,603
p04,day23/0624.jpg,915,346
p04,day23/0629.jpg,52,221
p04,day23/0635.jpg,522,236
p04,day23/0637.jpg,1171,296
p04,day23/0649.jpg,568,486
p04,day23/0655.jpg,169,776
p04,day23/0657.jpg,135,664
p04,day23/0661.jpg,901,58
p04,day23/0664.jpg,311,125
p04,day23/0666.jpg,338,526
p04,day23/0669.jpg,957,450
p04,day23/0683.jpg,1253,225
p04,day23/0684.jpg,725,344
p04,day23/0687.jpg,873,273
p04,day23/0690.jpg,676,345
p04,day23/0691.jpg,7,245
p04,day23/0696.jpg,543,769
p04,day23/0699.jpg,1100,198
p04,day23/0701.jpg,677,510
p04,day23/0706.jpg,326,593
p04,day23/0717.jpg,1061,31
p04,day23/0722.jpg,393,582
p04,day23/0723.jpg,180,82
p04,day23/0736.jpg,333,17
p04,day23/0737.jpg,535,239
p04,day23/0738.jpg,957,760
p04,day23/0746.jpg,1205,378
p04,day23/0748.jpg,57,183
p04,day23/0753.jpg,784,44
p04,day23/0757.jpg,1029,490
p04,day23/0760.jpg,366,118
p04,day23/0761.jpg,910,202
p04,day23/0764.jpg,909,583
p04,day23/0765.jpg,605,706
p04,day23/0776.jpg,234,424
p04,day23/0783.jpg,251,593
p04,day23/0785.jpg,967,765
p04,day23/0790.jpg,608,562
p04,day23/0799.jpg,971,376
p04,day23/0822.jpg,473,237
p04,day23/0824.jpg,256,430
p04,day23/0825.jpg,17,198
p04,day23/0827.jpg,194,749
p04,day23/0839.jpg,506,555
p04,day23/0841.jpg,545,57
p04,day23/0843.jpg,216,95
p04,day23/0847.jpg,666,613
p04,day23/0851.jpg,1020,238
p04,day23/0853.jpg,910,453
p04,day23/0859.jpg,478,693
p04,day23/0865.jpg,587,583
p04,day23/0870.jpg,379,36
p04,day23/0872.jpg,1027,765
p04,day23/0877.jpg,474,450
p04,day23/0884.jpg,523,368
p04,day23/0889.jpg,1130,316
p04,day23/0893.jpg,467,656
p04,day23/0902.jpg,848,659
p04,day23/0907.jpg,854,567
p04,day23/0909.jpg,94,75
p04,day23/0916.jpg,186,2
p04,day23/0921.jpg,0,99
p04,day23/0929.jpg,1091,760
p04,day23/0932.jpg,613,320
p04,day23/0934.jpg,689,157
p04,day23/0941.jpg,960,554
p04,day23/0943.jpg,983,66
p04,day24/0002.jpg,271,40
p04,day24/0008.jpg,110,260
p04,day24/0009.jpg,814,281
p04,day24/0010.jpg,85,186
p04,day24/0015.jpg,810,141
p04,day24/0023.jpg,883,678
p04,day24/0025.jpg,901,649
p04,day24/0029.jpg,1205,412
p04,day24/0032.jpg,1088,739
p04,day24/0034.jpg,396,166
p04,day24/0051.jpg,297,521
p04,day24/0052.jpg,612,735
p04,day24/0065.jpg,967,470
p04,day24/0086.jpg,424,141
p04,day24/0093.jpg,376,258
p04,day24/0100.jpg,9,138
p04,day24/0114.jpg,676,368
p04,day24/0131.jpg,745,455
p04,day24/0132.jpg,316,439
p04,day24/0149.jpg,747,415
p04,day24/0151.jpg,132,234
p04,day24/0153.jpg,302,15
p04,day24/0155.jpg,955,236
p04,day24/0158.jpg,858,35
p04,day24/0174.jpg,1166,788
p04,day24/0180.jpg,15,502
p04,day24/0182.jpg,1019,269
p04,day24/0183.jpg,966,719
p04,day24/0188.jpg,469,527
p04,day24/0191.jpg,623,453
p04,day24/0192.jpg,1259,636
p04,day24/0194.jpg,950,237
p04,day24/0196.jpg,474,115
p04,day24/0198.jpg,371,316
p04,day24/0201.jpg,887,481
p04,day24/0207.jpg,101,329
p04,day24/0217.jpg,751,340
p04,day24/0218.jpg,609,447
p04,day24/0220.jpg,127,369
p04,day24/0228.jpg,439,125
p04,day24/0232.jpg,824,320
p04,day24/0235.jpg,1165,491
p04,day24/0242.jpg,465,538
p04,day24/0259.jpg,595,533
p04,day24/0270.jpg,341,236
p04,day24/0272.jpg,246,282
p04,day24/0283.jpg,812,467
p04,day24/0290.jpg,776,758
p04,day24/0292.jpg,952,41
p04,day24/0300.jpg,1186,348
p04,day24/0303.jpg,1130,149
p04,day24/0311.jpg,36,593
p04,day24/0312.jpg,645,225
p04,day24/0317.jpg,1109,518
p04,day24/0338.jpg,1190,528
p04,day24/0340.jpg,1075,668
p04,day24/0344.jpg,313,612
p04,day24/0346.jpg,829,5
p04,day24/0353.jpg,987,287
p04,day24/0355.jpg,1000,71
p04,day24/0378.jpg,1228,729
p04,day24/0379.jpg,1078,663
p04,day24/0389.jpg,1063,10
p04,day24/0401.jpg,500,764
p04,day24/0404.jpg,206,129
p04,day24/0412.jpg,1093,233
p04,day24/0424.jpg,394,423
p04,day24/0431.jpg,1253,118
p04,day24/0432.jpg,874,245
p04,day24/0435.jpg,734,56
p04,day24/0447.jpg,1012,752
p04,day24/0452.jpg,181,794
p04,day24/0462.jpg,1076,675
p04,day24/0470.jpg,786,746
p04,day24/0480.jpg,1274,647
p04,day24/0481.jpg,25,357
p04,day24/0494.jpg,528,40
p04,day24/0499.jpg,1071,58
p04,day24/0506.jpg,952,432
p04,day24/0510.jpg,107,688
p04,day24/0514.jpg,111,758
p04,day24/0523.jpg,534,553
p04,day24/0532.jpg,530,366
p04,day24/0534.jpg,733,648
p04,day24/0540.jpg,1045,123
p04,day24/0554.jpg,852,206
p04,day24/0557.jpg,1101,498
p04,day24/0559.jpg,1053,273
p04,day24/0560.jpg,545,606
p04,day24/0564.jpg,804,428
p04,day24/0572.jpg,753,648
p04,day24/0576.jpg,258,350
p04,day24/0581.jpg,704,696
p04,day24/0582.jpg,1055,694
p04,day24/0587.jpg,1262,111
p04,day24/0596.jpg,971,166
p04,day24/0601.jpg,293,127
p04,day24/0607.jpg,558,427
p04,day24/0608.jpg,396,73
p04,day24/0616.jpg,139,441
p04,day24/0618.jpg,859,450
p04,day24/0625.jpg,585,577
p04,day24/0629.jpg,772,664
p04,day24/0638.jpg,553,313
p04,day24/0645.jpg,594,676
p04,day24/0650.jpg,604,432
p04,day24/0677.jpg,346,478
p04,day24/0678.jpg,39,596
p04,day24/0685.jpg,160,238
p04,day24/0688.jpg,811,180
p04,day24/0692.jpg,1277,754
p04,day24/0694.jpg,153,485
p04,day24/0697.jpg,633,141
p04,day24/0698.jpg,1094,278
p04,day24/0700.jpg,898,378
p04,day24/0716.jpg,580,372
p04,day24/0718.jpg,788,141
p04,day24/0728.jpg,274,609
p04,day24/0729.jpg,481,621
p04,day24/0730.jpg,1073,241
p04,day24/0734.jpg,235,331
p04,day24/0736.jpg,1089,435
p04,day24/0756.jpg,267,106
p04,day24/0758.jpg,701,368
p04,day24/0760.jpg,225,74
p04,day24/0763.jpg,161,692
p04,day24/0773.jpg,263,169
p04,day24/0777.jpg,566,436
p04,day24/0781.jpg,1194,586
p04,day24/0798.jpg,1184,101
p04,day24/0799.jpg,941,665
p04,day24/0808.jpg,168,88
p04,day24/0813.jpg,729,457
p04,day24/0819.jpg,1144,552
p04,day24/0821.jpg,158,266
p04,day24/0824.jpg,647,387
p04,day24/0830.jpg,293,340
p04,day24/0831.jpg,8,124
p04,day24/0833.jpg,558,446
p04,day24/0834.jpg,337,691
p04,day24/0842.jpg,1007,742
p04,day24/0845.jpg,411,596
p04,day24/0848.jpg,158,140
p04,day24/0854.jpg,1106,484
p04,day24/0865.jpg,1211,152
p04,day24/0869.jpg,578,152
p04,day24/0872.jpg,502,370
p04,day24/0875.jpg,65,577
p04,day24/0876.jpg,173,214
p04,day24/0878.jpg,963,504
p04,day24/0889.jpg,140,697
p04,day24/0898.jpg,657,14
p04,day24/0913.jpg,954,283
p04,day24/0915.jpg,697,537
p04,day24/0916.jpg,798,109
p04,day24/0917.jpg,1012,665
p04,day24/0925.jpg,596,302
p04,day24/0951.jpg,1001,493
p04,day24/0954.jpg,991,393
p04,day24/0955.jpg,984,145
p04,day24/0970.jpg,1181,707
p04,day24/0972.jpg,415,455
p04,day24/0975.jpg,1077,312
p04,day24/0979.jpg,557,588
p04,day24/0980.jpg,502,254
p04,day24/0983.jpg,634,603
p04,day24/0992.jpg,1013,202
p04,day24/1003.jpg,672,82
p04,day24/1009.jpg,1276,165
p04,day24/1013.jpg,178,333
p04,day24/1019.jpg,44,320
p04,day24/1020.jpg,650,707
p04,day24/1025.jpg,703,539
p04,day24/1028.jpg,484,457
p04,day24/1031.jpg,1169,165
p04,day25/0009.jpg,999,664
p04,day25/0017.jpg,476,336
p04,day25/0032.jpg,13,71
p04,day25/0044.jpg,1066,177
p04,day25/0047.jpg,141,720
p04,day25/0051.jpg,370,686
p04,day25/0052.jpg,907,279
p04,day25/0064.jpg,492,465
p04,day25/0065.jpg,890,727
p04,day25/0080.jpg,985,323
p04,day25/0081.jpg,612,68
p04,day25/0082.jpg,483,31
p04,day25/0088.jpg,480,14
p04,day25/0120.jpg,242,410
p04,day25/0133.jpg,738,639
p04,day25/0140.jpg,952,50
p04,day25/0150.jpg,612,559
p04,day25/0155.jpg,222,318
p04,day25/0157.jpg,1260,450
p04,day25/0159.jpg,200,80
p04,day25/0171.jpg,456,357
p04,day25/0173.jpg,1101,482
p04,day25/0174.jpg,1237,82
p04,day25/0178.jpg,859,732
p04,day25/0180.jpg,414,498
p04,day25/0181.jpg,338,331
p04,day25/0193.jpg,158,777
p04,day25/0194.jpg,792,726
p04,day25/0196.jpg,1154,86
p04,day25/0203.jpg,942,74
p04,day25/0206.jpg,492,264
p04,day25/0210.jpg,417,238
p04,day25/0214.jpg,879,367
p04,day25/0222.jpg,445,748
p04,day25/0224.jpg,1127,497
p04,day25/0232.jpg,468,676
p04,day25/0239.jpg,818,573
p04,day25/0240.jpg,1241,155
p04,day25/0250.jpg,561,109
p04,day25/0253.jpg,923,692
p04,day25/0254.jpg,957,225
p04,day25/0257.jpg,611,378
p04,day25/0260.jpg,796,454
p04,day25/0262.jpg,888,373
p04,day25/0263.jpg,195,281
p04,day25/0269.jpg,1181,123
p04,day25/0270.jpg,1092,590
p04,day25/0271.jpg,159,770
p04,day25/0284.jpg,407,516
p04,day25/0285.jpg,226,255
p04,day25/0286.jpg,301,524
p04,day25/0299.jpg,792,585
p04,day25/0307.jpg,606,54
p04,day25/0309.jpg,541,489
p04,day25/0310.jpg,254,476
p04,day25/0314.jpg,306,211
p04,day25/0336.jpg,1112,268
p04,day25/0337.jpg,930,407
p04,day25/0360.jpg,261,467
p04,day25/0362.jpg,969,220
p04,day25/0388.jpg,1083,81
p04,day25/0395.jpg,729,422
p04,day25/0399.jpg,36,283
p04,day25/0407.jpg,404,429
p04,day25/0410.jpg,867,64
p04,day25/0425.jpg,362,730
p04,day25/0426.jpg,939,730
p04,day25/0427.jpg,804,212
p04,day25/0429.jpg,469,86
p04,day25/0435.jpg,428,641
p04,day25/0442.jpg,484,688
p04,day25/0443.jpg,132,287
p04,day25/0447.jpg,1252,199
p04,day25/0451.jpg,1002,240
p04,day25/0457.jpg,1159,338
p04,day25/0462.jpg,474,500
p04,day25/0464.jpg,117,182
p04,day25/0466.jpg,461,588
p04,day25/0484.jpg,1063,330
p04,day25/0486.jpg,177,40
p04,day25/0492.jpg,113,296
p06,day01/0005.jpg,205,578
p06,day01/0016.jpg,753,677
p06,day01/0022.jpg,1619,798
p06,day01/0047.jpg,481,436
p06,day01/0050.jpg,1375,516
p06,day01/0059.jpg,728,629
p06,day01/0061.jpg,520,841
p06,day01/0063.jpg,721,1045
p06,day01/0066.jpg,139,9
p06,day01/0070.jpg,1665,325
p06,day01/0106.jpg,1124,451
p06,day01/0110.jpg,802,75
p06,day01/0111.jpg,983,805
p06,day01/0113.jpg,1221,999
p06,day01/0118.jpg,235,766
p06,day01/0122.jpg,506,576
p06,day01/0124.jpg,1311,409
p06,day01/0127.jpg,1675,519
p06,day01/0132.jpg,1254,1007
p06,day01/0140.jpg,345,708
p06,day01/0141.jpg,390,243
p06,day01/0145.jpg,1124,644
p06,day01/0169.jpg,1212,735
p06,day01/0173.jpg,546,13
p06,day01/0182.jpg,554,308
p06,day01/0195.jpg,353,847
p06,day01/0198.jpg,669,908
p06,day01/0201.jpg,327,246
p06,day01/0204.jpg,387,908
p06,day01/0210.jpg,1014,680
p06,day01/0215.jpg,34,681
p06,day01/0224.jpg,1001,835
p06,day01/0225.jpg,501,1024
p06,day01/0232.jpg,1616,615
p06,day01/0244.jpg,639,51
p06,day01/0248.jpg,1542,1019
p06,day01/0252.jpg,747,498
p06,day01/0264.jpg,228,300
p06,day01/0269.jpg,427,948
p06,day01/0274.jpg,119,898
p06,day01/0279.jpg,1001,455
p06,day01/0281.jpg,751,760
p06,day01/0285.jpg,1489,352
p06,day01/0286.jpg,556,205
p06,day01/0299.jpg,473,21
p06,day01/0305.jpg,1130,829
p06,day01/0307.jpg,728,373
p06,day01/0308.jpg,579,516
p06,day01/0310.jpg,635,578
p06,day01/0311.jpg,1497,400
p06,day01/0313.jpg,1446,278
p06,day01/0331.jpg,437,41
p06,day01/0336.jpg,1432,71
p06,day01/0343.jpg,47,417
p06,day02/0004.jpg,1378,162
p06,day02/0017.jpg,94,32
p06,day02/0028.jpg,712,602
p06,day02/0029.jpg,432,266
p06,day02/0031.jpg,1482,618
p06,day02/0046.jpg,816,570
p06,day02/0050.jpg,68,942
p06,day02/0054.jpg,1296,930
p06,day02/0057.jpg,149,535
p06,day02/0064.jpg,103,948
p06,day02/0065.jpg,755,565
p06,day02/0068.jpg,640,342
p06,day02/0069.jpg,1257,295
p06,day02/0082.jpg,317,302
p06,day02/0085.jpg,1196,779
p06,day02/0092.jpg,1231,369
p06,day02/0093.jpg,1359,10
p06,day02/0101.jpg,452,532
p06,day02/0106.jpg,396,576
p06,day02/0113.jpg,574,869
p06,day02/0114.jpg,133,536
p06,day02/0126.jpg,100,242
p06,day02/0130.jpg,726,310
p06,day02/0163.jpg,690,61
p06,day02/0168.jpg,885,910
p06,day02/0181.jpg,1653,920
p06,day02/0189.jpg,1310,187
p06,day02/0207.jpg,735,1048
p06,day02/0216.jpg,424,555
p06,day02/0220.jpg,927,851
p06,day02/0226.jpg,135,775
p06,day02/0228.jpg,624,709
p06,day02/0232.jpg,1528,746
p06,day02/0237.jpg,810,805
p06,day02/0239.jpg,978,748
p06,day02/0250.jpg,618,594
p06,day02/0252.jpg,1346,547
p06,day02/0256.jpg,568,863
p06,day02/0265.jpg,361,55
p06,day02/0272.jpg,923,160
p06,day02/0282.jpg,1135,893
p06,day02/0299.jpg,692,738
p06,day02/0300.jpg,952,114
p06,day02/0308.jpg,1622,850
p06,day02/0310.jpg,764,420
p06,day02/0311.jpg,582,765
p06,day02/0322.jpg,1177,92
p06,day02/0330.jpg,1288,712
p06,day02/0337.jpg,803,34
p06,day02/0340.jpg,1402,21
p06,day02/0343.jpg,175,493
p06,day02/0344.jpg,1375,785
p06,day02/0347.jpg,1206,42
p06,day02/0350.jpg,674,973
p06,day02/0366.jpg,650,206
p06,day02/0370.jpg,475,656
p06,day02/0391.jpg,1452,97
p06,day02/0409.jpg,1223,890
p06,day02/0416.jpg,147,429
p06,day02/0421.jpg,1257,483
p06,day02/0448.jpg,1666,766
p06,day02/0450.jpg,786,497
p06,day02/0456.jpg,44,264
p06,day02/0457.jpg,1140,645
p06,day02/0459.jpg,1067,807
p06,day02/0463.jpg,1483,292
p06,day02/0470.jpg,102,599
p06,day02/0473.jpg,1096,151
p06,day02/0474.jpg,617,120
p06,day02/0475.jpg,50,423
p06,day02/0476.jpg,442,314
p06,day02/0478.jpg,49,1019
p06,day02/0479.jpg,656,769
p06,day02/0486.jpg,1307,866
p06,day02/0487.jpg,1251,120
p06,day02/0488.jpg,1329,771
p06,day02/0490.jpg,380,635
p06,day02/0491.jpg,986,60
p06,day02/0497.jpg,547,89
p06,day03/0016.jpg,1256,873
p06,day03/0029.jpg,1086,931
p06,day03/0030.jpg,1130,274
p06,day03/0032.jpg,1172,143
p06,day03/0041.jpg,1316,813
p06,day03/0042.jpg,1290,48
p06,day03/0063.jpg,1149,67
p06,day03/0064.jpg,1028,616
p06,day03/0072.jpg,733,639
p06,day03/0075.jpg,38,859
p06,day03/0080.jpg,771,114
p06,day03/0082.jpg,1487,764
p06,day03/0089.jpg,1430,271
p06,day03/0096.jpg,1281,569
p06,day03/0098.jpg,665,217
p06,day03/0107.jpg,958,616
p06,day03/0108.jpg,757,39
p06,day03/0127.jpg,102,698
p06,day03/0143.jpg,547,492
p06,day03/0156.jpg,665,118
p06,day03/0159.jpg,842,690
p06,day03/0160.jpg,1217,132
p06,day03/0163.jpg,960,835
p06,day03/0173.jpg,836,912
p06,day03/0179.jpg,1339,358
p06,day03/0181.jpg,141,708
p06,day03/0195.jpg,1290,501
p06,day03/0197.jpg,111,901
p06,day03/0201.jpg,446,178
p06,day03/0203.jpg,1304,431
p06,day03/0205.jpg,1212,245
p06,day03/0211.jpg,48,424
p06,day03/0216.jpg,1129,68
p06,day03/0219.jpg,1169,506
p06,day03/0221.jpg,334,357
p06,day03/0232.jpg,93,140
p06,day03/0256.jpg,952,736
p06,day03/0264.jpg,827,398
p06,day03/0275.jpg,488,337
p06,day03/0283.jpg,1267,607
p06,day03/0295.jpg,1374,815
p06,day03/0307.jpg,1127,447
p06,day03/0309.jpg,903,794
p06,day03/0311.jpg,1253,150
p06,day03/0320.jpg,1538,449
p06,day03/0328.jpg,329,601
p06,day03/0335.jpg,1431,401
p06,day03/0338.jpg,490,595
p06,day03/0340.jpg,1155,167
p06,day03/0349.jpg,449,946
p06,day03/0354.jpg,507,852
p06,day03/0365.jpg,1059,675
p06,day03/0366.jpg,947,813
p06,day03/0374.jpg,1177,481
p06,day03/0375.jpg,280,653
p06,day03/0379.jpg,1475,272
p06,day03/0382.jpg,1377,57
p06,day03/0385.jpg,1637,439
p06,day03/0387.jpg,319,965
p06,day03/0388.jpg,783,152
p06,day03/0394.jpg,1099,355
p06,day03/0398.jpg,259,343
p06,day03/0399.jpg,1169,904
p06,day03/0411.jpg,96,198
p06,day03/0417.jpg,354,1031
p06,day03/0427.jpg,1393,807
p06,day03/0432.jpg,589,316
p06,day03/0436.jpg,1363,214
p06,day03/0437.jpg,1655,300
p06,day03/0446.jpg,111,940
p06,day03/0450.jpg,272,460
p06,day03/0453.jpg,663,675
p06,day04/0003.jpg,642,774
p06,day04/0009.jpg,243,988
p06,day04/0010.jpg,1432,745
p06,day04/0014.jpg,992,113
p06,day04/0019.jpg,84,623
p06,day04/0036.jpg,1046,837
p06,day04/0037.jpg,1397,891
p06,day04/0051.jpg,1434,400
p06,day04/0055.jpg,1153,72
p06,day04/0057.jpg,223,191
p06,day04/0060.jpg,1490,989
p06,day04/0061.jpg,655,517
p06,day04/0070.jpg,1447,581
p06,day04/0077.jpg,24,924
p06,day04/0081.jpg,345,443
p06,day04/0088.jpg,1268,332
p06,day04/0092.jpg,834,987
p06,day04/0093.jpg,1499,1000
p06,day04/0094.jpg,399,46
p06,day04/0096.jpg,65,434
p06,day04/0118.jpg,218,827
p06,day05/0027.jpg,1571,1009
p06,day05/0030.jpg,948,386
p06,day05/0037.jpg,386,261
p06,day05/0039.jpg,1395,758
p06,day05/0040.jpg,192,580
p06,day05/0043.jpg,830,566
p06,day05/0044.jpg,15,502
p06,day05/0059.jpg,506,135
p06,day05/0064.jpg,1452,841
p06,day05/0067.jpg,601,438
p06,day05/0070.jpg,945,39
p06,day05/0072.jpg,1144,754
p06,day05/0073.jpg,49,515
p06,day05/0078.jpg,734,529
p06,day05/0104.jpg,123,540
p06,day05/0105.jpg,768,113
p06,day05/0116.jpg,343,897
p06,day05/0117.jpg,476,163
p06,day05/0118.jpg,385,287
p06,day05/0123.jpg,1592,917
p06,day05/0127.jpg,469,5
p06,day05/0132.jpg,1269,844
p06,day05/0133.jpg,876,691
p06,day05/0134.jpg,534,58
p06,day05/0147.jpg,320,553
p06,day05/0152.jpg,88,639
p06,day05/0162.jpg,1663,541
p06,day05/0166.jpg,885,220
p06,day05/0174.jpg,424,485
p06,day05/0180.jpg,483,817
p06,day05/0186.jpg,116,431
p06,day05/0189.jpg,1592,582
p06,day05/0190.jpg,852,805
p06,day05/0194.jpg,1388,596
p06,day05/0196.jpg,21,322
p06,day05/0202.jpg,183,559
p06,day05/0204.jpg,1592,595
p06,day05/0205.jpg,633,898
p06,day05/0215.jpg,43,209
p06,day05/0216.jpg,665,38
p06,day05/0217.jpg,59,458
p06,day05/0222.jpg,711,373
p06,day05/0234.jpg,913,550
p06,day06/0008.jpg,185,480
p06,day06/0012.jpg,594,240
p06,day06/0014.jpg,988,520
p06,day06/0019.jpg,1364,898
p06,day06/0020.jpg,1370,613
p06,day06/0021.jpg,1173,732
p06,day06/0033.jpg,896,1005
p06,day06/0047.jpg,226,38
p06,day06/0049.jpg,1048,567
p06,day06/0064.jpg,484,238
p06,day06/0077.jpg,1594,747
p06,day06/0079.jpg,176,232
p06,day06/0094.jpg,1205,482
p06,day06/0098.jpg,1602,181
p06,day06/0111.jpg,1556,894
p06,day06/0112.jpg,1493,520
p06,day06/0115.jpg,87,424
p06,day06/0119.jpg,421,272
p06,day06/0121.jpg,1509,342
p06,day06/0127.jpg,1140,957
p06,day06/0129.jpg,1223,254
p06,day06/0143.jpg,1436,509
p06,day06/0145.jpg,1253,713
p06,day06/0149.jpg,1640,564
p06,day06/0151.jpg,924,566
p06,day06/0158.jpg,1261,546
p06,day06/0167.jpg,484,391
p06,day06/0168.jpg,867,952
p06,day06/0171.jpg,1095,336
p06,day06/0190.jpg,409,228
p06,day06/0191.jpg,1240,44
p06,day06/0194.jpg,1108,765
p06,day06/0201.jpg,1608,827
p06,day06/0213.jpg,321,193
p06,day06/0214.jpg,184,115
p06,day06/0218.jpg,81,107
p06,day06/0219.jpg,1352,259
p06,day06/0226.jpg,861,659
p06,day06/0243.jpg,1401,138
p06,day06/0248.jpg,113,770
p06,day06/0268.jpg,187,720
p06,day06/0271.jpg,457,940
p06,day06/0286.jpg,299,45
p06,day06/0293.jpg,682,706
p06,day06/0314.jpg,1326,663
p06,day06/0321.jpg,741,699
p06,day06/0323.jpg,1008,725
p06,day06/0339.jpg,263,129
p06,day07/0001.jpg,1620,363
p06,day07/0002.jpg,650,107
p06,day07/0003.jpg,96,224
p06,day07/0014.jpg,1673,192
p06,day07/0048.jpg,1048,813
p06,day07/0054.jpg,291,141
p06,day07/0055.jpg,124,921
p06,day07/0056.jpg,1191,559
p06,day07/0063.jpg,1113,709
p06,day07/0064.jpg,44,87
p06,day07/0085.jpg,468,916
p06,day07/0091.jpg,451,341
p06,day07/0093.jpg,798,587
p06,day07/0097.jpg,1677,1017
p06,day07/0100.jpg,583,980
p06,day07/0116.jpg,1044,876
p06,day07/0117.jpg,1154,695
p06,day07/0128.jpg,564,551
p06,day07/0130.jpg,1539,242
p06,day07/0131.jpg,1245,888
p06,day07/0141.jpg,1597,352
p06,day07/0154.jpg,663,69
p06,day07/0162.jpg,1530,749
p06,day07/0165.jpg,678,766
p06,day07/0170.jpg,786,376
p06,day07/0171.jpg,805,994
p06,day07/0203.jpg,1607,872
p06,day07/0205.jpg,1188,479
p06,day07/0209.jpg,1627,270
p06,day07/0215.jpg,736,696
p06,day07/0224.jpg,67,699
p06,day07/0243.jpg,1341,364
p06,day07/0250.jpg,168,968
p06,day07/0259.jpg,306,322
p06,day07/0272.jpg,1026,359
p06,day07/0277.jpg,1414,100
p06,day07/0284.jpg,391,575
p06,day07/0288.jpg,140,809
p06,day07/0289.jpg,1284,839
p06,day08/0018.jpg,772,385
p06,day08/0025.jpg,1295,930
p06,day08/0030.jpg,567,142
p06,day08/0032.jpg,666,636
p06,day08/0040.jpg,338,800
p06,day08/0048.jpg,1513,569
p06,day08/0051.jpg,1409,925
p06,day08/0052.jpg,1144,358
p06,day08/0054.jpg,1042,151
p06,day08/0058.jpg,849,634
p06,day08/0063.jpg,1469,51
p06,day08/0065.jpg,1470,381
p06,day08/0066.jpg,789,504
p06,day08/0068.jpg,1293,490
p06,day08/0077.jpg,7,986
p06,day08/0081.jpg,524,316
p06,day08/0085.jpg,541,561
p06,day08/0086.jpg,653,4
p06,day08/0095.jpg,284,177
p06,day08/0113.jpg,366,774
p06,day08/0133.jpg,1610,891
p06,day08/0139.jpg,1469,829
p06,day08/0140.jpg,1077,690
p06,day08/0149.jpg,1335,154
p06,day08/0159.jpg,303,52
p06,day08/0162.jpg,993,345
p06,day08/0165.jpg,1325,833
p06,day08/0175.jpg,1365,807
p06,day08/0192.jpg,183,995
p06,day08/0195.jpg,760,913
p06,day08/0197.jpg,469,897
p06,day08/0205.jpg,1539,490
p06,day08/0217.jpg,1062,345
p06,day08/0221.jpg,6,188
p06,day08/0228.jpg,1295,174
p06,day08/0236.jpg,1233,22
p06,day08/0247.jpg,1251,684
p06,day08/0271.jpg,1560,96
p06,day08/0272.jpg,693,523
p06,day08/0278.jpg,1102,766
p06,day08/0279.jpg,763,319
p06,day08/0286.jpg,790,989
p06,day08/0293.jpg,1423,390
p06,day08/0315.jpg,416,563
p06,day08/0324.jpg,36,897
p06,day08/0332.jpg,1052,869
p06,day08/0342.jpg,85,67
p06,day08/0344.jpg,1536,980
p06,day08/0347.jpg,228,278
p06,day08/0353.jpg,1522,785
p06,day08/0355.jpg,1173,739
p06,day08/0359.jpg,212,606
p06,day09/0005.jpg,1654,716
p06,day09/0017.jpg,288,386
p06,day09/0029.jpg,1487,256
p06,day09/0033.jpg,1323,946
p06,day09/0057.jpg,687,500
p06,day09/0058.jpg,293,957
p06,day09/0065.jpg,873,163
p06,day09/0066.jpg,56,130
p06,day09/0075.jpg,1008,254
p06,day09/0079.jpg,986,752
p06,day09/0081.jpg,38,999
p06,day09/0087.jpg,1064,144
p06,day09/0088.jpg,1305,741
p06,day09/0090.jpg,1630,208
p06,day09/0097.jpg,919,909
p06,day09/0098.jpg,462,859
p06,day09/0107.jpg,911,21
p06,day09/0113.jpg,881,660
p06,day09/0128.jpg,987,33
p06,day09/0134.jpg,107,542
p06,day09/0140.jpg,690,600
p06,day09/0149.jpg,1539,847
p06,day09/0156.jpg,548,917
p06,day09/0175.jpg,352,1009
p06,day09/0181.jpg,823,821
p06,day09/0190.jpg,940,195
p06,day09/0199.jpg,258,1005
p06,day09/0200.jpg,97,254
p06,day09/0202.jpg,1221,886
p06,day09/0208.jpg,770,828
p06,day09/0214.jpg,1087,1048
p06,day09/0216.jpg,382,313
p06,day09/0217.jpg,491,828
p06,day09/0221.jpg,228,543
p06,day09/0230.jpg,1641,966
p06,day09/0232.jpg,164,252
p06,day09/0238.jpg,479,268
p06,day09/0242.jpg,1006,451
p06,day09/0259.jpg,1650,857
p06,day09/0269.jpg,949,968
p06,day09/0271.jpg,184,1021
p06,day09/0276.jpg,697,1027
p06,day09/0286.jpg,862,336
p06,day09/0298.jpg,1333,752
p06,day10/0003.jpg,610,196
p06,day10/0010.jpg,413,599
p06,day10/0012.jpg,163,44
p06,day10/0016.jpg,843,1011
p06,day10/0019.jpg,494,902
p06,day10/0024.jpg,686,1034
p06,day10/0037.jpg,1039,669
p06,day10/0038.jpg,1033,61
p06,day10/0041.jpg,84,397
p06,day10/0049.jpg,1530,306
p06,day10/0053.jpg,1171,803
p06,day10/0060.jpg,563,877
p06,day10/0077.jpg,326,1000
p06,day10/0090.jpg,88,703
p06,day10/0092.jpg,730,752
p06,day10/0095.jpg,274,530
p06,day10/0106.jpg,930,39
p06,day10/0108.jpg,1326,249
p06,day10/0109.jpg,19,205
p06,day10/0112.jpg,1114,665
p06,day10/0129.jpg,1271,130
p06,day10/0131.jpg,1555,641
p06,day10/0132.jpg,115,99
p06,day10/0141.jpg,1349,633
p06,day10/0145.jpg,702,378
p06,day10/0163.jpg,316,590
p06,day10/0168.jpg,1106,823
p06,day10/0174.jpg,1333,747
p06,day10/0176.jpg,496,551
p06,day10/0181.jpg,1024,639
p06,day10/0186.jpg,642,125
p06,day10/0187.jpg,704,895
p06,day10/0199.jpg,198,553
p06,day10/0202.jpg,1545,309
p06,day10/0207.jpg,1447,692
p06,day10/0216.jpg,1476,419
p06,day10/0218.jpg,1470,766
p06,day10/0232.jpg,1301,676
p06,day10/0237.jpg,1445,1029
p06,day11/0027.jpg,928,313
p06,day11/0055.jpg,935,969
p06,day11/0060.jpg,198,1024
p06,day11/0061.jpg,726,559
p06,day11/0062.jpg,207,136
p06,day11/0065.jpg,1498,493
p06,day11/0070.jpg,1563,867
p06,day11/0072.jpg,377,476
p06,day11/0079.jpg,1480,686
p06,day11/0085.jpg,827,998
p06,day11/0096.jpg,1237,511
p06,day11/0105.jpg,656,662
p06,day11/0113.jpg,216,539
p06,day11/0137.jpg,384,646
p06,day11/0147.jpg,1040,342
p06,day11/0152.jpg,896,887
p06,day11/0160.jpg,684,103
p06,day11/0183.jpg,733,303
p06,day11/0195.jpg,606,794
p06,day11/0199.jpg,732,589
p06,day11/0215.jpg,1175,397
p06,day11/0220.jpg,100,203
p06,day11/0222.jpg,1268,683
p06,day11/0229.jpg,622,381
p06,day11/0237.jpg,541,157
p06,day11/0238.jpg,1311,217
p06,day11/0251.jpg,683,1010
p06,day11/0252.jpg,897,484
p06,day11/0267.jpg,319,402
p06,day11/0269.jpg,1218,119
p06,day11/0270.jpg,1439,171
p06,day11/0272.jpg,1652,452
p06,day11/0275.jpg,514,603
p06,day11/0289.jpg,1056,191
p06,day11/0294.jpg,888,683
p06,day11/0325.jpg,44,943
p06,day11/0328.jpg,989,193
p06,day11/0331.jpg,205,129
p06,day11/0333.jpg,956,27
p06,day11/0337.jpg,1281,947
p06,day11/0340.jpg,742,392
p06,day11/0342.jpg,541,906
p06,day11/0343.jpg,1002,34
p06,day11/0346.jpg,285,352
p06,day11/0359.jpg,202,697
p06,day11/0368.jpg,653,258
p06,day11/0372.jpg,328,1043
p06,day11/0374.jpg,311,430
p06,day11/0375.jpg,1319,3
p06,day11/0381.jpg,625,811
p06,day11/0382.jpg,978,936
p06,day11/0386.jpg,603,619
p06,day11/0388.jpg,462,716
p06,day11/0390.jpg,13,273
p06,day11/0392.jpg,698,609
p06,day11/0395.jpg,1311,165
p06,day11/0399.jpg,744,245
p06,day12/0004.jpg,879,429
p06,day12/0005.jpg,216,208
p06,day12/0025.jpg,458,262
p06,day12/0036.jpg,750,190
p06,day12/0050.jpg,523,365
p06,day12/0063.jpg,150,348
p06,day12/0069.jpg,209,777
p06,day12/0074.jpg,127,508
p06,day12/0077.jpg,1287,187
p06,day12/0078.jpg,1547,991
p06,day12/0082.jpg,434,852
p06,day12/0088.jpg,148,821
p06,day12/0100.jpg,1207,237
p06,day12/0102.jpg,886,250
p06,day12/0104.jpg,614,253
p06,day12/0109.jpg,253,70
p06,day13/0010.jpg,1538,962
p06,day13/0011.jpg,607,712
p06,day13/0013.jpg,939,800
p06,day13/0017.jpg,1518,400
p06,day13/0020.jpg,140,619
p06,day13/0042.jpg,914,305
p06,day13/0055.jpg,292,921
p06,day13/0061.jpg,1233,447
p06,day13/0065.jpg,260,446
p06,day13/0069.jpg,918,1047
p06,day13/0074.jpg,865,120
p06,day13/0079.jpg,901,331
p06,day13/0080.jpg,1047,495
p06,day13/0093.jpg,1277,842
p06,day13/0100.jpg,647,266
p06,day13/0102.jpg,545,198
p06,day13/0111.jpg,1425,420
p06,day13/0112.jpg,1629,823
p06,day13/0113.jpg,1324,889
p06,day13/0116.jpg,376,738
p06,day13/0117.jpg,1093,418
p06,day13/0119.jpg,617,129
p06,day13/0127.jpg,1347,739
p06,day13/0132.jpg,1283,120
p06,day13/0151.jpg,1315,522
p06,day13/0152.jpg,983,655
p06,day13/0153.jpg,306,225
p06,day13/0154.jpg,1518,588
p06,day14/0008.jpg,843,580
p06,day14/0015.jpg,1404,785
p06,day14/0017.jpg,369,225
p06,day14/0021.jpg,770,440
p06,day14/0034.jpg,1165,157
p06,day14/0036.jpg,232,627
p06,day14/0037.jpg,1220,651
p06,day14/0038.jpg,911,575
p06,day14/0045.jpg,317,429
p06,day14/0051.jpg,1044,170
p06,day14/0054.jpg,1178,449
p06,day14/0059.jpg,778,884
p06,day14/0066.jpg,1457,848
p06,day14/0067.jpg,1390,455
p06,day14/0081.jpg,651,246
p06,day14/0102.jpg,521,978
p06,day14/0108.jpg,1061,39
p06,day14/0112.jpg,1065,664
p06,day14/0115.jpg,362,429
p06,day14/0118.jpg,1202,10
p06,day14/0126.jpg,1646,820
p06,day14/0134.jpg,1368,222
p06,day14/0136.jpg,146,840
p06,day14/0140.jpg,1229,686
p06,day14/0141.jpg,987,702
p06,day14/0150.jpg,1555,403
p06,day14/0153.jpg,1394,1021
p06,day14/0165.jpg,677,831
p06,day14/0166.jpg,755,684
p06,day14/0174.jpg,1196,34
p06,day14/0176.jpg,1339,273
p06,day14/0181.jpg,678,487
p06,day14/0191.jpg,1188,891
p06,day14/0193.jpg,1056,993
p06,day14/0194.jpg,1275,509
p06,day14/0196.jpg,755,424
p06,day14/0204.jpg,844,464
p06,day14/0218.jpg,944,707
p06,day14/0237.jpg,1453,135
p06,day14/0249.jpg,1148,525
p06,day14/0260.jpg,1167,439
p06,day14/0263.jpg,620,677
p06,day14/0267.jpg,1279,178
p06,day14/0282.jpg,1338,659
p06,day14/0283.jpg,834,854
p06,day14/0287.jpg,257,763
p06,day14/0294.jpg,338,290
p06,day14/0304.jpg,43,1005
p06,day14/0307.jpg,254,866
p06,day15/0012.jpg,607,693
p06,day15/0026.jpg,1228,48
p06,day15/0030.jpg,1163,208
p06,day15/0033.jpg,492,445
p06,day15/0040.jpg,1370,963
p06,day15/0044.jpg,787,221
p06,day15/0046.jpg,1482,784
p06,day15/0047.jpg,1536,906
p06,day15/0087.jpg,312,573
p06,day15/0100.jpg,980,564
p06,day15/0112.jpg,437,351
p06,day15/0126.jpg,1165,354
p06,day15/0129.jpg,436,866
p06,day15/0135.jpg,1251,529
p06,day15/0137.jpg,651,326
p06,day15/0141.jpg,1582,1026
p06,day15/0143.jpg,1529,315
p06,day15/0150.jpg,1217,267
p06,day15/0153.jpg,904,936
p06,day15/0158.jpg,1294,423
p06,day15/0166.jpg,1225,90
p06,day15/0172.jpg,228,781
p06,day15/0175.jpg,733,286
p06,day15/0180.jpg,1311,1015
p06,day15/0184.jpg,285,1001
p06,day15/0201.jpg,1513,295
p06,day15/0211.jpg,628,666
p06,day15/0212.jpg,211,1018
p06,day15/0215.jpg,779,877
p06,day15/0217.jpg,1267,341
p06,day15/0219.jpg,1143,431
p06,day15/0223.jpg,1624,229
p06,day15/0230.jpg,11,776
p06,day15/0236.jpg,1089,6
p06,day15/0261.jpg,181,441
p06,day15/0262.jpg,1126,572
p06,day15/0266.jpg,481,179
p06,day15/0267.jpg,1229,401
p06,day15/0271.jpg,196,422
p06,day15/0272.jpg,236,720
p06,day15/0285.jpg,1176,839
p06,day15/0294.jpg,240,1046
p06,day15/0295.jpg,187,32
p06,day15/0298.jpg,726,817
p06,day15/0300.jpg,1089,646
p06,day15/0306.jpg,1628,724
p06,day15/0314.jpg,1016,663
p06,day15/0333.jpg,1537,58
p06,day15/0334.jpg,1040,1038
p06,day15/0353.jpg,123,785
p06,day15/0357.jpg,1548,397
p06,day15/0387.jpg,848,971
p06,day15/0388.jpg,927,775
p06,day16/0006.jpg,89,690
p06,day16/0008.jpg,756,619
p06,day16/0010.jpg,149,414
p06,day16/0018.jpg,1344,286
p06,day16/0019.jpg,1522,591
p06,day16/0027.jpg,510,966
p06,day16/0031.jpg,1170,31
p06,day16/0033.jpg,1009,226
p06,day16/0037.jpg,1632,10
p06,day16/0043.jpg,278,777
p06,day16/0048.jpg,530,84
p06,day16/0063.jpg,1168,592
p06,day16/0065.jpg,167,439
p06,day16/0068.jpg,1608,336
p06,day16/0070.jpg,1345,694
p06,day16/0098.jpg,1190,803
p06,day16/0107.jpg,1597,2
p06,day16/0111.jpg,435,236
p06,day16/0116.jpg,519,160
p06,day16/0119.jpg,736,363
p06,day16/0127.jpg,400,224
p06,day16/0133.jpg,1302,121
p06,day16/0140.jpg,213,26
p06,day16/0144.jpg,843,856
p06,day16/0145.jpg,1676,886
p06,day16/0160.jpg,679,133
p06,day16/0163.jpg,1295,1031
p06,day16/0170.jpg,523,275
p06,day16/0174.jpg,673,584
p06,day16/0175.jpg,1172,1013
p06,day16/0176.jpg,799,275
p06,day16/0182.jpg,89,156
p06,day16/0185.jpg,398,9
p06,day16/0187.jpg,285,574
p06,day16/0204.jpg,1619,834
p06,day16/0210.jpg,987,268
p06,day16/0218.jpg,1417,512
p06,day16/0219.jpg,707,451
p06,day16/0227.jpg,1514,100
p06,day16/0228.jpg,508,846
p06,day16/0230.jpg,690,115
p06,day16/0234.jpg,754,837
p06,day16/0235.jpg,983,110
p06,day16/0246.jpg,676,663
p06,day16/0255.jpg,116,153
p06,day16/0260.jpg,201,343
p06,day16/0263.jpg,66,76
p06,day16/0264.jpg,1193,653
p06,day16/0268.jpg,34,492
p06,day16/0272.jpg,991,298
p06,day16/0276.jpg,491,774
p06,day16/0298.jpg,609,500
p06,day16/0308.jpg,127,35
p06,day16/0312.jpg,1526,1039
p06,day16/0314.jpg,1032,688
p06,day16/0329.jpg,585,153
p06,day17/0002.jpg,636,634
p06,day17/0009.jpg,1246,551
p06,day17/0010.jpg,940,482
p06,day17/0011.jpg,935,130
p06,day17/0012.jpg,340,726
p06,day17/0014.jpg,1653,920
p06,day17/0030.jpg,1477,240
p06,day17/0032.jpg,858,921
p06,day17/0037.jpg,413,799
p06,day17/0038.jpg,819,561
p06,day17/0039.jpg,511,488
p06,day17/0044.jpg,974,670
p06,day17/0063.jpg,1520,91
p06,day17/0065.jpg,952,954
p06,day17/0073.jpg,1473,646
p06,day17/0081.jpg,459,376
p06,day17/0085.jpg,858,502
p06,day17/0088.jpg,1675,270
p06,day17/0094.jpg,28,399
p06,day17/0096.jpg,1560,449
p06,day17/0097.jpg,1253,174
p06,day17/0105.jpg,1337,796
p06,day17/0106.jpg,1315,1040
p06,day17/0107.jpg,183,498
p06,day17/0110.jpg,436,871
p06,day17/0112.jpg,1483,686
p06,day17/0125.jpg,1583,591
p06,day17/0128.jpg,970,581
p06,day17/0129.jpg,393,932
p06,day17/0131.jpg,76,128
p06,day17/0133.jpg,1084,612
p06,day17/0157.jpg,1495,288
p06,day17/0159.jpg,426,737
p06,day17/0166.jpg,20,922
p06,day17/0167.jpg,684,119
p06,day17/0170.jpg,687,359
p06,day17/0183.jpg,550,706
p06,day17/0186.jpg,691,907
p06,day17/0189.jpg,1366,250
p06,day17/0195.jpg,1238,137
p06,day17/0198.jpg,881,459
p06,day17/0222.jpg,329,457
p06,day17/0223.jpg,518,485
p06,day17/0224.jpg,23,1
p06,day17/0229.jpg,1485,297
p06,day17/0234.jpg,13,1024
p06,day17/0236.jpg,1359,415
p06,day17/0244.jpg,53,965
p06,day17/0257.jpg,472,792
p06,day17/0259.jpg,676,833
p06,day17/0264.jpg,152,907
p06,day17/0267.jpg,1508,543
p06,day17/0269.jpg,1660,394
p06,day17/0270.jpg,218,856
p06,day17/0272.jpg,907,48
p06,day17/0276.jpg,408,134
p06,day18/0006.jpg,760,310
p06,day18/0007.jpg,211,800
p06,day18/0012.jpg,966,375
p06,day18/0015.jpg,1494,88
p06,day18/0019.jpg,1371,1015
p06,day18/0034.jpg,1290,938
p06,day18/0042.jpg,813,950
p06,day18/0043.jpg,465,915
p06,day18/0048.jpg,661,215
p06,day18/0074.jpg,1292,455
p06,day18/0080.jpg,735,289
p06,day18/0084.jpg,172,943
p06,day18/0087.jpg,258,598
p06,day18/0100.jpg,840,877
p06,day18/0117.jpg,1635,932
p06,day18/0129.jpg,1363,792
p06,day18/0136.jpg,1564,857
p06,day18/0137.jpg,1609,986
p06,day18/0146.jpg,196,711
p06,day18/0149.jpg,1291,831
p06,day18/0150.jpg,1313,693
p06,day18/0158.jpg,474,817
p06,day18/0168.jpg,262,688
p06,day18/0185.jpg,676,742
p06,day18/0191.jpg,456,647
p06,day18/0196.jpg,870,63
p06,day19/0006.jpg,1293,1028
p06,day19/0009.jpg,1565,849
p06,day19/0013.jpg,139,645
p06,day19/0016.jpg,107,454
p06,day19/0025.jpg,1347,797
p06,day19/0027.jpg,1322,956
p06,day19/0031.jpg,582,973
p06,day19/0044.jpg,595,347
p06,day19/0052.jpg,609,848
p06,day19/0057.jpg,389,382
p06,day19/0070.jpg,502,1000
p06,day19/0075.jpg,24,280
p06,day19/0079.jpg,1098,590
p06,day19/0084.jpg,1598,626
p06,day19/0093.jpg,372,976
p06,day19/0107.jpg,1544,895
p06,day19/0111.jpg,279,546
p06,day19/0112.jpg,1375,738
p06,day19/0115.jpg,716,655
p06,day19/0119.jpg,1041,486
p06,day19/0123.jpg,98,339
p06,day19/0130.jpg,1105,159
p06,day19/0134.jpg,624,559
p06,day19/0141.jpg,1338,216
p06,day19/0149.jpg,524,417
p06,day19/0157.jpg,90,1039
p06,day19/0158.jpg,1005,846
p06,day19/0197.jpg,844,661
p06,day19/0200.jpg,770,515
p06,day19/0206.jpg,245,1018
p06,day19/0232.jpg,1499,481
p06,day19/0247.jpg,1183,484
p06,day19/0257.jpg,1653,84
p06,day19/0267.jpg,518,211
p06,day19/0269.jpg,1314,1020
p06,day19/0272.jpg,999,108
p06,day19/0275.jpg,605,432
p06,day19/0285.jpg,1008,247
p06,day19/0286.jpg,906,867
p06,day19/0301.jpg,561,1030
p06,day19/0310.jpg,1591,644
p06,day19/0319.jpg,201,831
p06,day19/0321.jpg,728,925
p06,day19/0325.jpg,873,126
p06,day19/0326.jpg,474,55
p06,day19/0333.jpg,1136,5
p06,day19/0338.jpg,750,861
p06,day19/0342.jpg,577,152
p06,day19/0349.jpg,615,477
p06,day19/0353.jpg,787,163
p06,day19/0368.jpg,1659,920
p06,day19/0373.jpg,1558,501
p06,day19/0384.jpg,1588,322
p06,day19/0400.jpg,1047,204
p06,day19/0426.jpg,742,844
p06,day19/0429.jpg,1122,520
p06,day19/0441.jpg,770,313
p06,day19/0442.jpg,639,787
p06,day19/0444.jpg,267,973
p06,day19/0450.jpg,1122,250
p06,day19/0454.jpg,1289,759
p06,day20/0016.jpg,1582,299
p06,day20/0022.jpg,1091,197
p06,day20/0033.jpg,651,28
p06,day20/0045.jpg,1529,492
p06,day20/0054.jpg,1151,314
p06,day20/0067.jpg,1578,335
p06,day20/0069.jpg,1340,270
p06,day20/0080.jpg,737,186
p06,day20/0082.jpg,666,1027
p06,day20/0099.jpg,1064,846
p06,day20/0107.jpg,1677,835
p06,day20/0119.jpg,771,950
p06,day20/0125.jpg,348,748
p06,day20/0127.jpg,1389,449
p06,day20/0131.jpg,16,904
p06,day20/0136.jpg,104,872
p06,day20/0139.jpg,374,815
p06,day20/0140.jpg,778,753
p06,day20/0144.jpg,189,440
p06,day20/0146.jpg,1133,107
p06,day20/0155.jpg,1456,1006
p06,day20/0177.jpg,850,974
p06,day20/0180.jpg,1276,948
p06,day20/0192.jpg,682,451
p06,day20/0196.jpg,779,899
p06,day20/0199.jpg,383,622
p06,day20/0204.jpg,186,12
p06,day20/0233.jpg,78,330
p06,day20/0236.jpg,211,605
p06,day20/0237.jpg,414,722
p06,day20/0239.jpg,1129,821
p06,day20/0254.jpg,761,373
p06,day20/0264.jpg,1342,486
p06,day20/0267.jpg,871,807
p06,day20/0280.jpg,1236,297
p06,day20/0282.jpg,1357,486
p06,day20/0286.jpg,1578,733
p06,day20/0295.jpg,1491,192
p06,day20/0298.jpg,1619,1023
p06,day20/0306.jpg,1028,897
p06,day20/0307.jpg,54,10
p06,day20/0310.jpg,1353,816
p06,day20/0312.jpg,54,289
p06,day20/0329.jpg,873,821
p06,day20/0334.jpg,884,657
p06,day20/0335.jpg,1531,32
p06,day20/0346.jpg,1045,434
p06,day20/0362.jpg,1312,934
p06,day20/0365.jpg,655,87
p06,day20/0367.jpg,200,885
p06,day20/0376.jpg,741,988
p06,day20/0388.jpg,209,1007
p06,day20/0393.jpg,119,479
p06,day20/0403.jpg,241,125
p06,day20/0416.jpg,809,665
p06,day20/0425.jpg,953,111
p06,day20/0426.jpg,594,42
p06,day20/0436.jpg,925,944
p06,day21/0003.jpg,1579,164
p06,day21/0013.jpg,397,14
p06,day21/0024.jpg,184,897
p06,day21/0028.jpg,1488,456
p06,day21/0030.jpg,1075,447
p06,day21/0037.jpg,221,343
p06,day21/0046.jpg,998,157
p06,day21/0049.jpg,1577,18
p06,day21/0052.jpg,469,161
p06,day21/0072.jpg,174,766
p06,day21/0073.jpg,1056,645
p06,day22/0016.jpg,1521,322
p06,day22/0018.jpg,336,1025
p06,day22/0020.jpg,258,993
p06,day22/0023.jpg,1399,394
p06,day22/0028.jpg,457,922
p06,day22/0029.jpg,1439,901
p06,day22/0036.jpg,390,741
p06,day22/0038.jpg,386,586
p06,day22/0039.jpg,960,302
p06,day22/0040.jpg,1263,161
p06,day22/0044.jpg,1252,838
p06,day22/0047.jpg,1031,475
p06,day22/0048.jpg,822,1
p06,day22/0050.jpg,582,660
p06,day22/0055.jpg,494,397
p06,day22/0057.jpg,934,376
p06,day22/0058.jpg,893,1001
p06,day22/0066.jpg,354,611
p06,day22/0070.jpg,872,162
p06,day22/0071.jpg,1370,469
p06,day22/0079.jpg,1326,670
p06,day22/0081.jpg,688,692
p06,day22/0082.jpg,1521,998
p06,day22/0090.jpg,567,562
p06,day22/0093.jpg,628,161
p06,day22/0096.jpg,813,2
p06,day22/0101.jpg,286,64
p06,day22/0104.jpg,1064,123
p06,day22/0109.jpg,1016,733
p06,day22/0116.jpg,437,990
p06,day22/0134.jpg,1271,421
p06,day22/0137.jpg,386,908
p06,day22/0140.jpg,420,272
p06,day22/0146.jpg,588,640
p06,day22/0150.jpg,459,234
p06,day22/0164.jpg,1576,255
p06,day22/0176.jpg,313,582
p06,day22/0181.jpg,846,696
p06,day22/0188.jpg,971,802
p06,day22/0190.jpg,1320,991
p06,day22/0197.jpg,200,954
p06,day22/0202.jpg,941,93
p06,day22/0226.jpg,888,162
p06,day22/0231.jpg,117,782
p06,day22/0233.jpg,639,245
p06,day22/0235.jpg,552,680
p06,day22/0237.jpg,1300,964
p06,day22/0238.jpg,1441,466
p06,day22/0242.jpg,1440,299
p06,day22/0244.jpg,652,318
p06,day22/0251.jpg,564,241
p06,day22/0281.jpg,171,898
p06,day22/0282.jpg,1361,263
p06,day22/0283.jpg,576,507
p06,day22/0288.jpg,1595,23
p06,day22/0291.jpg,1160,464
p06,day22/0293.jpg,202,299
p06,day22/0294.jpg,176,913
p06,day22/0300.jpg,178,763
p06,day23/0030.jpg,1630,91
p06,day23/0031.jpg,520,656
p06,day24/0001.jpg,1369,908
p06,day24/0006.jpg,480,529
p06,day24/0012.jpg,1427,427
p06,day24/0016.jpg,1567,258
p06,day24/0023.jpg,851,678
p06,day24/0040.jpg,1537,398
p06,day25/0011.jpg,1480,143
p06,day25/0020.jpg,414,500
p06,day25/0022.jpg,97,525
p06,day25/0031.jpg,650,797
p06,day25/0032.jpg,190,369
p06,day25/0056.jpg,81,33
p06,day25/0058.jpg,668,1013
p06,day25/0060.jpg,66,335
p06,day25/0073.jpg,964,416
p06,day25/0075.jpg,1607,316
p06,day25/0076.jpg,231,555
p06,day25/0091.jpg,868,938
p06,day25/0095.jpg,1323,569
p06,day25/0098.jpg,508,530
p06,day25/0108.jpg,1463,873
p06,day25/0113.jpg,407,563
p06,day25/0129.jpg,846,216
p06,day25/0133.jpg,1369,713
p06,day25/0134.jpg,170,873
p06,day25/0143.jpg,1102,579
p06,day25/0151.jpg,1113,321
p06,day25/0152.jpg,1459,570
p06,day25/0155.jpg,726,785
p06,day25/0169.jpg,703,690
p06,day25/0178.jpg,594,897
p06,day25/0186.jpg,365,751
p06,day25/0189.jpg,331,663
p06,day25/0194.jpg,666,280
p06,day25/0208.jpg,883,560
p06,day25/0214.jpg,1036,896
p06,day25/0221.jpg,1614,51
p06,day25/0230.jpg,861,255
p06,day25/0235.jpg,1410,976
p06,day25/0244.jpg,834,925
p06,day25/0253.jpg,611,600
p06,day25/0259.jpg,1409,429
p06,day25/0260.jpg,63,703
p06,day25/0261.jpg,1621,939
p06,day25/0265.jpg,587,840
p06,day25/0267.jpg,815,519
p06,day25/0269.jpg,1638,950
p06,day25/0278.jpg,508,34
p06,day25/0279.jpg,843,825
p06,day25/0285.jpg,1077,421
p06,day25/0286.jpg,375,347
p06,day25/0291.jpg,22,245
p06,day25/0292.jpg,1113,423
p06,day25/0293.jpg,852,800
p06,day25/0299.jpg,1265,847
p06,day25/0325.jpg,7,958
p06,day25/0327.jpg,596,218
p06,day25/0328.jpg,1429,490
p06,day25/0331.jpg,962,235
p06,day25/0339.jpg,683,26
p06,day25/0353.jpg,1246,947
p06,day25/0354.jpg,428,771
p06,day25/0357.jpg,762,301
p06,day25/0363.jpg,1579,5
p06,day25/0368.jpg,1407,708
p06,day25/0374.jpg,1485,809
p06,day25/0408.jpg,1007,494
p06,day25/0411.jpg,1344,515
p06,day25/0414.jpg,1632,661
p06,day25/0427.jpg,782,710
p06,day25/0434.jpg,130,0
p06,day25/0435.jpg,997,591
p06,day25/0436.jpg,1242,580
p06,day25/0441.jpg,213,719
p06,day25/0454.jpg,713,90
p06,day25/0463.jpg,603,273
p06,day25/0470.jpg,1523,434
p06,day25/0473.jpg,1272,450
p06,day25/0474.jpg,102,113
p06,day25/0477.jpg,1387,348
p06,day25/0484.jpg,821,5
p06,day25/0488.jpg,1336,850
p06,day25/0495.jpg,144,959
p06,day25/0497.jpg,225,882
p06,day25/0499.jpg,840,600
p06,day25/0501.jpg,1179,574
p06,day25/0510.jpg,1121,991
p06,day25/0513.jpg,1210,851
p06,day25/0516.jpg,206,727
p06,day25/0520.jpg,256,55
p06,day25/0537.jpg,247,1004
p06,day25/0538.jpg,413,456
p06,day25/0551.jpg,211,920
p06,day25/0560.jpg,1104,759
p06,day25/0562.jpg,1646,935
p06,day25/0569.jpg,532,235
p06,day25/0571.jpg,441,363
p06,day25/0575.jpg,1105,408
p06,day25/0581.jpg,3,857
p06,day25/0591.jpg,999,217
p06,day25/0599.jpg,78,887
p06,day26/0013.jpg,706,947
p06,day26/0015.jpg,1345,413
p06,day26/0024.jpg,1583,1040
p06,day26/0032.jpg,1590,7
p06,day26/0035.jpg,511,233
p06,day26/0038.jpg,812,179
p06,day26/0040.jpg,981,858
p06,day26/0041.jpg,990,419
p06,day26/0043.jpg,781,990
p06,day26/0051.jpg,1464,534
p06,day26/0058.jpg,1348,386
p06,day26/0061.jpg,245,382
p06,day26/0065.jpg,87,984
p06,day26/0067.jpg,122,254
p06,day26/0080.jpg,1362,1039
p06,day26/0092.jpg,362,704
p06,day26/0093.jpg,1408,196
p06,day26/0098.jpg,1584,715
p06,day26/0110.jpg,1179,522
p06,day26/0117.jpg,1542,89
p06,day26/0123.jpg,702,469
p06,day26/0131.jpg,1230,291
p06,day26/0133.jpg,1199,788
p06,day26/0142.jpg,212,411
p06,day26/0143.jpg,1381,910
p06,day26/0153.jpg,1297,516
p06,day26/0154.jpg,626,268
p06,day26/0155.jpg,1148,765
p06,day26/0159.jpg,1593,218
p06,day26/0164.jpg,1246,640
p06,day26/0165.jpg,1552,457
p06,day26/0167.jpg,80,889
p06,day26/0168.jpg,413,774
p06,day26/0169.jpg,1098,103
p06,day26/0174.jpg,590,116
p06,day26/0175.jpg,1064,742
p06,day26/0185.jpg,252,683
p06,day26/0195.jpg,643,772
p06,day26/0196.jpg,1172,587
p06,day26/0209.jpg,645,950
p06,day26/0223.jpg,804,849
p06,day26/0234.jpg,942,29
p06,day26/0241.jpg,833,981
p06,day26/0245.jpg,348,311
p06,day26/0246.jpg,133,305
p06,day26/0247.jpg,1108,1011
p06,day26/0251.jpg,242,1028
p06,day26/0263.jpg,274,953
p06,day26/0266.jpg,1463,694
p06,day26/0288.jpg,1482,547
p06,day26/0295.jpg,1445,690
p06,day26/0297.jpg,423,93
p06,day26/0305.jpg,422,967
p06,day26/0308.jpg,1078,660
p06,day26/0324.jpg,520,674
p06,day26/0325.jpg,1455,887
p06,day26/0326.jpg,351,807
p06,day26/0331.jpg,1635,1021
p06,day26/0334.jpg,1,568
p06,day26/0335.jpg,376,861
p06,day26/0342.jpg,1145,159
p06,day26/0353.jpg,93,223
p06,day26/0362.jpg,295,152
p06,day26/0370.jpg,927,277
p06,day26/0372.jpg,250,137
p06,day26/0389.jpg,278,507
p06,day26/0391.jpg,132,393
p06,day26/0395.jpg,188,526
p06,day27/0001.jpg,590,266
p06,day27/0002.jpg,1226,421
p06,day27/0005.jpg,1559,733
p06,day27/0010.jpg,253,229
p06,day27/0011.jpg,992,765
p06,day27/0013.jpg,64,318
p06,day27/0018.jpg,589,1041
p06,day27/0028.jpg,1612,681
p06,day27/0038.jpg,1052,920
p06,day27/0044.jpg,793,41
p06,day27/0072.jpg,1678,881
p06,day27/0079.jpg,278,151
p06,day27/0082.jpg,270,171
p06,day27/0091.jpg,80,306
p06,day27/0101.jpg,694,333
p06,day27/0105.jpg,517,431
p06,day27/0113.jpg,1604,45
p06,day27/0119.jpg,906,311
p06,day27/0123.jpg,831,526
p06,day27/0135.jpg,95,917
p06,day27/0136.jpg,1195,137
p06,day27/0150.jpg,1194,584
p06,day27/0159.jpg,968,754
p06,day27/0163.jpg,777,423
p06,day27/0168.jpg,1662,905
p06,day27/0187.jpg,1550,991
p06,day27/0194.jpg,890,194
p06,day27/0200.jpg,1553,564
p06,day27/0205.jpg,380,592
p06,day27/0207.jpg,1389,456
p06,day27/0222.jpg,183,671
p06,day27/0230.jpg,1138,167
p06,day27/0232.jpg,346,629
p06,day27/0238.jpg,566,829
p06,day27/0241.jpg,1303,506
p06,day27/0242.jpg,499,639
p06,day27/0272.jpg,729,1036
p06,day27/0274.jpg,603,97
p06,day27/0279.jpg,587,595
p06,day27/0282.jpg,1276,838
p06,day27/0285.jpg,1085,558
p06,day27/0287.jpg,565,983
p06,day27/0297.jpg,329,380
p06,day27/0304.jpg,25,659
p06,day27/0305.jpg,1464,549
p06,day27/0312.jpg,36,760
p06,day28/0002.jpg,766,868
p06,day28/0005.jpg,793,610
p06,day28/0014.jpg,671,1033
p06,day28/0018.jpg,461,1027
p06,day28/0037.jpg,688,969
p06,day29/0009.jpg,761,318
p06,day29/0020.jpg,547,662
p06,day29/0023.jpg,945,751
p06,day29/0027.jpg,584,224
p06,day29/0030.jpg,468,196
p06,day29/0037.jpg,1374,490
p06,day29/0040.jpg,570,1035
p06,day29/0061.jpg,956,589
p06,day29/0063.jpg,1584,196
p06,day29/0066.jpg,275,663
p06,day29/0073.jpg,343,752
p06,day29/0082.jpg,789,696
p06,day29/0091.jpg,719,897
p06,day29/0096.jpg,122,467
p06,day29/0099.jpg,374,625
p06,day29/0101.jpg,1149,90
p06,day29/0107.jpg,514,1030
p06,day29/0118.jpg,16,855
p06,day29/0119.jpg,983,15
p06,day29/0132.jpg,1582,287
p06,day29/0142.jpg,1139,1028
p06,day29/0145.jpg,524,714
p06,day29/0150.jpg,494,580
p06,day29/0152.jpg,369,938
p06,day29/0184.jpg,1081,643
p06,day29/0190.jpg,1181,898
p06,day29/0200.jpg,1510,599
p06,day29/0203.jpg,6,783
p06,day29/0212.jpg,763,642
p06,day29/0213.jpg,30,301
p06,day29/0234.jpg,68,745
p06,day29/0241.jpg,708,572
p06,day29/0251.jpg,444,812
p06,day29/0258.jpg,1386,769
p06,day29/0259.jpg,991,17
p06,day29/0269.jpg,675,416
p06,day29/0277.jpg,1093,73
p06,day29/0283.jpg,1616,628
p06,day29/0295.jpg,545,594
p06,day29/0311.jpg,573,550
p06,day29/0314.jpg,387,416
p06,day29/0323.jpg,1626,958
p06,day29/0324.jpg,1549,672
p06,day29/0328.jpg,449,120
p06,day29/0337.jpg,92,108
p06,day29/0339.jpg,843,1049
p06,day29/0356.jpg,282,6
p06,day29/0362.jpg,518,665
p06,day29/0364.jpg,150,119
p06,day29/0371.jpg,168,86
p06,day29/0394.jpg,839,580
p06,day29/0410.jpg,202,926
p06,day29/0411.jpg,350,17
p06,day29/0413.jpg,1161,241
p06,day29/0416.jpg,19,784
p06,day29/0449.jpg,879,712
p06,day29/0467.jpg,308,723
p06,day29/0470.jpg,626,1018
p06,day29/0477.jpg,910,582
p06,day29/0479.jpg,771,110
p06,day29/0493.jpg,846,164
p06,day29/0501.jpg,1068,183
p06,day29/0505.jpg,933,663
p06,day29/0507.jpg,925,34
p06,day29/0508.jpg,1080,587
p06,day30/0001.jpg,21,836
p06,day30/0006.jpg,1504,386
p06,day30/0007.jpg,353,485
p06,day30/0015.jpg,1553,920
p06,day30/0018.jpg,746,875
p06,day30/0024.jpg,1564,237
p06,day30/0034.jpg,382,951
p06,day30/0043.jpg,899,886
p06,day30/0050.jpg,527,911
p06,day30/0052.jpg,705,154
p06,day31/0005.jpg,586,233
p06,day31/0009.jpg,163,959
p06,day31/0016.jpg,275,464
p06,day31/0023.jpg,1563,988
p06,day31/0030.jpg,898,513
p06,day31/0045.jpg,1352,520
p06,day31/0047.jpg,318,901
p06,day31/0054.jpg,31,185
p06,day31/0062.jpg,1521,713
p06,day31/0065.jpg,1652,986
p06,day32/0005.jpg,1205,190
p06,day32/0007.jpg,215,965
p06,day32/0014.jpg,1618,795
p06,day32/0034.jpg,98,600
p06,day32/0040.jpg,401,64
p06,day32/0047.jpg,1274,1049
p06,day32/0059.jpg,497,556
p06,day32/0063.jpg,1655,994
p06,day32/0065.jpg,1324,880
p06,day32/0067.jpg,107,297
p06,day32/0070.jpg,582,366
p06,day32/0093.jpg,1562,107
p06,day32/0098.jpg,518,111
p06,day32/0099.jpg,947,493
p06,day32/0107.jpg,1469,358
p06,day32/0114.jpg,1221,786
p06,day32/0119.jpg,773,18
p06,day32/0120.jpg,124,48
p06,day32/0121.jpg,892,933
p06,day32/0123.jpg,498,690
p06,day32/0126.jpg,1521,1002
p06,day32/0129.jpg,741,497
p06,day32/0130.jpg,1062,518
p06,day32/0137.jpg,1461,322
p06,day32/0139.jpg,1560,742
p06,day32/0141.jpg,291,416
p06,day32/0143.jpg,336,336
p06,day32/0147.jpg,1488,32
p06,day32/0148.jpg,386,545
p06,day32/0152.jpg,1022,379
p06,day32/0162.jpg,149,899
p06,day32/0172.jpg,423,783
p06,day32/0176.jpg,174,708
p06,day32/0179.jpg,1515,835
p06,day32/0185.jpg,1441,687
p06,day32/0200.jpg,253,534
p06,day32/0203.jpg,1663,243
p06,day32/0211.jpg,561,427
p06,day32/0213.jpg,1635,296
p06,day32/0215.jpg,1075,563
p06,day32/0217.jpg,120,410
p06,day32/0219.jpg,359,101
p06,day32/0220.jpg,1078,1039
p06,day32/0225.jpg,446,516
p06,day32/0230.jpg,950,1003
p06,day32/0236.jpg,407,821
p06,day32/0240.jpg,210,754
p06,day32/0244.jpg,1335,548
p06,day32/0256.jpg,204,685
p06,day32/0258.jpg,1472,696
p06,day32/0262.jpg,1414,313
p06,day32/0265.jpg,1466,738
p06,day32/0267.jpg,131,484
p06,day32/0274.jpg,1379,905
p06,day32/0279.jpg,241,1021
p06,day32/0292.jpg,1632,1040
p06,day32/0294.jpg,62,184
p06,day32/0301.jpg,170,870
p06,day32/0307.jpg,1123,611
p06,day32/0311.jpg,623,522
p06,day32/0322.jpg,662,319
p06,day32/0325.jpg,53,368
p06,day32/0326.jpg,1080,278
p06,day32/0328.jpg,759,1021
p06,day32/0329.jpg,39,534
p06,day32/0338.jpg,71,884
p06,day32/0342.jpg,1677,170
p06,day32/0348.jpg,671,834
p06,day32/0350.jpg,1208,724
p06,day32/0361.jpg,648,503
p06,day32/0364.jpg,791,110
p06,day32/0371.jpg,223,334
p06,day32/0382.jpg,1037,510
p06,day32/0391.jpg,15,946
p06,day32/0393.jpg,1443,882
p06,day32/0394.jpg,985,481
p06,day32/0400.jpg,1370,229
p06,day32/0401.jpg,537,64
p06,day32/0403.jpg,1657,901
p06,day32/0406.jpg,203,465
p06,day32/0412.jpg,1047,401
p06,day32/0413.jpg,1666,653
p06,day32/0438.jpg,318,411
p06,day32/0449.jpg,452,224
p06,day32/0454.jpg,950,369
p06,day32/0457.jpg,1446,805
p06,day32/0459.jpg,1655,854
p06,day32/0461.jpg,205,392
p06,day32/0462.jpg,920,28
p06,day32/0467.jpg,1657,438
p06,day32/0483.jpg,337,6
p06,day33/0004.jpg,1105,745
p06,day33/0005.jpg,957,288
p06,day33/0020.jpg,557,110
p06,day33/0026.jpg,1036,218
p06,day33/0032.jpg,1088,1034
p06,day33/0036.jpg,1478,483
p06,day33/0051.jpg,109,401
p06,day33/0057.jpg,287,557
p06,day33/0058.jpg,821,177
p06,day33/0059.jpg,509,64
p06,day33/0060.jpg,1300,801
p06,day33/0061.jpg,1410,642
p06,day33/0071.jpg,80,601
p06,day33/0073.jpg,109,669
p06,day33/0080.jpg,234,788
p06,day33/0083.jpg,1659,131
p06,day33/0087.jpg,1430,409
p06,day33/0093.jpg,1455,814
p06,day33/0096.jpg,33,1049
p06,day33/0097.jpg,828,876
p06,day33/0099.jpg,334,565
p06,day33/0100.jpg,226,407
p06,day33/0101.jpg,1330,58
p06,day33/0103.jpg,1546,405
p06,day33/0109.jpg,1213,229
p06,day33/0110.jpg,680,157
p06,day33/0113.jpg,778,1048
p06,day33/0117.jpg,653,8
p06,day34/0001.jpg,898,443
p06,day34/0002.jpg,1016,873
p06,day34/0006.jpg,1462,311
p06,day34/0007.jpg,1124,292
p06,day34/0009.jpg,354,309
p06,day34/0014.jpg,949,964
p06,day34/0017.jpg,756,467
p06,day34/0026.jpg,1526,324
p06,day34/0037.jpg,950,909
p06,day34/0039.jpg,223,399
p06,day34/0048.jpg,462,884
p06,day34/0053.jpg,257,254
p06,day34/0058.jpg,1074,678
p06,day34/0069.jpg,1202,249
p06,day34/0071.jpg,561,483
p06,day34/0077.jpg,166,295
p06,day34/0080.jpg,1636,338
p06,day34/0086.jpg,709,112
p06,day34/0088.jpg,1426,306
p06,day34/0089.jpg,1318,789
p06,day34/0094.jpg,766,546
p06,day34/0095.jpg,1031,956
p06,day34/0097.jpg,1370,246
p06,day34/0098.jpg,288,330
p06,day34/0099.jpg,1474,240
p06,day34/0100.jpg,795,958
p06,day34/0119.jpg,286,996
p06,day34/0120.jpg,1147,1000
p06,day34/0124.jpg,796,410
p06,day34/0126.jpg,448,881
p06,day34/0134.jpg,835,167
p06,day34/0143.jpg,1092,177
p06,day34/0144.jpg,685,486
p06,day34/0152.jpg,72,837
p06,day34/0166.jpg,961,569
p06,day34/0185.jpg,1479,144
p06,day34/0188.jpg,1366,734
p06,day34/0190.jpg,1250,568
p06,day34/0195.jpg,196,561
p06,day34/0198.jpg,235,993
p06,day34/0213.jpg,1110,979
p06,day34/0215.jpg,1641,258
p06,day34/0217.jpg,997,987
p06,day34/0219.jpg,1393,516
p06,day34/0253.jpg,325,760
p06,day34/0262.jpg,1022,418
p06,day34/0263.jpg,1232,973
p06,day34/0266.jpg,1573,447
p06,day34/0270.jpg,1376,548
p06,day34/0276.jpg,1556,674
p06,day34/0286.jpg,729,78
p06,day34/0294.jpg,986,246
p06,day34/0313.jpg,1566,959
p06,day34/0317.jpg,840,1007
p06,day35/0010.jpg,1608,104
p06,day35/0017.jpg,611,253
p06,day35/0023.jpg,261,281
p06,day35/0039.jpg,1028,1041
p06,day35/0043.jpg,48,470
p06,day35/0047.jpg,1072,949
p06,day35/0053.jpg,390,334
p06,day35/0060.jpg,243,8
p06,day35/0065.jpg,319,572
p06,day35/0067.jpg,1361,131
p06,day35/0073.jpg,1188,373
p06,day35/0074.jpg,1638,568
p06,day35/0075.jpg,370,623
p06,day35/0092.jpg,360,700
p06,day35/0094.jpg,962,811
p06,day35/0097.jpg,514,640
p06,day35/0099.jpg,1,277
p06,day35/0101.jpg,402,607
p06,day35/0107.jpg,1092,838
p06,day35/0123.jpg,886,590
p06,day35/0128.jpg,733,814
p06,day35/0131.jpg,1602,297
p06,day35/0132.jpg,766,728
p06,day36/0003.jpg,71,600
p06,day36/0010.jpg,476,785
p06,day36/0023.jpg,1136,1029
p06,day36/0029.jpg,822,352
p06,day36/0033.jpg,467,1004
p06,day36/0034.jpg,847,70
p06,day36/0045.jpg,1296,193
p06,day36/0046.jpg,516,23
p06,day36/0050.jpg,470,584
p06,day36/0060.jpg,995,143
p06,day36/0070.jpg,746,600
p06,day36/0079.jpg,1203,143
p06,day36/0083.jpg,951,1011
p06,day36/0089.jpg,1596,618
p06,day36/0092.jpg,454,16
p06,day36/0101.jpg,1330,704
p06,day36/0108.jpg,1428,381
p06,day36/0114.jpg,509,388
p06,day36/0123.jpg,637,313
p06,day36/0125.jpg,1634,163
p06,day36/0136.jpg,1202,92
p06,day36/0147.jpg,669,254
p06,day36/0150.jpg,723,738
p06,day36/0158.jpg,1375,669
p06,day36/0160.jpg,200,620
p06,day36/0169.jpg,226,318
p06,day36/0173.jpg,1437,538
p06,day36/0175.jpg,351,595
p06,day36/0185.jpg,91,565
p06,day36/0222.jpg,303,515
p06,day36/0226.jpg,251,416
p06,day36/0228.jpg,452,556
p06,day36/0233.jpg,1036,107
p06,day36/0237.jpg,1084,951
p06,day36/0252.jpg,1111,544
p06,day36/0259.jpg,1420,62
p06,day36/0267.jpg,580,198
p06,day36/0269.jpg,1,161
p06,day36/0278.jpg,597,85
p06,day37/0023.jpg,364,544
p06,day37/0032.jpg,650,485
p06,day37/0034.jpg,179,1026
p06,day37/0037.jpg,1492,928
p06,day37/0038.jpg,412,338
p06,day38/0001.jpg,1168,428
p06,day38/0015.jpg,978,262
p06,day38/0024.jpg,1475,100
p06,day38/0038.jpg,816,742
p06,day38/0044.jpg,1348,299
p06,day38/0053.jpg,849,817
p06,day38/0059.jpg,132,742
p06,day38/0062.jpg,508,82
p06,day38/0070.jpg,1644,591
p06,day38/0074.jpg,104,983
p06,day38/0075.jpg,425,71
p06,day38/0077.jpg,827,238
p06,day38/0086.jpg,50,217
p06,day38/0090.jpg,433,1030
p06,day38/0098.jpg,1604,84
p06,day38/0106.jpg,145,582
p06,day38/0122.jpg,1432,481
p06,day38/0150.jpg,1315,475
p06,day38/0152.jpg,782,107
p06,day38/0154.jpg,1004,514
p06,day38/0156.jpg,596,960
p06,day38/0159.jpg,1170,623
p06,day38/0161.jpg,75,437
p06,day38/0163.jpg,405,612
p06,day38/0167.jpg,1514,130
p06,day38/0176.jpg,782,847
p06,day38/0182.jpg,498,779
p06,day38/0184.jpg,736,718
p06,day38/0188.jpg,1578,143
p06,day38/0193.jpg,860,201
p06,day38/0195.jpg,1197,429
p06,day38/0199.jpg,662,441
p06,day38/0203.jpg,1280,282
p06,day38/0208.jpg,280,95
p06,day38/0226.jpg,1173,587
p06,day38/0245.jpg,291,69
p06,day38/0258.jpg,1316,937
p06,day38/0274.jpg,307,325
p06,day38/0276.jpg,1087,975
p06,day38/0282.jpg,1097,903
p06,day38/0292.jpg,413,768
p06,day38/0294.jpg,1098,223
p06,day38/0304.jpg,337,927
p06,day38/0306.jpg,1093,155
p06,day38/0308.jpg,660,52
p06,day38/0338.jpg,362,118
p06,day38/0346.jpg,138,244
p06,day38/0349.jpg,1597,687
p06,day38/0352.jpg,1186,850
p06,day38/0354.jpg,1224,202
p06,day38/0357.jpg,730,675
p06,day38/0363.jpg,986,557
p06,day39/0005.jpg,765,870
p06,day39/0011.jpg,569,314
p06,day39/0022.jpg,1228,618
p06,day39/0027.jpg,1373,272
p06,day39/0030.jpg,225,136
p06,day39/0038.jpg,608,852
p06,day39/0042.jpg,630,904
p06,day39/0045.jpg,466,714
p06,day39/0047.jpg,1128,519
p06,day39/0048.jpg,1014,346
p06,day39/0050.jpg,121,335
p06,day39/0051.jpg,1270,1027
p06,day39/0052.jpg,450,551
p06,day39/0058.jpg,1384,625
p06,day39/0067.jpg,999,231
p06,day39/0071.jpg,1134,773
p06,day39/0076.jpg,960,254
p06,day39/0080.jpg,1446,756
p06,day39/0086.jpg,1549,575
p06,day39/0090.jpg,537,250
p06,day39/0093.jpg,964,104
p06,day39/0098.jpg,876,635
p06,day39/0099.jpg,1200,521
p06,day39/0100.jpg,220,209
p06,day39/0103.jpg,61,439
p06,day39/0114.jpg,1419,890
p06,day39/0116.jpg,945,764
p06,day39/0139.jpg,80,882
p06,day39/0149.jpg,1652,321
p06,day39/0162.jpg,502,417
p06,day39/0173.jpg,156,494
p06,day39/0179.jpg,635,445
p06,day39/0182.jpg,1578,715
p06,day39/0183.jpg,470,110
p06,day39/0184.jpg,1484,431
p06,day39/0192.jpg,770,151
p06,day39/0194.jpg,1174,965
p06,day39/0206.jpg,68,874
p06,day39/0209.jpg,901,467
p06,day39/0215.jpg,1599,211
p06,day39/0218.jpg,238,891
p06,day39/0219.jpg,946,846
p06,day39/0221.jpg,68,283
p06,day39/0234.jpg,395,348
p06,day39/0236.jpg,1257,367
p06,day39/0237.jpg,671,384
p06,day39/0246.jpg,443,332
p06,day39/0252.jpg,280,416
p06,day39/0254.jpg,299,751
p06,day39/0259.jpg,1659,65
p06,day39/0263.jpg,423,608
p06,day39/0265.jpg,410,205
p06,day39/0276.jpg,220,76
p06,day39/0278.jpg,97,713
p06,day39/0295.jpg,1345,606
p06,day39/0301.jpg,1629,952
p06,day39/0302.jpg,946,311
p06,day39/0304.jpg,1140,648
p06,day39/0314.jpg,1060,180
p06,day39/0317.jpg,31,501
p06,day39/0318.jpg,211,247
p06,day39/0324.jpg,131,633
p06,day39/0329.jpg,840,281
p06,day39/0330.jpg,1487,478
p06,day39/0335.jpg,1348,621
p06,day39/0342.jpg,190,742
p06,day39/0352.jpg,148,493
p06,day39/0353.jpg,1405,58
p06,day39/0362.jpg,455,505
p06,day39/0365.jpg,168,584
p06,day39/0369.jpg,189,229
p06,day39/0380.jpg,1152,795
p06,day39/0390.jpg,1196,938
p06,day39/0405.jpg,677,988
p06,day39/0413.jpg,184,880
p06,day39/0417.jpg,672,360
p06,day39/0425.jpg,1609,805
p06,day39/0427.jpg,486,492
p06,day39/0432.jpg,804,866
p06,day40/0004.jpg,1347,614
p06,day40/0012.jpg,893,171
p06,day40/0014.jpg,1410,871
p06,day40/0015.jpg,894,344
p06,day40/0017.jpg,1137,699
p06,day40/0019.jpg,1354,984
p06,day40/0025.jpg,1421,488
p06,day40/0036.jpg,695,198
p06,day40/0038.jpg,1677,608
p06,day40/0042.jpg,5,473
p06,day40/0043.jpg,735,478
p06,day40/0044.jpg,1267,879
p06,day40/0045.jpg,321,887
p06,day40/0049.jpg,1398,678
p06,day40/0064.jpg,1578,912
p06,day40/0066.jpg,967,803
p06,day40/0067.jpg,754,725
p06,day40/0081.jpg,1437,1026
p06,day40/0085.jpg,1086,972
p06,day40/0086.jpg,784,881
p06,day40/0088.jpg,900,913
p06,day40/0101.jpg,961,632
p06,day40/0102.jpg,1272,678
p06,day40/0104.jpg,71,811
p06,day40/0105.jpg,861,720
p06,day40/0111.jpg,1073,379
p06,day40/0121.jpg,429,940
p06,day40/0124.jpg,1637,654
p06,day40/0125.jpg,494,972
p06,day40/0130.jpg,519,295
p06,day40/0140.jpg,939,486
p06,day40/0160.jpg,1643,835
p06,day40/0178.jpg,127,359
p06,day40/0179.jpg,96,560
p06,day40/0182.jpg,1590,265
p06,day40/0199.jpg,1610,69
p06,day40/0200.jpg,697,6
p06,day40/0203.jpg,1274,555
p06,day40/0211.jpg,373,324
p06,day40/0215.jpg,992,699
p06,day40/0228.jpg,1340,925
p06,day40/0240.jpg,258,290
p06,day40/0254.jpg,1336,632
p06,day40/0265.jpg,1516,913
p06,day40/0277.jpg,1514,1027
p06,day40/0279.jpg,497,476
p06,day40/0289.jpg,520,653
p06,day40/0291.jpg,934,27
p06,day40/0292.jpg,18,91
p06,day40/0294.jpg,1526,280
p06,day40/0296.jpg,1596,223
p06,day40/0298.jpg,1256,672
p06,day40/0303.jpg,41,1039
p06,day40/0306.jpg,1474,162
p06,day40/0307.jpg,1538,518
p06,day40/0316.jpg,105,294
p06,day40/0318.jpg,1539,150
p06,day40/0322.jpg,21,479
p06,day40/0324.jpg,520,283
p06,day40/0333.jpg,716,193
p06,day40/0361.jpg,1535,595
p06,day40/0367.jpg,1524,620
p06,day40/0368.jpg,772,312
p06,day40/0372.jpg,794,952
p06,day40/0388.jpg,225,796
p06,day40/0390.jpg,817,494
p06,day40/0407.jpg,869,891
p06,day40/0414.jpg,590,281
p06,day40/0417.jpg,1281,667
p06,day40/0419.jpg,182,371
p06,day40/0421.jpg,85,397
p06,day40/0429.jpg,282,977
p06,day41/0001.jpg,379,626
p06,day41/0003.jpg,562,916
p06,day41/0009.jpg,1556,221
p06,day41/0011.jpg,1072,154
p06,day41/0015.jpg,771,746
p06,day41/0023.jpg,1500,798
p06,day41/0026.jpg,462,855
p06,day41/0028.jpg,16,566
p06,day41/0043.jpg,1657,209
p06,day41/0046.jpg,618,818
p06,day41/0053.jpg,432,16
p06,day41/0056.jpg,1103,332
p06,day41/0059.jpg,1127,1035
p06,day41/0070.jpg,557,803
p06,day41/0071.jpg,520,918
p06,day41/0078.jpg,37,454
p06,day41/0093.jpg,633,438
p06,day41/0099.jpg,931,675
p06,day41/0103.jpg,1490,321
p06,day41/0109.jpg,984,974
p06,day41/0144.jpg,532,621
p06,day41/0147.jpg,176,961
p06,day41/0167.jpg,1201,534
p06,day41/0171.jpg,974,920
p06,day41/0173.jpg,300,463
p06,day41/0175.jpg,152,581
p06,day41/0191.jpg,481,333
p06,day41/0192.jpg,1106,1014
p06,day41/0193.jpg,1478,827
p06,day41/0196.jpg,1184,586
p06,day42/0010.jpg,696,32
p06,day42/0012.jpg,520,850
p06,day42/0021.jpg,1653,843
p06,day42/0024.jpg,851,325
p06,day42/0027.jpg,937,977
p06,day42/0042.jpg,385,1008
p06,day42/0045.jpg,159,107
p06,day42/0046.jpg,47,114
p06,day42/0058.jpg,826,987
p06,day42/0062.jpg,642,691
p06,day42/0063.jpg,684,427
p06,day42/0068.jpg,1143,381
p06,day42/0069.jpg,1616,522
p06,day42/0078.jpg,786,889
p06,day42/0084.jpg,595,695
p06,day42/0085.jpg,1355,17
p06,day42/0087.jpg,369,515
p06,day42/0096.jpg,1630,726
p06,day42/0097.jpg,402,909
p06,day42/0103.jpg,98,20
p06,day42/0106.jpg,720,775
p06,day42/0111.jpg,528,757
p06,day42/0113.jpg,99,54
p06,day42/0124.jpg,485,257
p06,day42/0132.jpg,1526,661
p06,day42/0148.jpg,1098,811
p06,day42/0163.jpg,474,344
p06,day42/0169.jpg,860,893
p06,day42/0170.jpg,1316,540
p06,day42/0190.jpg,1647,522
p06,day43/0004.jpg,509,656
p06,day43/0006.jpg,1119,416
p06,day43/0008.jpg,499,581
p06,day43/0018.jpg,1284,995
p06,day43/0023.jpg,562,890
p06,day43/0025.jpg,480,440
p06,day43/0030.jpg,1178,259
p06,day43/0034.jpg,11,507
p06,day43/0035.jpg,1023,847
p06,day43/0044.jpg,130,365
p06,day43/0048.jpg,322,40
p06,day43/0056.jpg,1155,308
p06,day43/0059.jpg,50,679
p06,day43/0064.jpg,1245,1028
p06,day43/0066.jpg,760,188
p06,day43/0071.jpg,817,170
p06,day43/0095.jpg,190,120
p06,day44/0002.jpg,546,215
p06,day44/0022.jpg,528,945
p06,day44/0024.jpg,679,651
p06,day44/0029.jpg,1510,102
p06,day44/0031.jpg,74,655
p06,day44/0039.jpg,1291,238
p06,day44/0041.jpg,456,95
p06,day44/0042.jpg,550,323
p06,day44/0043.jpg,168,73
p06,day44/0046.jpg,101,811
p06,day44/0056.jpg,281,230
p06,day44/0061.jpg,1427,856
p06,day44/0072.jpg,374,733
p06,day44/0078.jpg,538,538
p06,day44/0081.jpg,1570,640
p06,day44/0083.jpg,1418,660
p06,day44/0087.jpg,897,56
p06,day44/0101.jpg,543,872
p06,day44/0102.jpg,97,974
p06,day44/0107.jpg,836,571
p06,day44/0111.jpg,288,758
p06,day44/0112.jpg,1408,599
p06,day45/0010.jpg,890,85
p06,day45/0019.jpg,224,531
p06,day45/0031.jpg,643,373
p06,day45/0033.jpg,1668,725
p06,day45/0037.jpg,1343,57
p06,day45/0041.jpg,1123,867
p06,day45/0058.jpg,614,1022
p06,day45/0060.jpg,514,329
p06,day45/0062.jpg,954,761
p06,day45/0065.jpg,771,481
p06,day45/0079.jpg,513,601
p06,day45/0083.jpg,86,168
p06,day45/0090.jpg,1142,595
p06,day45/0099.jpg,1364,947
p06,day45/0103.jpg,729,626
p06,day45/0106.jpg,339,370
p06,day45/0116.jpg,743,743
p06,day45/0117.jpg,877,940
p06,day45/0133.jpg,1383,949
p06,day45/0138.jpg,1405,820
p06,day45/0141.jpg,773,843
p06,day45/0143.jpg,729,54
p06,day45/0147.jpg,334,467
p06,day45/0151.jpg,250,106
p06,day45/0155.jpg,1389,847
p06,day45/0164.jpg,1595,358
p06,day45/0207.jpg,186,976
p06,day45/0210.jpg,485,910
p06,day45/0216.jpg,897,409
p06,day45/0220.jpg,463,1038
p06,day45/0226.jpg,131,857
p06,day45/0231.jpg,1451,153
p06,day45/0237.jpg,500,560
p06,day45/0253.jpg,153,226
p06,day45/0265.jpg,1575,473
p06,day45/0268.jpg,1259,933
p06,day45/0271.jpg,695,965
p06,day45/0277.jpg,1460,1016
p06,day45/0287.jpg,1225,804
p06,day45/0295.jpg,1082,158
p06,day45/0299.jpg,690,114
p06,day45/0306.jpg,741,558
p06,day45/0316.jpg,1332,889
p06,day45/0320.jpg,267,542
p06,day45/0327.jpg,861,261
p06,day45/0335.jpg,199,788
p06,day45/0337.jpg,219,29
p06,day45/0338.jpg,158,97
p06,day45/0341.jpg,1174,190
p06,day45/0343.jpg,423,388
p06,day45/0354.jpg,79,749
p06,day46/0001.jpg,1151,1049
p06,day46/0002.jpg,1613,443
p06,day46/0008.jpg,773,506
p06,day46/0014.jpg,200,594
p06,day46/0015.jpg,787,459
p06,day46/0017.jpg,1105,110
p06,day46/0023.jpg,780,440
p06,day46/0025.jpg,90,653
p06,day46/0033.jpg,332,710
p06,day46/0047.jpg,1052,355
p06,day46/0059.jpg,755,515
p06,day46/0062.jpg,1122,637
p06,day46/0080.jpg,981,463
p06,day46/0099.jpg,862,912
p06,day46/0107.jpg,1551,235
p06,day46/0120.jpg,805,36
p06,day46/0123.jpg,188,858
p06,day46/0125.jpg,1440,224
p06,day46/0132.jpg,1470,451
p06,day46/0157.jpg,764,719
p06,day47/0003.jpg,816,666
p06,day47/0005.jpg,1044,655
p06,day47/0011.jpg,889,100
p06,day47/0012.jpg,941,363
p06,day47/0016.jpg,443,760
p06,day47/0021.jpg,709,885
p06,day47/0025.jpg,290,497
p06,day47/0030.jpg,353,128
p06,day47/0032.jpg,876,455
p06,day47/0034.jpg,92,760
p06,day47/0035.jpg,357,294
p06,day47/0036.jpg,967,267
p06,day47/0038.jpg,400,894
p06,day47/0044.jpg,1072,94
p06,day47/0054.jpg,651,836
p06,day47/0055.jpg,880,406
p06,day48/0020.jpg,139,612
p06,day48/0022.jpg,741,85
p06,day48/0026.jpg,837,441
p06,day48/0040.jpg,1207,256
p06,day48/0044.jpg,1160,155
p06,day48/0046.jpg,1442,521
p06,day48/0058.jpg,951,441
p06,day48/0060.jpg,1600,793
p06,day48/0061.jpg,932,589
p06,day48/0063.jpg,1302,813
p06,day48/0070.jpg,1500,866
p06,day48/0080.jpg,1097,705
p06,day48/0093.jpg,100,273
p06,day48/0097.jpg,903,576
p06,day48/0098.jpg,250,502
p06,day48/0101.jpg,46,231
p06,day48/0103.jpg,1351,8
p06,day48/0107.jpg,577,258
p06,day48/0113.jpg,566,223
p06,day48/0117.jpg,1217,743
p06,day48/0133.jpg,769,462
p06,day48/0134.jpg,1081,474
p06,day48/0143.jpg,428,207
p06,day48/0146.jpg,1593,715
p06,day48/0150.jpg,1478,293
p06,day48/0151.jpg,608,954
p06,day48/0157.jpg,459,35
p06,day48/0160.jpg,815,218
p06,day48/0161.jpg,219,675
p06,day48/0166.jpg,1435,537
p06,day48/0168.jpg,1435,338
p06,day48/0171.jpg,1428,913
p06,day48/0175.jpg,1322,958
p06,day48/0179.jpg,301,711
p06,day48/0182.jpg,1654,1003
p06,day48/0184.jpg,570,984
p06,day48/0195.jpg,1671,675
p06,day48/0199.jpg,73,1036
p06,day48/0201.jpg,866,413
p06,day48/0202.jpg,332,869
p06,day48/0209.jpg,604,381
p06,day48/0211.jpg,1290,745
p06,day48/0215.jpg,88,157
p06,day48/0224.jpg,546,239
p06,day48/0246.jpg,387,1028
p06,day48/0258.jpg,331,943
p06,day48/0273.jpg,1676,97
p06,day48/0276.jpg,145,79
p06,day48/0277.jpg,477,945
p06,day48/0298.jpg,332,988
p06,day49/0024.jpg,1581,752
p06,day49/0025.jpg,1456,895
p06,day49/0032.jpg,525,824
p06,day49/0036.jpg,441,462
p06,day49/0049.jpg,1055,757
p06,day49/0065.jpg,969,639
p06,day49/0077.jpg,313,516
p06,day49/0078.jpg,8,19
p06,day49/0080.jpg,285,302
p06,day49/0082.jpg,411,649
p06,day49/0094.jpg,170,633
p06,day49/0097.jpg,347,148
p06,day49/0104.jpg,353,915
p06,day49/0112.jpg,952,476
p06,day49/0113.jpg,1395,861
p06,day49/0127.jpg,176,992
p06,day49/0135.jpg,932,429
p06,day49/0137.jpg,291,376
p06,day50/0018.jpg,1313,349
p06,day50/0019.jpg,689,550
p06,day50/0021.jpg,1352,350
p06,day50/0029.jpg,561,722
p06,day50/0032.jpg,1432,54
p06,day50/0035.jpg,590,892
p06,day50/0050.jpg,994,572
p06,day50/0052.jpg,1292,409
p06,day50/0063.jpg,1508,141
p06,day50/0064.jpg,1327,537
p06,day50/0073.jpg,1402,735
p06,day50/0076.jpg,1230,967
p06,day50/0084.jpg,1573,879
p06,day50/0095.jpg,1295,11
p06,day50/0097.jpg,1080,1024
p06,day50/0099.jpg,586,389
p06,day50/0103.jpg,764,449
p06,day50/0104.jpg,12,674
p06,day50/0112.jpg,57,994
p06,day50/0127.jpg,1344,272
p06,day50/0136.jpg,1199,1028
p06,day50/0140.jpg,809,129
p06,day50/0162.jpg,278,588
p06,day50/0179.jpg,1360,270
p06,day50/0189.jpg,671,823
p06,day50/0193.jpg,531,565
p06,day50/0195.jpg,1628,841
p06,day50/0210.jpg,475,582
p06,day50/0216.jpg,408,424
p06,day50/0221.jpg,911,461
p06,day50/0242.jpg,436,352
p06,day50/0246.jpg,1446,918
p06,day50/0259.jpg,122,414
p06,day50/0261.jpg,1451,785
p06,day50/0262.jpg,916,816
p06,day50/0271.jpg,781,331
p06,day50/0275.jpg,1638,390
p06,day50/0276.jpg,1059,1045
p06,day50/0280.jpg,1053,1036
p06,day50/0284.jpg,749,810
p06,day50/0298.jpg,1583,845
p06,day50/0306.jpg,569,92
p06,day50/0307.jpg,50,315
p06,day50/0319.jpg,796,283
p06,day50/0321.jpg,523,343
p06,day50/0325.jpg,1411,37
p06,day50/0329.jpg,1225,485
p06,day50/0339.jpg,201,481
p06,day51/0024.jpg,1247,9
p06,day51/0030.jpg,643,550
p06,day51/0033.jpg,1027,899
p06,day51/0035.jpg,85,138
p06,day51/0040.jpg,775,174
p06,day51/0042.jpg,526,86
p06,day51/0043.jpg,1117,1046
p06,day51/0048.jpg,1338,557
p06,day51/0060.jpg,788,1022
p06,day51/0061.jpg,187,475
p06,day51/0076.jpg,968,600
p06,day51/0078.jpg,1066,403
p06,day51/0089.jpg,801,916
p06,day51/0095.jpg,1153,552
p06,day51/0100.jpg,663,361
p06,day51/0102.jpg,100,351
p06,day51/0107.jpg,823,113
p06,day51/0115.jpg,1042,346
p06,day51/0116.jpg,1268,906
p06,day51/0118.jpg,1070,654
p06,day51/0119.jpg,293,743
p06,day51/0122.jpg,1621,876
p06,day51/0123.jpg,1482,867
p06,day51/0126.jpg,1502,946
p06,day51/0131.jpg,1575,955
p06,day51/0137.jpg,130,667
p06,day51/0139.jpg,911,159
p06,day51/0146.jpg,1658,957
p06,day51/0149.jpg,238,546
p06,day51/0152.jpg,1599,978
p06,day51/0156.jpg,333,847
p06,day51/0157.jpg,383,773
p06,day51/0170.jpg,1410,997
p06,day51/0176.jpg,1466,640
p06,day51/0180.jpg,462,489
p06,day51/0196.jpg,1302,541
p06,day51/0206.jpg,15,1011
p06,day51/0214.jpg,584,364
p06,day51/0217.jpg,1271,969
p06,day51/0225.jpg,1496,771
p06,day51/0230.jpg,403,95
p06,day51/0233.jpg,1473,101
p06,day51/0234.jpg,1505,942
p06,day51/0240.jpg,1078,318
p06,day51/0244.jpg,78,405
p06,day51/0262.jpg,214,808
p06,day51/0264.jpg,58,514
p06,day51/0273.jpg,1422,100
p06,day51/0278.jpg,1521,10
p06,day51/0289.jpg,1200,480
p06,day51/0296.jpg,1188,938
p06,day51/0305.jpg,538,507
p06,day51/0340.jpg,180,1002
p06,day51/0350.jpg,14,580
p06,day51/0367.jpg,1064,587
p06,day51/0369.jpg,17,839
p06,day51/0377.jpg,21,277
p06,day51/0381.jpg,601,182
p06,day51/0384.jpg,603,765
p06,day51/0396.jpg,1536,642
p06,day51/0397.jpg,876,192
p06,day51/0402.jpg,105,679
p06,day51/0409.jpg,474,653
p06,day51/0415.jpg,54,655
p06,day51/0417.jpg,1207,788
p06,day51/0418.jpg,188,174
p06,day51/0428.jpg,1125,633
p06,day51/0433.jpg,36,311
p06,day51/0436.jpg,46,817
p06,day51/0440.jpg,745,463
p06,day51/0441.jpg,921,205
p06,day51/0451.jpg,1626,549
p06,day51/0458.jpg,667,40
p06,day51/0459.jpg,1505,206
p06,day51/0460.jpg,1263,140
p06,day51/0464.jpg,1422,146
p06,day51/0465.jpg,1320,709
p06,day51/0466.jpg,663,931
p06,day51/0477.jpg,1364,819
p06,day51/0478.jpg,1462,151
p06,day51/0479.jpg,1322,237
p06,day51/0483.jpg,915,236
p06,day51/0490.jpg,365,856
p06,day51/0498.jpg,261,152
p06,day52/0006.jpg,806,1019
p06,day52/0013.jpg,500,780
p06,day52/0016.jpg,218,366
p06,day52/0027.jpg,1474,968
p06,day52/0041.jpg,506,885
p06,day52/0044.jpg,368,109
p06,day52/0056.jpg,160,561
p06,day52/0071.jpg,983,35
p06,day52/0075.jpg,262,922
p06,day52/0084.jpg,690,819
p06,day52/0086.jpg,654,275
p06,day52/0088.jpg,272,466
p06,day52/0099.jpg,360,241
p06,day52/0100.jpg,1270,800
p06,day52/0102.jpg,748,514
p06,day52/0111.jpg,1163,644
p06,day52/0112.jpg,665,317
p06,day52/0123.jpg,496,67
p06,day52/0124.jpg,566,878
p06,day52/0130.jpg,450,846
p06,day52/0133.jpg,88,605
p06,day52/0138.jpg,995,815
p06,day52/0139.jpg,634,516
p06,day52/0150.jpg,1618,328
p06,day52/0163.jpg,64,942
p06,day52/0167.jpg,1550,252
p06,day52/0178.jpg,797,780
p06,day52/0192.jpg,1632,710
p06,day52/0197.jpg,118,722
p06,day52/0203.jpg,302,736
p06,day52/0223.jpg,1371,834
p06,day52/0237.jpg,659,1041
p06,day52/0243.jpg,756,716
p06,day52/0247.jpg,930,784
p06,day52/0257.jpg,1245,447
p06,day52/0263.jpg,808,883
p06,day52/0267.jpg,1153,50
p06,day52/0269.jpg,823,979
p06,day52/0276.jpg,841,944
p06,day52/0281.jpg,55,291
p06,day52/0287.jpg,94,691
p06,day52/0294.jpg,297,859
p06,day52/0296.jpg,1214,256
p06,day52/0303.jpg,836,173
p06,day52/0315.jpg,502,925
p06,day52/0318.jpg,781,274
p06,day52/0319.jpg,1440,41
p06,day52/0323.jpg,1033,820
p06,day52/0330.jpg,1157,473
p06,day52/0334.jpg,1112,217
p06,day52/0344.jpg,1077,382
p06,day52/0345.jpg,673,63
p06,day52/0346.jpg,1656,833
p06,day52/0348.jpg,642,747
p06,day52/0354.jpg,1561,702
p06,day52/0361.jpg,1532,962
p06,day52/0363.jpg,1021,427
p06,day52/0372.jpg,523,403
p06,day52/0383.jpg,967,104
p06,day52/0389.jpg,464,915
p06,day52/0390.jpg,81,863
p06,day52/0397.jpg,425,595
p06,day52/0406.jpg,159,658
p06,day52/0409.jpg,896,283
p06,day52/0425.jpg,1509,816
p06,day52/0440.jpg,1583,766
p06,day52/0445.jpg,1397,954
p06,day52/0448.jpg,699,129
p06,day52/0449.jpg,1355,1021
p06,day52/0475.jpg,1477,518
p06,day52/0476.jpg,304,203
p06,day52/0477.jpg,826,788
p06,day52/0481.jpg,1534,289
p06,day52/0494.jpg,259,613
p06,day52/0503.jpg,144,317
p06,day52/0509.jpg,1486,714
p06,day52/0514.jpg,1248,332
p06,day52/0523.jpg,523,2
p06,day52/0533.jpg,1570,782
p06,day52/0534.jpg,1271,493
p06,day52/0539.jpg,1038,353
p06,day52/0553.jpg,529,566
p06,day52/0563.jpg,477,215
p06,day52/0566.jpg,1065,948
p06,day52/0569.jpg,1044,398
p06,day52/0570.jpg,1470,455
p06,day52/0573.jpg,153,138
p06,day53/0004.jpg,211,245
p06,day53/0008.jpg,1499,276
p06,day53/0009.jpg,1052,275
p06,day53/0021.jpg,159,878
p06,day53/0031.jpg,382,976
p06,day53/0038.jpg,1500,931
p06,day53/0039.jpg,676,911
p06,day53/0051.jpg,1196,225
p06,day53/0056.jpg,625,607
p06,day53/0058.jpg,275,693
p06,day53/0066.jpg,1456,8
p06,day53/0079.jpg,167,396
p06,day53/0081.jpg,432,893
p06,day53/0082.jpg,284,670
p06,day53/0084.jpg,22,181
p06,day53/0088.jpg,1590,617
p06,day53/0094.jpg,792,523
p06,day53/0104.jpg,333,214
p06,day53/0119.jpg,1503,595
p06,day53/0133.jpg,1183,252
p06,day53/0139.jpg,1006,385
p06,day53/0141.jpg,305,210
p06,day53/0145.jpg,827,999
p06,day53/0147.jpg,3,30
p06,day53/0154.jpg,1046,107
p06,day53/0157.jpg,802,665
p06,day53/0163.jpg,545,471
p06,day53/0164.jpg,280,749
p06,day53/0172.jpg,1076,8
p06,day54/0003.jpg,1531,723
p06,day54/0008.jpg,109,725
p06,day54/0011.jpg,126,53
p06,day54/0012.jpg,284,437
p06,day54/0016.jpg,981,897
p06,day54/0020.jpg,1668,500
p06,day54/0021.jpg,1021,978
p06,day54/0040.jpg,1046,514
p06,day54/0045.jpg,1567,177
p06,day54/0047.jpg,862,930
p06,day54/0057.jpg,652,635
p06,day54/0071.jpg,824,312
p06,day54/0072.jpg,1257,316
p06,day54/0074.jpg,1524,781
p06,day54/0095.jpg,682,25
p06,day54/0097.jpg,1003,939
p06,day54/0100.jpg,1568,157
p06,day54/0104.jpg,602,402
p06,day54/0113.jpg,868,442
p06,day54/0114.jpg,1467,229
p06,day54/0119.jpg,1379,410
p06,day54/0125.jpg,1389,43
p06,day54/0127.jpg,498,760
p06,day54/0131.jpg,904,975
p06,day54/0133.jpg,1317,404
p06,day54/0136.jpg,36,25
p06,day55/0015.jpg,599,7
p06,day55/0017.jpg,863,863
p06,day55/0024.jpg,580,253
p06,day55/0038.jpg,1462,455
p06,day56/0002.jpg,1118,307
p06,day56/0004.jpg,567,480
p06,day56/0026.jpg,1466,177
p06,day56/0033.jpg,1332,620
p06,day56/0034.jpg,94,97
p06,day56/0037.jpg,1612,574
p06,day56/0040.jpg,306,985
p06,day56/0045.jpg,173,135
p06,day56/0054.jpg,357,440
p06,day56/0055.jpg,52,84
p06,day56/0071.jpg,1345,258
p06,day56/0076.jpg,1132,285
p06,day56/0079.jpg,392,189
p06,day56/0086.jpg,10,260
p06,day56/0094.jpg,1332,297
p06,day56/0110.jpg,228,337
p06,day56/0112.jpg,533,119
p06,day56/0132.jpg,260,411
p06,day56/0134.jpg,227,599
p06,day56/0148.jpg,1636,898
p06,day56/0149.jpg,172,969
p06,day56/0154.jpg,1300,61
p06,day56/0167.jpg,1608,408
p06,day56/0170.jpg,694,377
p06,day56/0174.jpg,160,936
p06,day56/0179.jpg,295,80
p06,day56/0180.jpg,1225,967
p06,day56/0190.jpg,311,397
p06,day56/0195.jpg,1419,63
p06,day56/0206.jpg,1351,140
p06,day56/0208.jpg,65,254
p06,day56/0211.jpg,1406,179
p06,day56/0214.jpg,1405,846
p06,day56/0216.jpg,1530,848
p06,day56/0217.jpg,1214,355
p06,day56/0240.jpg,1646,146
p06,day56/0245.jpg,1373,65
p06,day56/0248.jpg,755,129
p06,day56/0250.jpg,490,564
p06,day56/0265.jpg,1202,276
p06,day56/0269.jpg,849,726
p06,day56/0272.jpg,484,1023
p06,day56/0280.jpg,1552,163
p06,day56/0287.jpg,610,378
p06,day56/0288.jpg,1189,684
p06,day56/0292.jpg,1231,837
p06,day56/0302.jpg,1435,765
p06,day56/0311.jpg,1396,223
p06,day56/0314.jpg,1642,353
p06,day56/0337.jpg,1289,662
p06,day56/0340.jpg,618,846
p06,day56/0344.jpg,255,409
p06,day56/0352.jpg,720,574
p06,day56/0369.jpg,1502,735
p06,day56/0380.jpg,1545,944
p06,day56/0382.jpg,1336,722
p06,day56/0386.jpg,132,461
p06,day56/0390.jpg,667,594
p06,day56/0391.jpg,502,647
p06,day56/0392.jpg,821,835
p06,day56/0397.jpg,266,566
p06,day56/0405.jpg,949,42
p06,day56/0407.jpg,1026,733
p06,day56/0409.jpg,152,1002
p06,day56/0414.jpg,278,325
p06,day56/0424.jpg,851,284
p06,day56/0430.jpg,309,119
p06,day56/0443.jpg,635,280
p06,day56/0445.jpg,561,1037
p06,day56/0451.jpg,813,317
p06,day56/0453.jpg,681,279
p06,day56/0460.jpg,1504,382
p06,day56/0462.jpg,625,371
p06,day56/0468.jpg,1375,1007
p06,day56/0469.jpg,284,866
p06,day56/0476.jpg,211,709
p06,day56/0481.jpg,1311,198
p06,day56/0502.jpg,675,595
p06,day56/0508.jpg,1381,270
p06,day56/0531.jpg,416,1026
p06,day56/0532.jpg,1560,508
p06,day56/0535.jpg,1511,815
p06,day56/0539.jpg,86,1001
p06,day56/0544.jpg,858,484
p06,day56/0555.jpg,1531,627
p06,day56/0562.jpg,1375,523
p06,day56/0566.jpg,710,778
p06,day56/0573.jpg,103,647
p06,day56/0601.jpg,645,596
p06,day56/0603.jpg,461,406
p06,day56/0605.jpg,766,535
p06,day56/0608.jpg,646,871
p06,day56/0611.jpg,954,452
p06,day56/0618.jpg,699,944
p06,day56/0623.jpg,25,361
p06,day56/0630.jpg,1421,832
p06,day56/0632.jpg,1533,678
p06,day56/0640.jpg,817,931
p06,day56/0645.jpg,714,464
p06,day56/0652.jpg,334,783
p06,day56/0656.jpg,1292,109
p06,day56/0658.jpg,911,243
p06,day56/0659.jpg,665,649
p06,day56/0670.jpg,52,40
p06,day56/0674.jpg,357,92
p06,day56/0688.jpg,1590,879
p06,day56/0693.jpg,1602,143
p06,day56/0699.jpg,534,954
p06,day56/0711.jpg,560,921
p06,day56/0731.jpg,891,418
p06,day57/0010.jpg,466,623
p06,day57/0015.jpg,1284,297
p06,day57/0018.jpg,1231,474
p06,day57/0021.jpg,560,504
p06,day57/0025.jpg,1563,643
p06,day57/0028.jpg,1227,735
p06,day57/0030.jpg,1632,318
p06,day57/0037.jpg,1185,186
p06,day57/0044.jpg,1553,119
p06,day57/0047.jpg,99,671
p06,day57/0054.jpg,12,372
p06,day57/0082.jpg,34,592
p06,day57/0086.jpg,1320,967
p06,day57/0087.jpg,806,736
p06,day57/0090.jpg,1161,261
p06,day57/0094.jpg,111,850
p06,day57/0100.jpg,178,896
p06,day57/0102.jpg,486,477
p06,day57/0114.jpg,290,35
p06,day57/0125.jpg,848,598
p06,day57/0126.jpg,343,691
p06,day57/0129.jpg,955,225
p06,day57/0137.jpg,216,711
p06,day57/0138.jpg,505,713
p06,day57/0142.jpg,1393,135
p06,day57/0145.jpg,595,931
p06,day57/0147.jpg,368,881
p06,day57/0152.jpg,992,121
p06,day57/0169.jpg,145,778
p06,day57/0176.jpg,58,213
p06,day57/0177.jpg,1061,373
p06,day57/0179.jpg,83,89
p06,day57/0185.jpg,750,125
p06,day57/0199.jpg,1442,754
p06,day57/0202.jpg,1362,143
p06,day57/0205.jpg,752,968
p06,day57/0210.jpg,252,140
p06,day57/0211.jpg,1188,606
p06,day57/0223.jpg,464,872
p06,day57/0233.jpg,1456,320
p06,day57/0239.jpg,1671,707
p06,day57/0249.jpg,627,39
p06,day57/0265.jpg,888,1037
p06,day57/0267.jpg,229,940
p06,day57/0274.jpg,643,563
p06,day57/0279.jpg,803,827
p06,day57/0281.jpg,840,912
p06,day57/0286.jpg,691,53
p06,day57/0289.jpg,1466,597
p06,day57/0301.jpg,1338,736
p06,day57/0304.jpg,1517,758
p06,day57/0311.jpg,238,765
p06,day57/0317.jpg,604,285
p06,day57/0318.jpg,1145,9
p06,day57/0322.jpg,1138,1031
p06,day57/0325.jpg,1291,388
p06,day57/0333.jpg,85,239
p06,day57/0334.jpg,1424,169
p06,day57/0336.jpg,1062,675
p06,day57/0337.jpg,855,82
p06,day57/0350.jpg,787,91
p06,day57/0351.jpg,1598,402
p06,day57/0354.jpg,485,206
p06,day57/0355.jpg,337,667
p06,day57/0362.jpg,566,485
p06,day57/0364.jpg,1361,970
p06,day57/0370.jpg,180,27
p06,day57/0375.jpg,960,352
p06,day57/0385.jpg,1647,980
p06,day57/0389.jpg,234,974
p06,day57/0400.jpg,1183,761
p06,day57/0412.jpg,1252,1028
p06,day57/0428.jpg,1316,453
p06,day57/0430.jpg,2,680
p06,day57/0452.jpg,1457,268
p06,day57/0466.jpg,4,142
p06,day57/0479.jpg,1254,745
p06,day57/0480.jpg,224,917
p06,day57/0486.jpg,1102,577
p06,day57/0488.jpg,712,837
p06,day57/0505.jpg,1171,223
p06,day57/0506.jpg,344,579
p06,day57/0507.jpg,319,176
p06,day57/0509.jpg,1428,225
p06,day57/0516.jpg,1032,872
p06,day57/0526.jpg,1678,111
p06,day57/0541.jpg,962,913
p06,day57/0542.jpg,50,376
p06,day57/0546.jpg,916,248
p06,day57/0552.jpg,449,812
p06,day57/0563.jpg,176,950
p06,day57/0565.jpg,1054,326
p06,day57/0569.jpg,1259,63
p06,day57/0572.jpg,478,286
p06,day57/0575.jpg,252,903
p06,day57/0579.jpg,143,442
p06,day57/0587.jpg,1301,1020
p06,day57/0588.jpg,1184,662
p06,day57/0593.jpg,874,977
p06,day57/0606.jpg,850,9
p06,day57/0613.jpg,1375,230
p06,day57/0619.jpg,381,954
p06,day57/0625.jpg,1633,370
p06,day57/0631.jpg,1660,927
p06,day57/0634.jpg,343,307
p06,day57/0637.jpg,773,695
p06,day57/0655.jpg,123,584
p06,day57/0672.jpg,1061,405
p06,day57/0678.jpg,151,895
p06,day57/0683.jpg,1545,671
p06,day57/0689.jpg,1644,462
p06,day57/0692.jpg,222,82
p06,day57/0698.jpg,1565,73
p06,day57/0705.jpg,1227,255
p06,day57/0708.jpg,1370,96
p06,day57/0737.jpg,1210,379
p06,day57/0743.jpg,111,997
p06,day57/0747.jpg,110,225
p06,day57/0749.jpg,611,406
p06,day57/0757.jpg,512,735
p06,day57/0763.jpg,704,887
p06,day57/0764.jpg,1151,381
p06,day57/0766.jpg,505,969
p06,day57/0774.jpg,1282,706
p06,day57/0781.jpg,394,298
p06,day57/0789.jpg,1249,729
p06,day57/0800.jpg,443,778
p06,day57/0806.jpg,233,625
p06,day57/0809.jpg,827,602
p06,day57/0815.jpg,412,251
p06,day57/0821.jpg,1115,8
p06,day57/0828.jpg,90,661
p06,day57/0831.jpg,891,251
p06,day57/0833.jpg,1575,351
p06,day57/0837.jpg,512,150
p06,day57/0839.jpg,1341,6
p06,day57/0842.jpg,64,702
p06,day57/0849.jpg,1421,983
p06,day57/0853.jpg,483,40
p06,day57/0866.jpg,753,970
p06,day57/0869.jpg,839,133
p06,day57/0871.jpg,362,679
p06,day57/0876.jpg,1308,693
p06,day57/0884.jpg,1516,517
p06,day57/0885.jpg,1191,196
p06,day57/0886.jpg,1667,248
p06,day57/0900.jpg,1187,333
p06,day58/0003.jpg,1541,312
p06,day58/0013.jpg,970,401
p06,day58/0016.jpg,1368,903
p06,day58/0018.jpg,332,808
p06,day58/0019.jpg,1509,905
p06,day58/0021.jpg,1036,820
p06,day58/0022.jpg,532,758
p06,day58/0024.jpg,145,9
p06,day58/0027.jpg,1087,449
p06,day58/0042.jpg,415,581
p06,day58/0057.jpg,988,259
p06,day58/0061.jpg,1295,234
p06,day58/0062.jpg,1560,108
p06,day58/0077.jpg,32,264
p06,day59/0002.jpg,1638,185
p06,day59/0010.jpg,1475,254
p06,day59/0011.jpg,595,851
p06,day59/0015.jpg,322,964
p06,day59/0021.jpg,322,579
p06,day59/0022.jpg,1653,264
p06,day59/0034.jpg,188,599
p06,day59/0037.jpg,531,407
p06,day59/0040.jpg,1184,440
p06,day59/0044.jpg,759,72
p06,day59/0048.jpg,1347,588
p06,day59/0051.jpg,559,718
p06,day59/0065.jpg,1499,534
p06,day59/0069.jpg,438,974
p06,day59/0070.jpg,38,908
p06,day59/0073.jpg,528,767
p06,day59/0084.jpg,858,956
p06,day59/0104.jpg,1104,751
p06,day59/0107.jpg,305,760
p06,day59/0111.jpg,169,320
p06,day59/0117.jpg,1045,260
p06,day59/0131.jpg,942,259
p06,day59/0145.jpg,33,780
p06,day59/0146.jpg,1195,220
p06,day59/0151.jpg,1174,85
p06,day59/0155.jpg,769,821
p06,day59/0156.jpg,1016,483
p06,day59/0162.jpg,12,432
p06,day59/0164.jpg,18,529
p06,day59/0166.jpg,65,730
p06,day59/0181.jpg,1288,863
p06,day59/0185.jpg,372,85
p06,day59/0189.jpg,726,1026
p06,day59/0193.jpg,538,991
p06,day59/0194.jpg,1582,277
p06,day59/0198.jpg,917,198
p06,day59/0203.jpg,221,76
p06,day59/0206.jpg,701,18
p06,day59/0215.jpg,745,843
p06,day59/0220.jpg,368,661
p06,day59/0222.jpg,1332,830
p06,day59/0238.jpg,550,116
p06,day59/0240.jpg,294,206
p06,day59/0242.jpg,834,139
p06,day59/0247.jpg,1463,408
p06,day59/0252.jpg,878,646
p06,day59/0253.jpg,902,377
p06,day59/0261.jpg,1064,970
p06,day59/0263.jpg,581,640
p06,day59/0268.jpg,62,663
p06,day59/0275.jpg,1516,169
p06,day59/0280.jpg,441,997
p06,day59/0287.jpg,437,440
p06,day59/0294.jpg,1508,404
p06,day59/0300.jpg,1386,436
p06,day59/0301.jpg,196,726
p06,day59/0304.jpg,742,487
p06,day59/0305.jpg,1627,927
p06,day59/0307.jpg,330,549
p06,day59/0308.jpg,465,614
p06,day59/0309.jpg,1293,457
p06,day59/0321.jpg,1414,430
p06,day59/0326.jpg,1668,495
p06,day59/0333.jpg,67,731
p06,day59/0338.jpg,1409,600
p06,day60/0003.jpg,9,863
p06,day60/0007.jpg,536,108
p06,day60/0010.jpg,265,747
p06,day60/0011.jpg,562,574
p06,day60/0024.jpg,1107,510
p06,day60/0029.jpg,728,518
p06,day60/0037.jpg,1457,711
p06,day60/0049.jpg,1415,161
p06,day60/0050.jpg,1393,480
p06,day60/0052.jpg,1161,731
p06,day60/0053.jpg,318,3
p06,day60/0055.jpg,257,580
p06,day60/0057.jpg,158,631
p06,day60/0065.jpg,662,49
p06,day60/0067.jpg,832,1014
p06,day60/0068.jpg,717,240
p06,day60/0071.jpg,1572,169
p06,day60/0075.jpg,512,573
p06,day60/0080.jpg,1021,375
p06,day60/0093.jpg,987,382
p06,day60/0097.jpg,273,287
p06,day60/0132.jpg,1061,122
p06,day60/0136.jpg,611,683
p06,day60/0138.jpg,828,6
p06,day60/0143.jpg,652,826
p06,day60/0158.jpg,966,544
p06,day60/0167.jpg,1077,751
p06,day60/0182.jpg,516,656
p06,day60/0184.jpg,863,786
p06,day60/0192.jpg,1006,241
p06,day60/0196.jpg,416,751
p06,day60/0197.jpg,495,855
p06,day60/0208.jpg,1512,603
p06,day60/0210.jpg,743,972
p06,day60/0223.jpg,1475,315
p06,day60/0224.jpg,120,930
p06,day60/0241.jpg,1004,295
p06,day60/0252.jpg,1053,484
p06,day60/0258.jpg,733,651
p06,day60/0261.jpg,1163,500
p06,day60/0266.jpg,1418,966
p06,day60/0267.jpg,183,573
p06,day60/0283.jpg,1027,733
p06,day60/0285.jpg,615,1038
p06,day60/0286.jpg,277,850
p06,day60/0290.jpg,304,69
p06,day60/0292.jpg,645,813
p06,day61/0010.jpg,74,87
p06,day61/0016.jpg,1350,725
p06,day61/0026.jpg,815,501
p06,day61/0027.jpg,1238,409
p06,day61/0030.jpg,1295,743
p06,day61/0033.jpg,526,573
p06,day61/0034.jpg,1374,636
p06,day61/0037.jpg,260,644
p06,day61/0046.jpg,203,608
p06,day61/0050.jpg,1174,40
p06,day61/0054.jpg,751,785
p06,day61/0065.jpg,1268,490
p06,day61/0079.jpg,112,946
p06,day61/0084.jpg,1624,377
p06,day61/0089.jpg,932,843
p06,day61/0095.jpg,779,316
p06,day61/0108.jpg,1035,94
p06,day61/0110.jpg,957,509
p06,day61/0116.jpg,1256,685
p06,day61/0118.jpg,560,874
p06,day61/0123.jpg,1620,713
p06,day61/0128.jpg,926,642
p06,day61/0129.jpg,468,934
p06,day61/0135.jpg,1450,624
p06,day61/0164.jpg,1567,382
p06,day61/0181.jpg,441,466
p06,day61/0184.jpg,518,926
p06,day61/0187.jpg,432,401
p06,day61/0191.jpg,158,955
p06,day61/0193.jpg,857,475
p06,day61/0204.jpg,184,903
p06,day61/0211.jpg,874,94
p06,day61/0226.jpg,1285,962
p06,day61/0230.jpg,999,515
p06,day61/0234.jpg,1034,522
p06,day61/0240.jpg,1658,681
p06,day61/0242.jpg,1369,717
p06,day61/0287.jpg,1324,122
p06,day61/0292.jpg,1236,637
p06,day61/0294.jpg,1241,667
p06,day61/0311.jpg,435,255
p06,day61/0316.jpg,480,572
p06,day61/0321.jpg,697,388
p06,day61/0327.jpg,661,620
p06,day61/0343.jpg,1650,844
p06,day61/0344.jpg,187,209
p06,day61/0366.jpg,713,432
p06,day61/0377.jpg,556,545
p06,day61/0382.jpg,668,926
p06,day61/0384.jpg,250,464
p06,day61/0393.jpg,1118,983
p06,day61/0411.jpg,929,575
p06,day61/0413.jpg,695,644
p06,day61/0417.jpg,200,784
p06,day61/0422.jpg,1534,455
p06,day61/0427.jpg,664,842
p06,day61/0430.jpg,327,265
p06,day61/0431.jpg,158,59
p06,day61/0432.jpg,442,117
p06,day61/0443.jpg,1160,958
p06,day61/0447.jpg,996,902
p06,day61/0448.jpg,103,282
p06,day61/0465.jpg,1086,764
p06,day61/0470.jpg,686,413
p06,day61/0473.jpg,211,643
p06,day61/0474.jpg,1022,311
p06,day61/0475.jpg,889,778
p06,day61/0482.jpg,896,721
p06,day61/0485.jpg,1286,772
p06,day61/0491.jpg,106,807
p06,day61/0504.jpg,360,937
p06,day61/0508.jpg,313,950
p06,day61/0511.jpg,1161,721
p06,day61/0513.jpg,1412,885
p06,day61/0517.jpg,17,205
p06,day61/0518.jpg,357,910
p06,day61/0521.jpg,1,217
p06,day61/0542.jpg,467,168
p06,day61/0543.jpg,387,708
p06,day61/0560.jpg,956,520
p06,day61/0565.jpg,691,114
p06,day61/0569.jpg,1459,323
p06,day61/0575.jpg,1371,878
p06,day61/0580.jpg,1243,34
p06,day61/0585.jpg,1120,712
p06,day61/0586.jpg,1044,1015
p06,day61/0593.jpg,1625,115
p06,day61/0614.jpg,719,606
p06,day61/0619.jpg,1600,281
p06,day61/0634.jpg,1528,862
p06,day61/0636.jpg,1641,238
p06,day61/0641.jpg,1357,62
p06,day61/0645.jpg,278,820
p06,day61/0680.jpg,1401,151
p06,day61/0683.jpg,1478,993
p06,day61/0696.jpg,1155,4
p06,day61/0697.jpg,41,195
p06,day61/0704.jpg,848,294
p06,day61/0708.jpg,465,11
p06,day61/0710.jpg,360,761
p06,day61/0713.jpg,1416,121
p06,day61/0714.jpg,1286,526
p06,day61/0717.jpg,1321,911
p06,day61/0720.jpg,1048,302
p06,day61/0737.jpg,1408,9
p06,day61/0739.jpg,1563,611
p06,day61/0745.jpg,50,218
p06,day61/0752.jpg,642,882
p06,day61/0753.jpg,523,968
p06,day61/0755.jpg,1597,218
p06,day61/0762.jpg,344,940
p06,day61/0764.jpg,982,758
p06,day61/0771.jpg,1072,374
p06,day61/0781.jpg,1486,514
p06,day61/0782.jpg,992,838
p06,day61/0783.jpg,475,235
p06,day61/0787.jpg,555,362
p06,day61/0789.jpg,1649,38
p06,day61/0790.jpg,1262,374
p06,day61/0791.jpg,1371,1037
p06,day61/0797.jpg,1097,796
p06,day61/0799.jpg,412,714
p06,day61/0801.jpg,855,123
p06,day61/0802.jpg,1392,1024
p06,day61/0806.jpg,351,426
p06,day61/0823.jpg,810,748
p06,day61/0849.jpg,665,853
p06,day61/0852.jpg,1260,964
p06,day61/0853.jpg,760,174
p06,day61/0856.jpg,233,715
p06,day61/0863.jpg,302,219
p06,day61/0870.jpg,519,197
p06,day61/0882.jpg,421,561
p06,day61/0886.jpg,171,534
p06,day61/0887.jpg,590,348
p06,day61/0896.jpg,1354,822
p06,day61/0903.jpg,194,726
p06,day61/0915.jpg,1504,87
p06,day61/0916.jpg,688,352
p06,day61/0920.jpg,1440,96
p06,day61/0921.jpg,1009,800
p06,day61/0924.jpg,461,583
p06,day61/0925.jpg,294,653
p06,day61/0930.jpg,1572,72
p06,day61/0933.jpg,1376,662
p06,day61/0937.jpg,811,822
p06,day61/0959.jpg,311,725
p06,day61/0969.jpg,507,581
p06,day61/0970.jpg,51,22
p06,day61/0971.jpg,1212,189
p06,day61/0978.jpg,252,426
p06,day61/0981.jpg,950,1030
p06,day61/0982.jpg,841,224
p06,day61/1001.jpg,1318,678
p06,day61/1005.jpg,1242,1032
p06,day61/1009.jpg,813,370
p06,day61/1011.jpg,347,753
p06,day61/1018.jpg,262,443
p06,day62/0012.jpg,801,245
p06,day62/0014.jpg,975,76
p06,day62/0016.jpg,206,563
p06,day62/0018.jpg,355,469
p06,day62/0033.jpg,344,793
p06,day62/0039.jpg,309,1039
p06,day62/0042.jpg,1325,902
p06,day62/0044.jpg,1164,775
p06,day62/0053.jpg,986,881
p06,day62/0055.jpg,344,439
p06,day62/0057.jpg,1525,834
p06,day62/0059.jpg,1427,905
p06,day62/0061.jpg,1337,707
p06,day62/0067.jpg,45,97
p06,day62/0083.jpg,647,749
p06,day62/0091.jpg,1333,844
p06,day62/0092.jpg,824,550
p06,day62/0097.jpg,292,11
p06,day62/0115.jpg,62,63
p06,day62/0128.jpg,144,791
p06,day62/0130.jpg,878,730
p06,day62/0138.jpg,1223,963
p06,day62/0147.jpg,726,648
p06,day62/0155.jpg,273,779
p06,day62/0172.jpg,1279,128
p06,day62/0173.jpg,739,177
p06,day62/0175.jpg,756,168
p06,day62/0177.jpg,659,151
p06,day62/0179.jpg,217,950
p06,day62/0184.jpg,871,165
p06,day62/0185.jpg,335,947
p06,day62/0188.jpg,1258,19
p06,day62/0192.jpg,129,456
p07,day01/0003.jpg,178,498
p07,day01/0005.jpg,468,557
p07,day01/0008.jpg,193,383
p07,day01/0011.jpg,489,534
p07,day01/0021.jpg,303,724
p07,day01/0025.jpg,913,169
p07,day01/0028.jpg,693,239
p07,day01/0044.jpg,1128,173
p07,day01/0050.jpg,1001,396
p07,day01/0052.jpg,715,389
p07,day01/0070.jpg,105,345
p07,day01/0072.jpg,258,610
p07,day01/0077.jpg,956,759
p07,day01/0087.jpg,1224,191
p07,day01/0089.jpg,192,594
p07,day01/0095.jpg,1084,865
p07,day01/0096.jpg,49,336
p07,day01/0097.jpg,1248,703
p07,day02/0003.jpg,938,418
p07,day02/0006.jpg,1443,9
p07,day02/0010.jpg,1321,306
p07,day02/0011.jpg,927,954
p07,day02/0016.jpg,1340,313
p07,day02/0034.jpg,216,109
p07,day02/0036.jpg,1402,1050
p07,day02/0037.jpg,153,192
p07,day02/0039.jpg,1615,323
p07,day02/0040.jpg,1376,992
p07,day02/0042.jpg,593,1033
p07,day02/0065.jpg,633,497
p07,day02/0067.jpg,586,503
p07,day02/0070.jpg,1141,305
p07,day02/0071.jpg,808,711
p07,day02/0075.jpg,325,75
p07,day02/0079.jpg,741,310
p07,day02/0080.jpg,645,991
p07,day02/0090.jpg,1568,851
p07,day02/0092.jpg,1698,172
p07,day02/0094.jpg,1196,768
p07,day02/0097.jpg,1469,58
p07,day02/0098.jpg,1506,119
p07,day02/0100.jpg,170,160
p07,day03/0003.jpg,1041,94
p07,day03/0004.jpg,101,790
p07,day03/0014.jpg,97,41
p07,day03/0016.jpg,808,498
p07,day03/0019.jpg,573,282
p07,day03/0021.jpg,811,277
p07,day03/0032.jpg,800,413
p07,day03/0061.jpg,1149,55
p07,day03/0076.jpg,76,208
p07,day03/0079.jpg,825,190
p07,day03/0096.jpg,836,596
p07,day03/0103.jpg,439,750
p07,day03/0105.jpg,87,314
p07,day03/0110.jpg,329,255
p07,day03/0115.jpg,526,511
p07,day03/0122.jpg,23,440
p07,day03/0136.jpg,1319,604
p07,day03/0138.jpg,694,594
p07,day03/0140.jpg,1155,208
p07,day03/0146.jpg,311,7
p07,day03/0147.jpg,957,137
p07,day03/0150.jpg,747,51
p07,day03/0160.jpg,441,249
p07,day03/0165.jpg,334,891
p07,day03/0170.jpg,517,180
p07,day03/0172.jpg,879,491
p07,day03/0174.jpg,787,526
p07,day03/0175.jpg,891,432
p07,day03/0177.jpg,1169,502
p07,day03/0179.jpg,413,65
p07,day03/0181.jpg,33,650
p07,day03/0184.jpg,1281,344
p07,day03/0196.jpg,40,109
p07,day03/0198.jpg,750,401
p07,day03/0206.jpg,902,318
p07,day03/0217.jpg,1064,765
p07,day03/0219.jpg,1384,29
p07,day03/0223.jpg,1424,324
p07,day03/0228.jpg,1085,230
p07,day03/0231.jpg,1403,705
p07,day03/0232.jpg,614,570
p07,day03/0234.jpg,759,499
p07,day03/0243.jpg,62,544
p07,day03/0244.jpg,714,888
p07,day03/0245.jpg,959,712
p07,day03/0252.jpg,293,454
p07,day03/0257.jpg,167,311
p07,day03/0259.jpg,127,467
p07,day03/0266.jpg,914,449
p07,day03/0279.jpg,838,398
p07,day03/0288.jpg,1300,110
p07,day03/0295.jpg,631,69
p07,day03/0300.jpg,395,128
p07,day03/0301.jpg,449,301
p07,day03/0305.jpg,752,801
p07,day03/0306.jpg,83,36
p07,day03/0312.jpg,680,503
p07,day03/0318.jpg,20,379
p07,day03/0328.jpg,1159,37
p07,day03/0334.jpg,923,652
p07,day03/0337.jpg,617,824
p07,day03/0343.jpg,238,295
p07,day03/0354.jpg,879,383
p07,day03/0356.jpg,198,423
p07,day03/0360.jpg,20,58
p07,day03/0365.jpg,431,545
p07,day03/0367.jpg,478,114
p07,day03/0368.jpg,61,785
p07,day03/0370.jpg,732,292
p07,day03/0371.jpg,576,185
p07,day03/0374.jpg,709,823
p07,day03/0378.jpg,193,700
p07,day03/0384.jpg,502,669
p07,day03/0388.jpg,1332,490
p07,day03/0389.jpg,105,259
p07,day03/0391.jpg,439,782
p07,day03/0397.jpg,1310,446
p07,day03/0402.jpg,436,777
p07,day03/0403.jpg,764,207
p07,day03/0412.jpg,9,810
p07,day03/0413.jpg,442,363
p07,day03/0416.jpg,1267,18
p07,day03/0420.jpg,623,691
p07,day03/0426.jpg,524,586
p07,day03/0427.jpg,720,145
p07,day03/0435.jpg,109,355
p07,day03/0439.jpg,58,782
p07,day03/0440.jpg,1067,152
p07,day03/0441.jpg,50,629
p07,day03/0445.jpg,932,801
p07,day03/0448.jpg,450,158
p07,day03/0455.jpg,674,287
p07,day03/0457.jpg,1115,369
p07,day03/0463.jpg,905,219
p07,day03/0466.jpg,1158,334
p07,day03/0469.jpg,1394,345
p07,day03/0472.jpg,311,230
p07,day03/0473.jpg,1146,334
p07,day03/0475.jpg,121,285
p07,day04/0002.jpg,499,271
p07,day04/0007.jpg,368,624
p07,day04/0009.jpg,476,790
p07,day04/0013.jpg,55,224
p07,day04/0015.jpg,118,315
p07,day04/0016.jpg,831,403
p07,day04/0017.jpg,227,161
p07,day04/0018.jpg,354,223
p07,day04/0020.jpg,270,90
p07,day04/0024.jpg,1136,111
p07,day04/0025.jpg,1033,624
p07,day04/0033.jpg,995,89
p07,day04/0036.jpg,44,897
p07,day04/0037.jpg,822,110
p07,day04/0048.jpg,85,88
p07,day04/0056.jpg,1158,206
p07,day04/0057.jpg,914,113
p07,day04/0060.jpg,399,637
p07,day04/0063.jpg,149,593
p07,day04/0066.jpg,1263,563
p07,day04/0076.jpg,854,219
p07,day04/0085.jpg,1010,273
p07,day04/0087.jpg,486,546
p07,day04/0088.jpg,173,401
p07,day04/0094.jpg,618,358
p07,day04/0098.jpg,630,229
p07,day04/0119.jpg,1300,709
p07,day04/0127.jpg,524,105
p07,day04/0138.jpg,1013,365
p07,day04/0144.jpg,367,353
p07,day04/0148.jpg,1148,484
p07,day04/0149.jpg,71,232
p07,day04/0151.jpg,480,673
p07,day04/0160.jpg,1002,49
p07,day04/0161.jpg,178,807
p07,day04/0162.jpg,1037,558
p07,day04/0164.jpg,1104,345
p07,day04/0176.jpg,1362,618
p07,day04/0177.jpg,1360,144
p07,day04/0183.jpg,550,514
p07,day04/0195.jpg,648,59
p07,day04/0199.jpg,1300,842
p07,day04/0205.jpg,119,629
p07,day04/0208.jpg,584,454
p07,day04/0209.jpg,983,728
p07,day04/0214.jpg,289,879
p07,day04/0218.jpg,944,456
p07,day04/0219.jpg,1015,78
p07,day04/0222.jpg,52,519
p07,day04/0223.jpg,1300,133
p07,day04/0244.jpg,400,625
p07,day04/0248.jpg,200,848
p07,day04/0249.jpg,539,459
p07,day04/0250.jpg,985,789
p07,day04/0269.jpg,1435,622
p07,day04/0274.jpg,870,327
p07,day04/0287.jpg,510,310
p07,day04/0288.jpg,961,493
p07,day04/0293.jpg,1396,482
p07,day04/0294.jpg,31,343
p07,day04/0299.jpg,1432,377
p07,day04/0302.jpg,847,213
p07,day04/0333.jpg,94,335
p07,day04/0357.jpg,386,803
p07,day04/0363.jpg,1605,993
p07,day04/0369.jpg,1460,283
p07,day04/0377.jpg,1807,1028
p07,day04/0378.jpg,988,121
p07,day04/0380.jpg,1395,837
p07,day04/0396.jpg,1640,959
p07,day04/0397.jpg,757,199
p07,day04/0404.jpg,357,707
p07,day04/0405.jpg,770,291
p07,day04/0407.jpg,1383,480
p07,day04/0408.jpg,312,879
p07,day04/0414.jpg,1716,428
p07,day04/0415.jpg,841,895
p07,day04/0424.jpg,1145,769
p07,day04/0434.jpg,1100,215
p07,day04/0436.jpg,847,121
p07,day04/0437.jpg,592,1042
p07,day04/0459.jpg,20,76
p07,day05/0007.jpg,1368,249
p07,day05/0009.jpg,331,498
p07,day05/0019.jpg,197,384
p07,day05/0022.jpg,907,501
p07,day05/0039.jpg,646,637
p07,day05/0042.jpg,1020,531
p07,day05/0051.jpg,668,771
p07,day05/0054.jpg,954,596
p07,day05/0057.jpg,1202,529
p07,day05/0060.jpg,1414,678
p07,day05/0065.jpg,1436,1
p07,day05/0069.jpg,761,793
p07,day05/0087.jpg,719,118
p07,day05/0090.jpg,261,643
p07,day05/0093.jpg,1013,844
p07,day05/0095.jpg,855,363
p07,day05/0100.jpg,971,445
p07,day05/0108.jpg,496,721
p07,day05/0109.jpg,1227,723
p07,day05/0112.jpg,550,327
p07,day05/0116.jpg,580,790
p07,day05/0118.jpg,691,180
p07,day06/0012.jpg,1509,49
p07,day06/0019.jpg,274,650
p07,day06/0037.jpg,1261,208
p07,day06/0042.jpg,1196,892
p07,day06/0047.jpg,619,382
p07,day06/0053.jpg,466,387
p07,day06/0055.jpg,1724,1042
p07,day06/0062.jpg,15,476
p07,day06/0063.jpg,584,151
p07,day06/0065.jpg,1313,958
p07,day06/0072.jpg,488,115
p07,day06/0080.jpg,1698,685
p07,day06/0085.jpg,1034,559
p07,day06/0092.jpg,1374,355
p07,day06/0094.jpg,747,708
p07,day06/0111.jpg,1160,432
p07,day06/0116.jpg,844,19
p07,day06/0117.jpg,1052,946
p07,day06/0127.jpg,520,501
p07,day06/0130.jpg,1848,160
p07,day06/0132.jpg,1286,665
p07,day06/0136.jpg,1398,60
p07,day06/0141.jpg,83,801
p07,day06/0143.jpg,1122,373
p07,day06/0148.jpg,711,726
p07,day06/0156.jpg,1899,15
p07,day06/0159.jpg,1738,485
p07,day06/0166.jpg,1225,1
p07,day06/0168.jpg,441,336
p07,day06/0169.jpg,1767,556
p07,day06/0180.jpg,388,1050
p07,day06/0184.jpg,87,225
p07,day06/0191.jpg,88,254
p07,day06/0199.jpg,621,164
p07,day06/0206.jpg,829,716
p07,day06/0209.jpg,1826,790
p07,day06/0210.jpg,508,414
p07,day06/0214.jpg,434,43
p07,day06/0221.jpg,546,179
p07,day06/0225.jpg,786,277
p07,day06/0228.jpg,1369,135
p07,day06/0233.jpg,947,254
p07,day06/0237.jpg,1370,315
p07,day06/0246.jpg,673,66
p07,day06/0249.jpg,1306,896
p07,day06/0250.jpg,1700,870
p07,day06/0256.jpg,794,35
p07,day06/0258.jpg,1866,482
p07,day06/0263.jpg,1127,356
p07,day06/0279.jpg,1680,738
p07,day06/0280.jpg,591,1078
p07,day06/0284.jpg,560,110
p07,day06/0289.jpg,1224,847
p07,day06/0292.jpg,219,519
p07,day06/0299.jpg,452,287
p07,day06/0303.jpg,1444,443
p07,day06/0307.jpg,1143,413
p07,day07/0004.jpg,696,137
p07,day07/0006.jpg,1814,266
p07,day07/0007.jpg,21,543
p07,day07/0010.jpg,514,919
p07,day07/0020.jpg,573,175
p07,day07/0029.jpg,1857,887
p07,day07/0030.jpg,516,508
p07,day07/0033.jpg,1106,473
p07,day07/0034.jpg,1297,974
p07,day07/0036.jpg,467,958
p07,day07/0038.jpg,639,322
p07,day07/0041.jpg,1387,208
p07,day07/0045.jpg,603,875
p07,day07/0052.jpg,1209,476
p07,day07/0060.jpg,543,879
p07,day07/0069.jpg,1057,684
p07,day07/0071.jpg,927,351
p07,day07/0072.jpg,1144,302
p07,day07/0079.jpg,251,213
p07,day07/0080.jpg,705,33
p07,day07/0084.jpg,369,377
p07,day07/0093.jpg,141,430
p07,day07/0096.jpg,970,820
p07,day07/0097.jpg,1312,154
p07,day08/0001.jpg,734,183
p07,day08/0014.jpg,372,792
p07,day08/0015.jpg,45,406
p07,day08/0025.jpg,195,596
p07,day08/0029.jpg,215,676
p07,day08/0036.jpg,1406,77
p07,day08/0044.jpg,30,490
p07,day08/0045.jpg,1366,686
p07,day08/0046.jpg,528,792
p07,day08/0048.jpg,731,41
p07,day08/0049.jpg,481,627
p07,day08/0054.jpg,531,161
p07,day08/0055.jpg,217,539
p07,day08/0066.jpg,9,746
p07,day08/0075.jpg,433,660
p07,day08/0079.jpg,727,98
p07,day08/0083.jpg,1134,384
p07,day08/0084.jpg,413,376
p07,day08/0085.jpg,567,111
p07,day08/0088.jpg,163,562
p07,day08/0092.jpg,1401,387
p07,day08/0097.jpg,100,644
p07,day08/0100.jpg,1371,354
p07,day08/0102.jpg,863,244
p07,day08/0117.jpg,1205,154
p07,day08/0134.jpg,1026,844
p07,day08/0137.jpg,1411,585
p07,day08/0141.jpg,48,297
p07,day08/0147.jpg,456,304
p07,day08/0156.jpg,152,411
p07,day08/0157.jpg,269,649
p07,day09/0004.jpg,241,294
p07,day09/0006.jpg,204,58
p07,day09/0009.jpg,1235,889
p07,day09/0013.jpg,452,103
p07,day09/0027.jpg,337,103
p07,day09/0029.jpg,680,235
p07,day09/0042.jpg,692,808
p07,day09/0043.jpg,648,39
p07,day09/0048.jpg,858,437
p07,day09/0051.jpg,1209,354
p07,day09/0060.jpg,324,2
p07,day09/0064.jpg,117,840
p07,day09/0073.jpg,1378,664
p07,day09/0075.jpg,1329,399
p07,day09/0082.jpg,365,607
p07,day09/0083.jpg,715,720
p07,day09/0084.jpg,1132,591
p07,day09/0101.jpg,123,795
p07,day09/0118.jpg,599,541
p07,day09/0122.jpg,837,325
p07,day09/0128.jpg,235,783
p07,day09/0132.jpg,1217,244
p07,day09/0138.jpg,1434,399
p07,day09/0142.jpg,1400,255
p07,day09/0148.jpg,8,548
p07,day09/0153.jpg,491,770
p07,day09/0154.jpg,942,499
p07,day09/0165.jpg,1078,295
p07,day09/0167.jpg,185,356
p07,day09/0170.jpg,49,366
p07,day09/0179.jpg,1274,848
p07,day09/0180.jpg,318,368
p07,day09/0188.jpg,1395,313
p07,day09/0191.jpg,952,395
p07,day09/0193.jpg,1326,811
p07,day09/0199.jpg,514,111
p07,day09/0201.jpg,239,736
p07,day09/0206.jpg,212,772
p07,day09/0209.jpg,1417,110
p07,day09/0213.jpg,15,199
p07,day09/0223.jpg,989,514
p07,day09/0228.jpg,722,375
p07,day09/0231.jpg,477,408
p07,day09/0241.jpg,159,415
p07,day09/0242.jpg,979,236
p07,day09/0249.jpg,372,636
p07,day09/0251.jpg,460,70
p07,day09/0254.jpg,118,323
p07,day09/0257.jpg,1137,144
p07,day09/0260.jpg,1134,414
p07,day09/0267.jpg,83,468
p07,day09/0274.jpg,253,859
p07,day09/0275.jpg,923,711
p07,day09/0277.jpg,1435,693
p07,day09/0280.jpg,1384,511
p07,day09/0284.jpg,1201,446
p07,day09/0293.jpg,658,39
p07,day09/0295.jpg,1080,658
p07,day09/0297.jpg,698,834
p07,day09/0303.jpg,818,299
p07,day09/0304.jpg,616,763
p07,day09/0310.jpg,971,261
p07,day09/0312.jpg,21,601
p07,day09/0313.jpg,274,95
p07,day09/0323.jpg,1241,35
p07,day09/0326.jpg,30,239
p07,day09/0327.jpg,986,352
p07,day09/0333.jpg,1276,705
p07,day09/0338.jpg,603,83
p07,day09/0339.jpg,222,603
p07,day09/0343.jpg,840,843
p07,day09/0344.jpg,1313,178
p07,day09/0354.jpg,252,443
p07,day09/0362.jpg,253,702
p07,day09/0365.jpg,402,544
p07,day09/0371.jpg,339,813
p07,day09/0376.jpg,1050,856
p07,day09/0379.jpg,503,721
p07,day09/0380.jpg,165,465
p07,day09/0382.jpg,1252,279
p07,day09/0385.jpg,319,380
p07,day09/0403.jpg,914,474
p07,day09/0407.jpg,1330,895
p07,day09/0410.jpg,1057,183
p07,day09/0412.jpg,706,401
p07,day09/0415.jpg,156,48
p07,day09/0416.jpg,108,449
p07,day09/0419.jpg,567,167
p07,day09/0420.jpg,435,867
p07,day09/0423.jpg,591,253
p07,day09/0424.jpg,1402,896
p07,day09/0440.jpg,621,745
p07,day09/0447.jpg,888,372
p07,day09/0458.jpg,121,756
p07,day09/0466.jpg,408,247
p07,day09/0476.jpg,249,827
p07,day09/0479.jpg,623,627
p07,day09/0487.jpg,843,430
p07,day09/0497.jpg,106,193
p07,day09/0503.jpg,801,340
p07,day09/0507.jpg,493,431
p07,day10/0001.jpg,1255,485
p07,day10/0004.jpg,773,533
p07,day10/0005.jpg,459,242
p07,day10/0007.jpg,242,200
p07,day10/0008.jpg,423,312
p07,day10/0013.jpg,849,880
p07,day10/0025.jpg,392,303
p07,day10/0031.jpg,289,5
p07,day10/0032.jpg,128,120
p07,day10/0034.jpg,98,120
p07,day10/0037.jpg,314,647
p07,day10/0043.jpg,1188,713
p07,day10/0046.jpg,441,173
p07,day10/0047.jpg,1360,667
p07,day10/0057.jpg,327,864
p07,day10/0058.jpg,18,280
p07,day10/0061.jpg,586,1
p07,day10/0063.jpg,1301,743
p07,day10/0067.jpg,68,595
p07,day10/0088.jpg,752,61
p07,day10/0095.jpg,1271,155
p07,day10/0099.jpg,1065,689
p07,day10/0103.jpg,498,439
p07,day10/0105.jpg,946,3
p07,day10/0110.jpg,688,129
p07,day10/0117.jpg,322,110
p07,day10/0120.jpg,1137,189
p07,day10/0125.jpg,553,544
p07,day10/0126.jpg,864,860
p07,day10/0128.jpg,871,52
p07,day10/0129.jpg,142,144
p07,day10/0130.jpg,472,713
p07,day10/0139.jpg,525,807
p07,day10/0141.jpg,1049,453
p07,day10/0149.jpg,256,397
p07,day10/0156.jpg,772,217
p07,day10/0157.jpg,853,294
p07,day11/0005.jpg,1659,336
p07,day11/0006.jpg,443,380
p07,day11/0010.jpg,854,905
p07,day11/0015.jpg,1606,835
p07,day11/0018.jpg,1823,501
p07,day11/0023.jpg,1795,406
p07,day11/0024.jpg,1424,207
p07,day11/0030.jpg,936,566
p07,day11/0033.jpg,226,387
p07,day11/0035.jpg,960,964
p07,day11/0042.jpg,1419,740
p07,day11/0047.jpg,1133,977
p07,day11/0049.jpg,293,432
p07,day11/0052.jpg,948,285
p07,day11/0058.jpg,1051,611
p07,day11/0062.jpg,1663,805
p07,day11/0071.jpg,95,425
p07,day11/0073.jpg,1227,403
p07,day11/0074.jpg,128,368
p07,day11/0089.jpg,1555,797
p07,day11/0090.jpg,914,822
p07,day11/0091.jpg,1481,729
p07,day11/0093.jpg,1451,146
p07,day11/0094.jpg,1658,64
p07,day11/0097.jpg,73,721
p07,day11/0098.jpg,1197,608
p07,day11/0107.jpg,491,448
p07,day11/0108.jpg,1349,608
p07,day11/0109.jpg,1827,507
p07,day11/0120.jpg,1044,123
p07,day11/0126.jpg,291,398
p07,day11/0127.jpg,816,401
p07,day11/0145.jpg,1373,1024
p07,day11/0148.jpg,1537,897
p07,day11/0154.jpg,1293,3
p07,day11/0157.jpg,1330,457
p07,day12/0007.jpg,363,879
p07,day12/0018.jpg,139,888
p07,day12/0030.jpg,298,638
p07,day12/0035.jpg,911,19
p07,day12/0042.jpg,842,31
p07,day12/0043.jpg,1338,730
p07,day12/0067.jpg,257,343
p07,day12/0073.jpg,557,501
p07,day12/0075.jpg,1285,720
p07,day12/0086.jpg,177,176
p07,day12/0091.jpg,705,589
p07,day12/0093.jpg,1224,659
p07,day12/0095.jpg,1365,222
p07,day12/0096.jpg,914,523
p07,day12/0100.jpg,1079,353
p07,day12/0102.jpg,582,778
p07,day12/0105.jpg,743,762
p07,day12/0109.jpg,788,724
p07,day12/0113.jpg,1109,1
p07,day12/0136.jpg,779,289
p07,day12/0138.jpg,1398,826
p07,day12/0139.jpg,1058,778
p07,day12/0143.jpg,771,635
p07,day12/0145.jpg,1428,832
p07,day12/0153.jpg,1454,499
p07,day12/0155.jpg,1315,244
p07,day12/0156.jpg,1359,117
p07,day12/0163.jpg,1716,967
p07,day12/0167.jpg,617,966
p07,day12/0178.jpg,1262,580
p07,day12/0180.jpg,1354,478
p07,day12/0186.jpg,566,488
p07,day12/0187.jpg,1691,654
p07,day12/0198.jpg,1798,1012
p07,day12/0202.jpg,1519,871
p07,day12/0207.jpg,1267,259
p07,day12/0212.jpg,897,737
p07,day12/0213.jpg,1876,424
p07,day12/0214.jpg,923,800
p07,day12/0218.jpg,1496,556
p07,day12/0219.jpg,350,443
p07,day12/0220.jpg,1618,158
p07,day12/0226.jpg,140,998
p07,day12/0230.jpg,138,300
p07,day12/0237.jpg,664,428
p07,day12/0244.jpg,1017,772
p07,day12/0245.jpg,35,512
p07,day12/0262.jpg,129,673
p07,day12/0271.jpg,647,192
p07,day12/0272.jpg,1313,706
p07,day12/0276.jpg,285,727
p07,day12/0282.jpg,1856,179
p07,day12/0287.jpg,158,835
p07,day12/0289.jpg,1640,511
p07,day12/0298.jpg,394,418
p07,day12/0309.jpg,623,432
p07,day12/0310.jpg,1720,308
p07,day12/0311.jpg,838,778
p07,day12/0321.jpg,1110,463
p07,day12/0326.jpg,327,827
p07,day12/0328.jpg,132,331
p07,day12/0333.jpg,159,717
p07,day12/0335.jpg,669,532
p07,day12/0350.jpg,1274,440
p07,day12/0351.jpg,1536,364
p07,day12/0353.jpg,1611,112
p07,day12/0354.jpg,800,817
p07,day12/0366.jpg,334,462
p07,day12/0369.jpg,1456,665
p07,day12/0372.jpg,1622,337
p07,day12/0373.jpg,1514,422
p07,day12/0382.jpg,1906,927
p07,day12/0389.jpg,1512,10
p07,day12/0390.jpg,1315,717
p07,day12/0391.jpg,1262,293
p07,day12/0407.jpg,147,192
p07,day12/0420.jpg,137,618
p07,day12/0424.jpg,1530,99
p07,day12/0431.jpg,1620,100
p07,day12/0435.jpg,67,721
p07,day12/0442.jpg,140,266
p07,day12/0450.jpg,936,765
p07,day12/0458.jpg,1320,434
p07,day12/0470.jpg,338,307
p07,day12/0472.jpg,1827,1063
p07,day12/0474.jpg,1645,934
p07,day12/0493.jpg,131,526
p07,day12/0497.jpg,889,925
p07,day12/0505.jpg,618,1035
p07,day12/0506.jpg,404,986
p07,day12/0507.jpg,553,630
p07,day12/0518.jpg,22,780
p07,day12/0526.jpg,1247,359
p07,day12/0527.jpg,171,14
p07,day12/0531.jpg,513,90
p07,day12/0543.jpg,1292,45
p07,day12/0551.jpg,131,57
p07,day12/0554.jpg,180,910
p07,day13/0009.jpg,1777,192
p07,day13/0010.jpg,497,259
p07,day13/0030.jpg,1850,846
p07,day13/0031.jpg,1168,477
p07,day13/0036.jpg,1513,470
p07,day13/0046.jpg,1308,779
p07,day13/0054.jpg,40,389
p07,day13/0058.jpg,591,278
p07,day13/0061.jpg,1844,286
p07,day13/0063.jpg,559,661
p07,day13/0064.jpg,1155,753
p07,day13/0068.jpg,1287,477
p07,day13/0072.jpg,1570,701
p07,day14/0007.jpg,418,285
p07,day14/0009.jpg,1410,115
p07,day14/0012.jpg,1220,21
p07,day14/0017.jpg,454,514
p07,day14/0020.jpg,589,874
p07,day14/0027.jpg,661,636
p07,day14/0039.jpg,1558,839
p07,day14/0041.jpg,1254,169
p07,day14/0042.jpg,70,174
p07,day14/0043.jpg,1041,685
p07,day14/0044.jpg,1355,174
p07,day14/0047.jpg,447,840
p07,day14/0049.jpg,1733,664
p07,day14/0052.jpg,842,1041
p07,day14/0054.jpg,1796,813
p07,day14/0055.jpg,1275,134
p07,day14/0056.jpg,558,644
p07,day14/0060.jpg,1493,797
p07,day14/0061.jpg,1083,809
p07,day14/0063.jpg,1301,528
p07,day14/0064.jpg,1507,168
p07,day14/0072.jpg,1392,381
p07,day14/0078.jpg,726,921
p07,day14/0095.jpg,606,551
p07,day14/0098.jpg,975,816
p07,day14/0115.jpg,179,65
p07,day14/0116.jpg,1620,500
p07,day15/0007.jpg,737,910
p07,day15/0008.jpg,864,760
p07,day15/0028.jpg,292,1016
p07,day15/0041.jpg,1803,1041
p07,day15/0043.jpg,1664,870
p07,day15/0053.jpg,509,62
p07,day15/0055.jpg,248,130
p07,day15/0063.jpg,366,745
p07,day15/0070.jpg,412,839
p07,day15/0073.jpg,267,427
p07,day15/0077.jpg,1704,946
p07,day15/0081.jpg,504,140
p07,day15/0082.jpg,964,976
p07,day15/0092.jpg,1357,401
p07,day15/0093.jpg,1569,181
p07,day15/0094.jpg,1546,364
p07,day15/0095.jpg,230,343
p07,day15/0098.jpg,921,417
p07,day15/0110.jpg,900,570
p07,day15/0121.jpg,546,450
p07,day15/0138.jpg,154,562
p07,day15/0140.jpg,1614,775
p07,day15/0142.jpg,1118,1013
p07,day15/0148.jpg,639,577
p07,day15/0154.jpg,133,504
p07,day15/0156.jpg,252,180
p07,day15/0164.jpg,1778,669
p07,day15/0167.jpg,1364,171
p07,day15/0180.jpg,1897,264
p07,day15/0183.jpg,1810,779
p07,day15/0192.jpg,126,863
p07,day15/0206.jpg,974,822
p07,day15/0213.jpg,1247,38
p07,day15/0215.jpg,1281,1014
p07,day15/0220.jpg,1453,101
p07,day15/0222.jpg,446,647
p07,day15/0223.jpg,1163,752
p07,day15/0226.jpg,852,172
p07,day15/0238.jpg,1221,529
p07,day15/0240.jpg,48,138
p07,day15/0241.jpg,552,332
p07,day15/0244.jpg,1896,610
p07,day15/0257.jpg,1831,181
p07,day15/0258.jpg,1308,24
p07,day15/0260.jpg,971,903
p07,day15/0262.jpg,1422,631
p07,day15/0275.jpg,691,162
p07,day15/0276.jpg,226,625
p07,day16/0001.jpg,71,697
p07,day16/0007.jpg,487,347
p07,day16/0010.jpg,283,667
p07,day16/0012.jpg,202,152
p07,day16/0019.jpg,64,66
p07,day16/0025.jpg,817,337
p07,day16/0027.jpg,802,239
p07,day16/0028.jpg,45,528
p07,day16/0037.jpg,591,728
p07,day16/0042.jpg,1086,846
p07,day16/0045.jpg,1072,235
p07,day16/0047.jpg,752,842
p07,day16/0048.jpg,244,622
p07,day16/0050.jpg,1223,291
p07,day16/0053.jpg,574,540
p07,day16/0064.jpg,347,740
p07,day16/0074.jpg,560,695
p07,day16/0079.jpg,1041,39
p07,day17/0011.jpg,950,745
p07,day17/0026.jpg,1588,583
p07,day17/0032.jpg,886,360
p07,day17/0035.jpg,1501,893
p07,day17/0037.jpg,1721,104
p07,day17/0040.jpg,606,77
p07,day17/0051.jpg,1450,261
p07,day17/0056.jpg,1641,921
p07,day17/0086.jpg,1296,1057
p07,day17/0089.jpg,593,242
p07,day17/0094.jpg,1112,1017
p07,day17/0097.jpg,1897,948
p07,day17/0100.jpg,1345,382
p07,day17/0106.jpg,238,377
p07,day17/0132.jpg,474,578
p07,day17/0133.jpg,1165,616
p07,day17/0134.jpg,1577,311
p07,day17/0139.jpg,893,334
p07,day17/0155.jpg,196,432
p07,day17/0160.jpg,69,97
p07,day17/0170.jpg,924,229
p07,day17/0171.jpg,1371,24
p07,day17/0180.jpg,94,731
p07,day18/0004.jpg,1164,785
p07,day18/0005.jpg,119,202
p07,day18/0013.jpg,1131,740
p07,day18/0016.jpg,933,433
p07,day18/0020.jpg,1294,793
p07,day18/0031.jpg,388,676
p07,day18/0035.jpg,1243,784
p07,day18/0042.jpg,488,652
p07,day18/0049.jpg,446,887
p07,day18/0054.jpg,272,816
p07,day18/0069.jpg,345,63
p07,day18/0077.jpg,159,644
p07,day18/0081.jpg,495,372
p07,day18/0086.jpg,676,787
p07,day18/0101.jpg,1171,24
p07,day18/0107.jpg,1292,882
p07,day18/0113.jpg,101,522
p07,day18/0123.jpg,1049,164
p07,day18/0124.jpg,183,706
p07,day18/0126.jpg,1407,600
p07,day18/0142.jpg,3,639
p07,day18/0150.jpg,464,365
p07,day18/0152.jpg,616,125
p07,day18/0155.jpg,109,79
p07,day18/0161.jpg,978,855
p07,day18/0162.jpg,772,254
p07,day18/0170.jpg,464,235
p07,day18/0171.jpg,957,504
p07,day18/0177.jpg,1247,369
p07,day18/0192.jpg,123,471
p07,day18/0193.jpg,1202,113
p07,day18/0202.jpg,870,331
p07,day18/0205.jpg,503,373
p07,day18/0209.jpg,113,97
p07,day18/0214.jpg,1308,890
p07,day18/0217.jpg,231,76
p07,day18/0220.jpg,913,612
p07,day18/0221.jpg,650,328
p07,day18/0225.jpg,1067,168
p07,day18/0229.jpg,1040,594
p07,day18/0234.jpg,92,296
p07,day18/0238.jpg,1247,739
p07,day18/0254.jpg,264,33
p07,day18/0256.jpg,1275,853
p07,day18/0260.jpg,117,665
p07,day18/0266.jpg,828,676
p07,day18/0267.jpg,862,647
p07,day18/0268.jpg,117,527
p07,day18/0276.jpg,988,565
p07,day18/0278.jpg,1310,111
p07,day18/0280.jpg,33,697
p07,day18/0292.jpg,87,534
p07,day18/0293.jpg,369,78
p07,day18/0303.jpg,593,490
p07,day18/0305.jpg,1380,853
p07,day18/0310.jpg,421,741
p07,day18/0311.jpg,223,274
p07,day18/0314.jpg,1426,590
p07,day18/0317.jpg,1172,343
p07,day18/0318.jpg,1212,573
p07,day18/0342.jpg,1062,214
p07,day18/0343.jpg,706,133
p07,day18/0344.jpg,657,83
p07,day18/0351.jpg,780,747
p07,day19/0004.jpg,774,417
p07,day19/0012.jpg,1010,334
p07,day19/0022.jpg,1361,78
p07,day19/0027.jpg,793,699
p07,day19/0029.jpg,1007,512
p07,day19/0043.jpg,1187,1043
p07,day19/0057.jpg,623,822
p07,day19/0061.jpg,247,389
p07,day19/0065.jpg,1102,126
p07,day19/0068.jpg,1511,536
p07,day19/0070.jpg,1386,392
p07,day19/0072.jpg,1293,941
p07,day19/0077.jpg,129,550
p07,day19/0083.jpg,928,800
p07,day19/0089.jpg,1583,146
p07,day19/0090.jpg,580,108
p07,day19/0093.jpg,237,626
p07,day19/0100.jpg,1069,557
p07,day19/0103.jpg,1568,296
p07,day19/0120.jpg,105,764
p07,day19/0122.jpg,291,664
p07,day19/0128.jpg,1412,192
p07,day19/0138.jpg,389,1052
p07,day19/0146.jpg,1439,219
p07,day19/0148.jpg,850,226
p07,day19/0156.jpg,1279,112
p07,day19/0158.jpg,1841,834
p07,day19/0164.jpg,389,647
p07,day19/0168.jpg,1676,583
p07,day19/0176.jpg,1610,143
p07,day19/0185.jpg,1709,257
p07,day19/0212.jpg,1121,952
p07,day19/0220.jpg,1840,299
p07,day19/0221.jpg,770,149
p07,day19/0244.jpg,1664,885
p07,day19/0248.jpg,232,823
p07,day19/0251.jpg,1409,819
p07,day19/0264.jpg,1111,540
p07,day19/0265.jpg,1092,627
p07,day19/0266.jpg,949,427
p07,day19/0272.jpg,928,331
p07,day19/0284.jpg,414,602
p07,day19/0286.jpg,152,602
p07,day19/0290.jpg,305,741
p07,day19/0311.jpg,1232,411
p07,day19/0313.jpg,1602,672
p07,day19/0320.jpg,1030,1037
p07,day19/0322.jpg,297,355
p07,day19/0323.jpg,244,841
p07,day19/0324.jpg,299,162
p07,day19/0337.jpg,908,559
p07,day19/0339.jpg,483,667
p07,day19/0342.jpg,1861,1062
p07,day19/0343.jpg,147,298
p07,day19/0344.jpg,474,994
p07,day19/0360.jpg,836,174
p07,day19/0362.jpg,850,831
p07,day19/0377.jpg,841,374
p07,day19/0383.jpg,487,894
p07,day19/0385.jpg,206,651
p07,day19/0387.jpg,1089,145
p07,day19/0389.jpg,1340,631
p07,day19/0401.jpg,519,337
p07,day19/0404.jpg,802,804
p07,day19/0406.jpg,620,318
p07,day19/0420.jpg,378,209
p07,day19/0423.jpg,910,127
p07,day19/0427.jpg,881,837
p07,day19/0428.jpg,183,103
p07,day19/0429.jpg,1263,463
p07,day19/0440.jpg,100,335
p07,day19/0442.jpg,893,768
p07,day19/0444.jpg,323,313
p07,day19/0471.jpg,847,690
p07,day19/0480.jpg,710,15
p07,day19/0486.jpg,1376,39
p07,day19/0488.jpg,630,18
p07,day19/0494.jpg,37,785
p07,day19/0501.jpg,1407,271
p07,day19/0515.jpg,343,203
p07,day19/0519.jpg,1228,303
p07,day20/0002.jpg,1169,601
p07,day20/0006.jpg,1213,398
p07,day20/0020.jpg,1310,876
p07,day20/0025.jpg,677,443
p07,day20/0027.jpg,81,695
p07,day20/0032.jpg,31,83
p07,day20/0044.jpg,945,606
p07,day20/0047.jpg,788,480
p07,day20/0048.jpg,396,303
p07,day20/0052.jpg,19,350
p07,day20/0058.jpg,880,779
p07,day20/0059.jpg,1211,26
p07,day20/0060.jpg,1148,808
p07,day20/0062.jpg,320,410
p07,day20/0063.jpg,490,664
p07,day20/0067.jpg,677,667
p07,day20/0070.jpg,263,607
p07,day20/0071.jpg,915,664
p07,day20/0078.jpg,283,701
p07,day20/0081.jpg,729,896
p07,day20/0099.jpg,127,513
p07,day20/0100.jpg,849,557
p07,day20/0102.jpg,1160,218
p07,day20/0110.jpg,126,114
p07,day20/0111.jpg,7,535
p07,day20/0112.jpg,1277,707
p07,day20/0113.jpg,557,729
p07,day20/0115.jpg,1036,785
p07,day20/0117.jpg,30,55
p07,day20/0124.jpg,59,422
p07,day20/0147.jpg,1059,441
p07,day20/0148.jpg,645,484
p07,day20/0161.jpg,389,869
p07,day20/0167.jpg,817,667
p07,day20/0172.jpg,680,796
p07,day20/0175.jpg,1091,122
p07,day20/0176.jpg,214,629
p07,day20/0178.jpg,284,451
p07,day20/0184.jpg,198,772
p07,day20/0200.jpg,541,116
p07,day21/0008.jpg,238,354
p07,day21/0011.jpg,1359,152
p07,day21/0013.jpg,170,492
p07,day21/0014.jpg,307,472
p07,day21/0019.jpg,1456,514
p07,day21/0023.jpg,1652,429
p07,day21/0025.jpg,512,501
p07,day21/0029.jpg,1712,137
p07,day21/0033.jpg,146,540
p07,day21/0034.jpg,504,816
p07,day21/0043.jpg,894,326
p07,day21/0051.jpg,1642,762
p07,day21/0056.jpg,1231,810
p07,day22/0002.jpg,1300,508
p07,day22/0003.jpg,978,212
p07,day22/0005.jpg,31,210
p07,day22/0016.jpg,734,100
p07,day22/0031.jpg,1104,800
p07,day22/0033.jpg,706,646
p07,day22/0034.jpg,1262,251
p07,day22/0037.jpg,119,88
p07,day22/0038.jpg,1204,137
p07,day22/0041.jpg,1202,585
p07,day22/0043.jpg,1078,730
p07,day22/0044.jpg,926,219
p07,day22/0054.jpg,890,347
p07,day22/0057.jpg,986,155
p07,day22/0061.jpg,903,897
p07,day22/0066.jpg,250,889
p07,day22/0068.jpg,617,578
p07,day22/0071.jpg,481,800
p07,day22/0076.jpg,495,761
p07,day22/0095.jpg,316,25
p07,day22/0120.jpg,553,770
p07,day22/0132.jpg,1249,769
p07,day22/0144.jpg,1195,472
p07,day22/0146.jpg,196,258
p07,day22/0149.jpg,815,756
p07,day22/0150.jpg,461,76
p07,day22/0158.jpg,1190,801
p07,day22/0164.jpg,1112,868
p07,day22/0167.jpg,655,485
p07,day22/0168.jpg,294,236
p07,day22/0172.jpg,961,717
p07,day22/0174.jpg,316,389
p07,day22/0188.jpg,1054,23
p07,day22/0192.jpg,803,267
p07,day22/0203.jpg,68,132
p07,day22/0220.jpg,1126,634
p07,day22/0226.jpg,369,615
p07,day22/0230.jpg,776,811
p07,day22/0232.jpg,28,490
p07,day22/0239.jpg,712,500
p07,day22/0240.jpg,1139,857
p07,day22/0242.jpg,671,763
p07,day22/0247.jpg,211,199
p07,day22/0249.jpg,697,347
p07,day22/0256.jpg,307,815
p07,day22/0258.jpg,1044,775
p07,day22/0268.jpg,1428,707
p07,day22/0269.jpg,271,306
p07,day23/0007.jpg,1295,133
p07,day23/0009.jpg,472,459
p07,day23/0012.jpg,1260,824
p07,day23/0019.jpg,1314,886
p07,day23/0020.jpg,1607,128
p07,day23/0022.jpg,1226,663
p07,day23/0024.jpg,555,394
p07,day23/0029.jpg,730,325
p07,day23/0038.jpg,628,621
p07,day23/0040.jpg,1874,941
p07,day23/0043.jpg,1642,585
p07,day23/0049.jpg,241,446
p07,day23/0058.jpg,662,677
p07,day23/0061.jpg,676,927
p07,day23/0063.jpg,1883,16
p07,day23/0066.jpg,737,1028
p07,day23/0072.jpg,828,758
p07,day23/0079.jpg,1562,777
p07,day23/0081.jpg,1901,133
p07,day23/0086.jpg,897,704
p07,day23/0087.jpg,1331,1010
p07,day23/0092.jpg,573,492
p07,day24/0004.jpg,38,161
p07,day24/0007.jpg,70,438
p07,day24/0023.jpg,1345,531
p07,day24/0027.jpg,757,636
p07,day24/0030.jpg,1343,225
p07,day24/0037.jpg,498,685
p07,day24/0044.jpg,553,647
p07,day24/0045.jpg,415,107
p07,day24/0046.jpg,485,511
p07,day24/0054.jpg,868,133
p07,day24/0059.jpg,87,660
p07,day24/0061.jpg,838,492
p07,day24/0066.jpg,405,492
p07,day24/0069.jpg,490,808
p07,day24/0071.jpg,399,722
p07,day24/0079.jpg,61,415
p07,day24/0080.jpg,403,241
p07,day24/0082.jpg,530,469
p07,day24/0101.jpg,964,530
p07,day24/0103.jpg,406,814
p07,day24/0105.jpg,957,301
p07,day24/0112.jpg,639,309
p07,day24/0114.jpg,1104,613
p07,day24/0124.jpg,752,655
p07,day24/0125.jpg,625,61
p07,day24/0131.jpg,1028,263
p07,day24/0137.jpg,953,108
p07,day24/0144.jpg,1235,233
p07,day24/0148.jpg,601,123
p07,day24/0156.jpg,628,872
p07,day24/0157.jpg,186,44
p07,day24/0160.jpg,395,842
p07,day24/0168.jpg,841,570
p07,day24/0175.jpg,97,674
p07,day24/0199.jpg,351,432
p07,day24/0209.jpg,1207,603
p07,day24/0210.jpg,766,313
p07,day24/0211.jpg,97,65
p07,day24/0212.jpg,1112,826
p07,day24/0218.jpg,504,36
p07,day24/0236.jpg,1315,100
p07,day24/0237.jpg,762,306
p07,day24/0239.jpg,724,59
p07,day24/0240.jpg,1208,628
p07,day24/0243.jpg,699,580
p07,day24/0265.jpg,522,97
p07,day24/0281.jpg,220,306
p07,day24/0283.jpg,172,658
p07,day24/0284.jpg,701,23
p07,day24/0287.jpg,965,736
p07,day24/0290.jpg,1146,79
p07,day24/0292.jpg,9,435
p07,day24/0297.jpg,315,9
p07,day24/0301.jpg,595,494
p07,day24/0313.jpg,903,166
p07,day24/0315.jpg,743,213
p07,day24/0322.jpg,612,699
p07,day24/0323.jpg,1105,894
p07,day24/0325.jpg,846,30
p07,day25/0007.jpg,1060,193
p07,day25/0008.jpg,1129,898
p07,day25/0011.jpg,242,583
p07,day25/0028.jpg,1027,359
p07,day25/0033.jpg,166,116
p07,day25/0036.jpg,1376,811
p07,day25/0039.jpg,537,191
p07,day25/0042.jpg,470,473
p07,day25/0047.jpg,1091,221
p07,day25/0050.jpg,739,823
p07,day25/0051.jpg,1247,391
p07,day25/0056.jpg,1174,892
p07,day25/0061.jpg,635,846
p07,day25/0062.jpg,575,655
p07,day25/0067.jpg,61,748
p07,day25/0075.jpg,1391,848
p07,day25/0078.jpg,207,430
p07,day25/0079.jpg,1381,203
p07,day25/0086.jpg,475,389
p07,day25/0089.jpg,825,359
p07,day25/0097.jpg,1311,181
p07,day25/0100.jpg,835,658
p07,day25/0102.jpg,1430,268
p07,day25/0107.jpg,1153,396
p07,day25/0113.jpg,419,845
p07,day25/0122.jpg,1408,848
p07,day25/0128.jpg,1266,857
p07,day25/0131.jpg,418,382
p07,day25/0146.jpg,66,869
p07,day25/0150.jpg,1166,163
p07,day25/0151.jpg,1060,220
p07,day25/0160.jpg,618,32
p07,day25/0162.jpg,716,395
p07,day25/0165.jpg,525,640
p07,day25/0169.jpg,421,665
p07,day25/0170.jpg,261,313
p07,day25/0171.jpg,968,606
p07,day25/0180.jpg,4,264
p07,day25/0192.jpg,1361,291
p07,day25/0196.jpg,372,616
p07,day25/0197.jpg,138,364
p07,day25/0201.jpg,732,575
p07,day25/0216.jpg,466,514
p07,day25/0220.jpg,445,467
p07,day25/0224.jpg,744,790
p07,day25/0227.jpg,207,432
p07,day25/0230.jpg,1154,780
p07,day25/0231.jpg,429,562
p07,day25/0243.jpg,537,648
p07,day25/0246.jpg,771,294
p07,day25/0250.jpg,1095,341
p07,day25/0251.jpg,59,598
p07,day25/0255.jpg,1123,229
p07,day25/0257.jpg,1420,73
p07,day25/0260.jpg,519,463
p07,day25/0268.jpg,1104,199
p07,day25/0277.jpg,1194,506
p07,day25/0280.jpg,55,593
p07,day25/0308.jpg,1062,546
p07,day25/0309.jpg,1092,170
p07,day25/0312.jpg,1290,149
p07,day25/0315.jpg,324,556
p07,day25/0319.jpg,1008,109
p07,day25/0320.jpg,682,805
p07,day25/0324.jpg,106,395
p07,day25/0338.jpg,361,404
p07,day25/0339.jpg,412,812
p07,day25/0348.jpg,177,30
p07,day25/0350.jpg,678,160
p07,day25/0353.jpg,1022,501
p07,day25/0358.jpg,676,171
p07,day25/0360.jpg,612,204
p07,day25/0361.jpg,434,363
p07,day25/0365.jpg,501,350
p07,day25/0370.jpg,1251,671
p07,day25/0375.jpg,891,193
p07,day25/0377.jpg,758,326
p07,day25/0381.jpg,213,482
p07,day25/0382.jpg,539,545
p07,day25/0384.jpg,777,599
p07,day25/0388.jpg,438,155
p07,day25/0394.jpg,517,632
p07,day25/0398.jpg,656,342
p07,day25/0399.jpg,1026,209
p07,day25/0402.jpg,1035,475
p07,day25/0403.jpg,395,197
p07,day25/0410.jpg,658,491
p07,day25/0425.jpg,432,385
p07,day25/0429.jpg,157,395
p07,day25/0431.jpg,464,813
p07,day25/0436.jpg,60,139
p07,day25/0443.jpg,1241,5
p07,day25/0464.jpg,996,322
p07,day25/0470.jpg,1136,881
p07,day25/0477.jpg,1037,571
p07,day25/0478.jpg,1095,510
p07,day25/0484.jpg,799,804
p07,day25/0487.jpg,1307,378
p07,day25/0493.jpg,168,70
p07,day25/0495.jpg,950,726
p07,day25/0498.jpg,1064,818
p07,day25/0506.jpg,690,426
p07,day25/0507.jpg,19,274
p07,day25/0515.jpg,43,543
p07,day26/0003.jpg,1302,769
p07,day26/0007.jpg,428,107
p07,day26/0016.jpg,669,140
p07,day26/0017.jpg,990,599
p07,day26/0023.jpg,1410,23
p07,day26/0024.jpg,1405,552
p07,day26/0034.jpg,538,133
p07,day26/0038.jpg,656,784
p07,day26/0039.jpg,877,793
p07,day26/0040.jpg,10,169
p07,day26/0043.jpg,1246,292
p07,day26/0048.jpg,1117,863
p07,day26/0051.jpg,96,777
p07,day26/0056.jpg,1121,137
p07,day26/0059.jpg,1232,241
p07,day26/0063.jpg,1351,421
p07,day26/0064.jpg,289,878
p07,day26/0086.jpg,53,574
p07,day26/0092.jpg,916,834
p07,day26/0094.jpg,571,299
p07,day26/0097.jpg,444,230
p07,day26/0099.jpg,1130,274
p07,day26/0104.jpg,1265,608
p07,day26/0122.jpg,156,211
p07,day26/0124.jpg,62,702
p07,day26/0125.jpg,1221,147
p07,day26/0128.jpg,354,752
p07,day26/0132.jpg,289,133
p07,day26/0133.jpg,1323,25
p07,day26/0140.jpg,409,520
p07,day26/0145.jpg,270,532
p07,day26/0147.jpg,1435,518
p07,day26/0151.jpg,297,218
p07,day26/0159.jpg,741,230
p07,day26/0163.jpg,1260,772
p07,day26/0167.jpg,28,186
p07,day26/0170.jpg,941,635
p07,day26/0171.jpg,169,124
p07,day26/0173.jpg,675,478
p07,day26/0178.jpg,610,121
p07,day26/0180.jpg,40,291
p07,day27/0004.jpg,1034,299
p07,day27/0007.jpg,204,630
p07,day27/0012.jpg,537,636
p07,day27/0019.jpg,975,498
p07,day27/0027.jpg,159,298
p07,day27/0028.jpg,291,370
p07,day27/0033.jpg,171,588
p07,day27/0036.jpg,324,479
p07,day27/0037.jpg,423,767
p07,day27/0039.jpg,1418,242
p07,day27/0041.jpg,272,191
p07,day27/0044.jpg,432,787
p07,day27/0049.jpg,1419,659
p07,day27/0051.jpg,447,886
p07,day27/0059.jpg,874,468
p07,day27/0069.jpg,1331,769
p07,day27/0095.jpg,857,890
p07,day27/0105.jpg,1432,66
p07,day27/0108.jpg,86,85
p07,day27/0110.jpg,445,192
p07,day27/0114.jpg,870,422
p07,day27/0118.jpg,1302,823
p07,day27/0120.jpg,1202,417
p07,day27/0131.jpg,1074,227
p07,day27/0132.jpg,634,156
p07,day27/0133.jpg,1185,870
p07,day27/0134.jpg,200,245
p07,day27/0138.jpg,992,291
p07,day27/0140.jpg,342,323
p07,day27/0165.jpg,22,212
p07,day27/0174.jpg,1418,397
p07,day27/0179.jpg,838,857
p07,day27/0181.jpg,1116,453
p07,day27/0197.jpg,790,64
p07,day27/0201.jpg,1383,590
p07,day27/0209.jpg,681,417
p07,day27/0210.jpg,189,857
p07,day27/0233.jpg,592,601
p07,day27/0236.jpg,544,890
p07,day27/0238.jpg,1226,582
p07,day27/0239.jpg,1286,433
p07,day27/0244.jpg,69,397
p07,day27/0249.jpg,1001,304
p07,day27/0251.jpg,1097,584
p07,day27/0259.jpg,1050,261
p07,day27/0261.jpg,269,511
p07,day27/0281.jpg,1259,177
p07,day27/0285.jpg,1350,120
p07,day27/0287.jpg,154,285
p07,day27/0288.jpg,1428,251
p07,day27/0292.jpg,392,367
p07,day27/0294.jpg,865,567
p07,day27/0301.jpg,396,62
p07,day27/0302.jpg,334,408
p07,day27/0306.jpg,981,779
p07,day27/0309.jpg,894,826
p07,day27/0311.jpg,1337,491
p07,day27/0313.jpg,1033,451
p07,day27/0317.jpg,983,266
p07,day27/0318.jpg,637,317
p07,day27/0329.jpg,345,241
p07,day27/0332.jpg,944,489
p07,day27/0340.jpg,1381,409
p07,day27/0354.jpg,258,898
p07,day27/0356.jpg,1274,699
p07,day27/0359.jpg,454,733
p07,day27/0360.jpg,1142,470
p07,day28/0007.jpg,1065,754
p07,day28/0013.jpg,176,400
p07,day28/0018.jpg,586,873
p07,day28/0021.jpg,1,780
p07,day28/0036.jpg,948,452
p07,day28/0038.jpg,293,248
p07,day28/0043.jpg,181,180
p07,day28/0044.jpg,409,84
p07,day28/0049.jpg,499,763
p07,day28/0054.jpg,184,710
p07,day28/0069.jpg,719,428
p07,day28/0070.jpg,1277,674
p07,day28/0073.jpg,108,794
p07,day28/0079.jpg,1158,481
p07,day28/0080.jpg,1412,6
p07,day28/0088.jpg,631,196
p07,day28/0089.jpg,202,681
p07,day28/0093.jpg,808,500
p07,day28/0096.jpg,10,359
p07,day28/0101.jpg,1013,521
p07,day28/0111.jpg,1034,1
p07,day28/0114.jpg,755,810
p07,day28/0115.jpg,643,277
p07,day28/0119.jpg,93,160
p07,day28/0123.jpg,1139,734
p07,day28/0126.jpg,1210,798
p07,day28/0127.jpg,40,509
p07,day28/0142.jpg,848,50
p07,day28/0150.jpg,160,881
p07,day28/0161.jpg,116,504
p07,day28/0162.jpg,687,291
p07,day28/0169.jpg,681,409
p07,day28/0170.jpg,927,111
p07,day28/0173.jpg,1349,243
p07,day28/0174.jpg,993,539
p07,day28/0176.jpg,1152,113
p07,day28/0187.jpg,352,302
p07,day28/0188.jpg,962,658
p07,day28/0190.jpg,791,471
p07,day28/0201.jpg,887,492
p07,day28/0204.jpg,1198,596
p07,day28/0220.jpg,1044,382
p07,day28/0224.jpg,1413,409
p07,day28/0230.jpg,1041,513
p07,day28/0231.jpg,45,172
p07,day28/0237.jpg,741,474
p07,day28/0240.jpg,112,38
p07,day28/0244.jpg,866,27
p07,day28/0250.jpg,686,120
p07,day28/0255.jpg,247,202
p07,day28/0256.jpg,54,838
p07,day28/0259.jpg,878,293
p07,day28/0262.jpg,269,18
p07,day28/0273.jpg,628,419
p07,day28/0282.jpg,287,502
p07,day28/0300.jpg,951,773
p07,day28/0310.jpg,1380,133
p07,day28/0319.jpg,753,115
p07,day28/0326.jpg,1157,617
p07,day28/0327.jpg,192,262
p07,day28/0328.jpg,641,179
p07,day28/0335.jpg,687,237
p07,day28/0341.jpg,798,370
p07,day28/0342.jpg,464,586
p07,day28/0348.jpg,1084,881
p07,day28/0371.jpg,1408,108
p07,day28/0384.jpg,282,311
p07,day28/0395.jpg,295,853
p07,day28/0408.jpg,214,539
p07,day28/0414.jpg,1114,717
p07,day28/0419.jpg,930,301
p07,day28/0424.jpg,1396,266
p07,day29/0002.jpg,807,431
p07,day29/0005.jpg,1426,736
p07,day29/0012.jpg,1423,400
p07,day29/0013.jpg,449,800
p07,day29/0019.jpg,385,309
p07,day29/0020.jpg,137,340
p07,day29/0036.jpg,274,445
p07,day29/0045.jpg,320,226
p07,day29/0063.jpg,1318,105
p07,day29/0068.jpg,824,698
p07,day29/0072.jpg,645,790
p07,day29/0075.jpg,1078,490
p07,day29/0077.jpg,1340,241
p07,day29/0087.jpg,235,461
p07,day29/0092.jpg,1298,334
p07,day29/0093.jpg,743,217
p07,day29/0099.jpg,1042,563
p07,day29/0101.jpg,784,383
p07,day29/0102.jpg,690,478
p07,day29/0109.jpg,227,373
p07,day29/0117.jpg,1204,311
p07,day29/0120.jpg,884,674
p07,day29/0126.jpg,451,181
p07,day29/0128.jpg,758,1
p07,day29/0133.jpg,153,827
p07,day29/0135.jpg,1398,603
p07,day29/0137.jpg,896,896
p07,day30/0007.jpg,102,21
p07,day30/0013.jpg,1367,146
p07,day30/0015.jpg,1419,663
p07,day30/0016.jpg,119,450
p07,day30/0019.jpg,1428,788
p07,day30/0029.jpg,444,119
p07,day30/0032.jpg,1248,713
p07,day30/0034.jpg,827,589
p07,day30/0039.jpg,30,653
p07,day30/0052.jpg,1223,51
p07,day30/0059.jpg,75,202
p07,day30/0074.jpg,991,55
p07,day30/0081.jpg,1419,667
p07,day30/0085.jpg,228,737
p07,day30/0089.jpg,233,723
p07,day30/0097.jpg,1181,253
p07,day30/0099.jpg,314,261
p07,day30/0101.jpg,1214,64
p07,day30/0106.jpg,173,892
p07,day30/0107.jpg,340,603
p07,day30/0126.jpg,410,189
p07,day30/0131.jpg,381,559
p07,day30/0135.jpg,1224,415
p07,day30/0145.jpg,1032,817
p07,day30/0146.jpg,1138,224
p07,day30/0154.jpg,784,825
p07,day30/0157.jpg,532,68
p07,day30/0179.jpg,35,457
p07,day30/0180.jpg,511,114
p07,day30/0183.jpg,1205,626
p07,day30/0188.jpg,586,523
p07,day30/0191.jpg,1085,856
p07,day30/0204.jpg,580,434
p07,day30/0206.jpg,977,638
p07,day30/0214.jpg,801,557
p07,day30/0215.jpg,1171,249
p07,day30/0227.jpg,485,544
p07,day30/0238.jpg,84,599
p07,day30/0241.jpg,737,190
p07,day30/0243.jpg,1079,423
p07,day30/0249.jpg,183,412
p07,day30/0253.jpg,49,303
p07,day31/0001.jpg,419,690
p07,day31/0007.jpg,375,832
p07,day31/0012.jpg,1069,797
p07,day31/0028.jpg,525,114
p07,day31/0029.jpg,607,711
p07,day31/0037.jpg,1392,831
p07,day31/0038.jpg,857,867
p07,day31/0040.jpg,79,278
p07,day31/0049.jpg,1409,326
p07,day31/0053.jpg,459,527
p07,day31/0067.jpg,387,778
p07,day31/0077.jpg,1325,64
p07,day31/0078.jpg,1044,598
p07,day31/0081.jpg,167,231
p07,day31/0083.jpg,176,860
p07,day31/0091.jpg,190,304
p07,day31/0102.jpg,944,756
p07,day31/0104.jpg,331,360
p07,day31/0106.jpg,123,299
p07,day31/0114.jpg,1160,558
p07,day31/0121.jpg,1434,598
p07,day31/0122.jpg,422,640
p07,day31/0124.jpg,1117,74
p07,day31/0126.jpg,592,585
p07,day31/0134.jpg,819,559
p07,day31/0140.jpg,100,570
p07,day31/0141.jpg,231,102
p07,day31/0143.jpg,1324,778
p07,day31/0156.jpg,662,573
p07,day31/0159.jpg,805,4
p07,day31/0160.jpg,968,496
p07,day31/0161.jpg,138,229
p07,day31/0177.jpg,1215,626
p07,day31/0181.jpg,1300,523
p07,day31/0183.jpg,483,455
p07,day31/0189.jpg,622,731
p07,day31/0194.jpg,151,387
p07,day31/0197.jpg,342,491
p07,day31/0200.jpg,31,396
p07,day31/0203.jpg,295,897
p07,day31/0213.jpg,218,114
p07,day31/0215.jpg,923,331
p07,day31/0224.jpg,98,33
p07,day31/0227.jpg,886,669
p07,day31/0228.jpg,1195,329
p07,day31/0235.jpg,1035,245
p07,day32/0003.jpg,447,58
p07,day32/0015.jpg,437,640
p07,day32/0017.jpg,1067,291
p07,day32/0020.jpg,997,381
p07,day32/0025.jpg,3,807
p07,day32/0038.jpg,1263,72
p07,day32/0040.jpg,1222,150
p07,day32/0045.jpg,40,45
p07,day32/0047.jpg,137,59
p07,day32/0048.jpg,317,537
p07,day32/0057.jpg,1041,894
p07,day32/0059.jpg,254,665
p07,day33/0011.jpg,1392,45
p07,day33/0015.jpg,1286,620
p07,day33/0016.jpg,788,420
p07,day33/0034.jpg,902,428
p07,day33/0035.jpg,1007,53
p07,day33/0036.jpg,612,113
p07,day33/0041.jpg,972,55
p07,day33/0051.jpg,984,433
p07,day33/0056.jpg,1111,511
p07,day33/0058.jpg,1308,310
p07,day33/0060.jpg,1389,209
p07,day33/0061.jpg,200,716
p07,day33/0068.jpg,602,627
p07,day33/0069.jpg,824,38
p07,day33/0077.jpg,214,206
p07,day33/0083.jpg,173,852
p07,day33/0085.jpg,1178,406
p07,day33/0087.jpg,1026,147
p07,day33/0090.jpg,1042,225
p07,day33/0095.jpg,957,309
p07,day33/0098.jpg,1261,154
p07,day33/0100.jpg,104,890
p07,day33/0102.jpg,364,387
p07,day33/0108.jpg,82,339
p07,day33/0109.jpg,443,108
p07,day33/0111.jpg,1330,159
p07,day33/0115.jpg,1030,443
p07,day33/0129.jpg,169,88
p07,day33/0143.jpg,1302,272
p07,day33/0146.jpg,168,121
p07,day33/0157.jpg,609,346
p07,day33/0160.jpg,296,744
p07,day33/0164.jpg,1220,753
p07,day33/0166.jpg,30,785
p07,day33/0170.jpg,1342,437
p07,day33/0172.jpg,829,488
p07,day33/0173.jpg,887,667
p07,day33/0176.jpg,1052,518
p07,day33/0178.jpg,1057,81
p07,day33/0186.jpg,346,738
p07,day33/0193.jpg,370,313
p07,day33/0194.jpg,404,870
p07,day33/0197.jpg,193,709
p07,day33/0199.jpg,78,47
p07,day33/0201.jpg,740,638
p07,day33/0207.jpg,42,364
p07,day33/0213.jpg,474,755
p07,day33/0221.jpg,1213,804
p07,day33/0226.jpg,490,125
p07,day33/0232.jpg,1069,634
p07,day33/0233.jpg,1204,617
p07,day33/0251.jpg,1025,422
p07,day33/0268.jpg,534,7
p07,day33/0271.jpg,1197,831
p07,day33/0272.jpg,351,107
p07,day33/0289.jpg,228,271
p07,day33/0292.jpg,302,93
p07,day33/0293.jpg,600,735
p07,day33/0296.jpg,890,233
p07,day33/0300.jpg,880,328
p07,day33/0304.jpg,699,100
p07,day33/0306.jpg,3,32
p07,day33/0307.jpg,905,284
p07,day33/0309.jpg,1175,641
p07,day33/0310.jpg,281,405
p07,day33/0314.jpg,724,199
p07,day33/0324.jpg,517,585
p07,day33/0325.jpg,261,618
p07,day33/0329.jpg,648,340
p07,day33/0335.jpg,233,564
p07,day33/0343.jpg,639,725
p07,day33/0346.jpg,469,49
p07,day33/0353.jpg,1220,495
p07,day33/0356.jpg,220,715
p07,day33/0358.jpg,1051,710
p07,day33/0363.jpg,856,346
p07,day33/0369.jpg,727,21
p07,day33/0375.jpg,893,821
p07,day33/0377.jpg,940,628
p07,day33/0380.jpg,937,98
p07,day33/0382.jpg,633,39
p07,day34/0001.jpg,1196,42
p07,day34/0003.jpg,53,605
p07,day34/0010.jpg,818,411
p07,day34/0013.jpg,325,848
p07,day34/0025.jpg,241,401
p07,day34/0031.jpg,501,125
p07,day34/0049.jpg,344,148
p07,day34/0055.jpg,688,258
p07,day34/0056.jpg,29,632
p07,day34/0062.jpg,667,898
p07,day34/0064.jpg,124,622
p07,day34/0071.jpg,1017,601
p07,day34/0073.jpg,633,8
p07,day34/0075.jpg,850,707
p07,day34/0077.jpg,1352,800
p07,day34/0085.jpg,338,632
p07,day34/0089.jpg,175,338
p07,day34/0093.jpg,266,889
p07,day34/0094.jpg,1126,507
p07,day34/0102.jpg,1201,137
p07,day34/0117.jpg,1018,40
p07,day34/0120.jpg,1088,894
p07,day34/0121.jpg,1213,594
p07,day34/0122.jpg,76,892
p07,day34/0130.jpg,549,141
p07,day34/0133.jpg,808,796
p07,day34/0137.jpg,709,259
p07,day34/0145.jpg,141,619
p07,day34/0149.jpg,333,161
p07,day34/0157.jpg,415,795
p07,day34/0160.jpg,237,348
p07,day35/0001.jpg,124,785
p07,day35/0002.jpg,484,39
p07,day35/0005.jpg,85,312
p07,day35/0011.jpg,426,418
p07,day35/0014.jpg,322,475
p07,day35/0017.jpg,1145,596
p07,day35/0018.jpg,1419,636
p07,day35/0023.jpg,560,28
p07,day35/0026.jpg,1397,716
p07,day35/0033.jpg,1022,170
p07,day35/0035.jpg,1078,122
p07,day35/0043.jpg,495,160
p07,day35/0049.jpg,499,407
p07,day35/0052.jpg,439,272
p07,day35/0058.jpg,1200,345
p07,day35/0060.jpg,1043,550
p07,day35/0064.jpg,473,854
p07,day35/0069.jpg,897,507
p07,day35/0072.jpg,689,804
p07,day35/0079.jpg,599,532
p07,day35/0085.jpg,610,762
p07,day35/0086.jpg,466,564
p07,day35/0097.jpg,961,513
p07,day35/0098.jpg,1071,526
p07,day35/0100.jpg,1245,748
p07,day35/0118.jpg,1028,148
p07,day35/0130.jpg,625,433
p07,day35/0132.jpg,176,627
p07,day35/0134.jpg,966,41
p07,day35/0136.jpg,275,2
p07,day35/0156.jpg,1163,112
p07,day35/0162.jpg,83,314
p07,day35/0165.jpg,831,305
p07,day35/0178.jpg,1267,283
p07,day36/0013.jpg,574,4
p07,day36/0015.jpg,777,462
p07,day36/0024.jpg,1418,830
p07,day36/0025.jpg,1127,852
p07,day36/0027.jpg,355,113
p07,day36/0028.jpg,714,817
p07,day36/0033.jpg,383,185
p07,day36/0034.jpg,577,631
p07,day36/0050.jpg,76,244
p07,day36/0051.jpg,1118,898
p07,day36/0054.jpg,194,497
p07,day36/0067.jpg,564,556
p07,day36/0069.jpg,370,68
p07,day36/0078.jpg,669,519
p07,day36/0080.jpg,627,824
p07,day36/0083.jpg,1117,649
p07,day36/0091.jpg,317,415
p07,day36/0103.jpg,602,713
p07,day36/0108.jpg,133,387
p07,day36/0110.jpg,507,437
p07,day36/0111.jpg,370,269
p07,day36/0119.jpg,1112,899
p07,day36/0122.jpg,577,23
p07,day36/0124.jpg,1030,36
p07,day36/0127.jpg,106,754
p07,day36/0149.jpg,608,454
p07,day36/0158.jpg,1084,566
p07,day36/0160.jpg,413,664
p07,day36/0162.jpg,112,860
p07,day36/0164.jpg,435,350
p07,day36/0167.jpg,511,108
p07,day36/0173.jpg,744,643
p07,day36/0181.jpg,401,878
p07,day36/0183.jpg,595,75
p07,day36/0184.jpg,561,43
p07,day36/0185.jpg,94,891
p07,day36/0190.jpg,281,343
p07,day36/0192.jpg,1235,332
p07,day36/0196.jpg,281,787
p07,day36/0203.jpg,606,634
p07,day36/0211.jpg,474,211
p07,day36/0225.jpg,530,256
p07,day36/0228.jpg,909,438
p07,day36/0230.jpg,1171,382
p07,day36/0231.jpg,1244,643
p07,day36/0236.jpg,416,360
p07,day36/0242.jpg,668,241
p07,day36/0253.jpg,808,197
p07,day36/0256.jpg,35,225
p07,day36/0267.jpg,383,333
p07,day36/0285.jpg,959,422
p07,day36/0287.jpg,1401,648
p07,day36/0288.jpg,755,410
p07,day36/0294.jpg,540,242
p07,day36/0296.jpg,1076,538
p07,day36/0297.jpg,527,679
p07,day36/0302.jpg,1118,843
p07,day36/0307.jpg,979,63
p07,day36/0311.jpg,212,511
p07,day36/0319.jpg,822,128
p07,day36/0327.jpg,611,308
p07,day36/0336.jpg,385,663
p07,day36/0342.jpg,914,268
p07,day36/0351.jpg,1430,33
p07,day36/0362.jpg,313,886
p07,day36/0363.jpg,12,780
p07,day36/0364.jpg,1316,270
p07,day36/0371.jpg,1394,896
p07,day36/0381.jpg,345,728
p07,day36/0384.jpg,882,681
p07,day36/0388.jpg,1281,667
p07,day36/0390.jpg,151,820
p07,day36/0393.jpg,945,869
p07,day37/0006.jpg,512,552
p07,day37/0007.jpg,1391,21
p07,day37/0019.jpg,674,622
p07,day37/0023.jpg,549,270
p07,day37/0024.jpg,480,65
p07,day37/0040.jpg,1345,730
p07,day37/0048.jpg,183,62
p07,day37/0049.jpg,1093,630
p07,day37/0054.jpg,628,881
p07,day37/0056.jpg,1224,495
p07,day37/0057.jpg,721,39
p07,day37/0060.jpg,35,178
p07,day37/0066.jpg,535,888
p07,day37/0075.jpg,816,102
p07,day37/0085.jpg,1288,869
p07,day37/0087.jpg,130,104
p07,day37/0090.jpg,1195,451
p07,day37/0099.jpg,186,293
p07,day37/0101.jpg,970,758
p07,day37/0103.jpg,793,266
p07,day37/0104.jpg,1351,239
p07,day37/0110.jpg,187,481
p07,day37/0116.jpg,1141,483
p07,day37/0125.jpg,1060,21
p07,day37/0130.jpg,497,369
p07,day37/0135.jpg,1298,8
p07,day37/0138.jpg,160,106
p07,day37/0143.jpg,617,425
p07,day37/0145.jpg,1047,80
p07,day37/0148.jpg,166,726
p07,day37/0150.jpg,610,191
p07,day37/0151.jpg,1377,398
p07,day37/0152.jpg,1044,712
p07,day37/0158.jpg,442,871
p07,day37/0165.jpg,798,365
p07,day37/0177.jpg,222,490
p07,day37/0179.jpg,543,267
p07,day37/0180.jpg,789,258
p07,day37/0182.jpg,564,846
p07,day37/0183.jpg,83,131
p07,day37/0198.jpg,112,785
p07,day37/0200.jpg,297,210
p07,day37/0203.jpg,666,103
p07,day37/0208.jpg,1201,312
p07,day37/0212.jpg,1187,150
p07,day37/0219.jpg,1010,24
p07,day37/0221.jpg,104,813
p07,day37/0227.jpg,865,807
p07,day37/0231.jpg,1177,264
p07,day37/0235.jpg,789,704
p07,day37/0237.jpg,1217,452
p07,day37/0252.jpg,1317,210
p07,day37/0265.jpg,752,192
p07,day37/0268.jpg,719,804
p07,day37/0277.jpg,210,784
p07,day37/0284.jpg,668,318
p07,day37/0287.jpg,528,506
p07,day37/0288.jpg,477,183
p07,day37/0292.jpg,36,262
p07,day37/0299.jpg,1083,792
p07,day37/0304.jpg,85,115
p07,day37/0307.jpg,682,97
p07,day37/0309.jpg,878,715
p07,day37/0315.jpg,1257,581
p07,day37/0316.jpg,382,82
p07,day37/0317.jpg,786,751
p07,day37/0322.jpg,282,524
p07,day37/0323.jpg,554,523
p07,day38/0013.jpg,379,609
p07,day38/0017.jpg,1626,596
p07,day38/0024.jpg,202,498
p07,day38/0029.jpg,1747,17
p07,day38/0032.jpg,585,648
p07,day38/0038.jpg,1885,579
p07,day38/0040.jpg,106,1054
p07,day38/0042.jpg,735,813
p07,day38/0045.jpg,1466,388
p07,day38/0049.jpg,1538,316
p07,day38/0053.jpg,703,213
p07,day38/0057.jpg,363,403
p07,day38/0060.jpg,1878,750
p07,day38/0062.jpg,941,508
p07,day38/0063.jpg,1459,267
p07,day38/0070.jpg,647,275
p07,day38/0073.jpg,1001,371
p07,day38/0074.jpg,594,151
p07,day38/0076.jpg,903,60
p07,day38/0088.jpg,1815,824
p07,day38/0094.jpg,563,574
p07,day38/0102.jpg,339,128
p07,day38/0117.jpg,209,481
p07,day38/0124.jpg,1138,398
p07,day38/0125.jpg,578,812
p07,day38/0153.jpg,421,193
p07,day38/0160.jpg,1395,156
p07,day38/0165.jpg,1078,27
p07,day38/0168.jpg,226,288
p07,day38/0171.jpg,1877,727
p07,day38/0173.jpg,718,361
p07,day38/0174.jpg,1383,273
p07,day38/0191.jpg,1315,303
p07,day38/0199.jpg,732,58
p07,day38/0219.jpg,199,678
p07,day38/0226.jpg,445,935
p07,day38/0230.jpg,246,517
p07,day38/0232.jpg,216,586
p07,day38/0235.jpg,912,81
p07,day38/0255.jpg,614,1046
p07,day38/0256.jpg,1559,562
p07,day38/0259.jpg,962,981
p07,day38/0276.jpg,833,95
p07,day38/0279.jpg,735,574
p07,day38/0285.jpg,840,70
p07,day38/0296.jpg,1294,694
p07,day38/0304.jpg,236,772
p07,day38/0305.jpg,130,571
p07,day38/0307.jpg,539,707
p07,day38/0316.jpg,655,562
p07,day38/0317.jpg,430,164
p07,day38/0329.jpg,1856,516
p07,day38/0337.jpg,1137,356
p07,day38/0338.jpg,837,625
p07,day38/0353.jpg,1521,247
p07,day38/0354.jpg,523,618
p07,day38/0361.jpg,98,400
p07,day38/0363.jpg,1048,489
p07,day38/0371.jpg,381,23
p07,day38/0372.jpg,500,209
p07,day38/0380.jpg,449,926
p07,day38/0381.jpg,1651,1025
p07,day38/0391.jpg,1214,822
p07,day38/0408.jpg,1415,811
p07,day38/0433.jpg,1285,643
p07,day38/0438.jpg,438,783
p07,day38/0439.jpg,1569,224
p07,day38/0448.jpg,604,958
p07,day38/0451.jpg,1557,1045
p07,day38/0464.jpg,509,194
p07,day38/0465.jpg,1889,1032
p07,day38/0466.jpg,1363,684
p07,day38/0469.jpg,1718,218
p07,day38/0470.jpg,445,291
p07,day38/0475.jpg,450,155
p07,day38/0484.jpg,1812,724
p07,day38/0488.jpg,1128,26
p07,day38/0490.jpg,1906,655
p07,day38/0494.jpg,1539,158
p07,day38/0496.jpg,1586,504
p07,day38/0498.jpg,193,1028
p07,day38/0499.jpg,832,293
p07,day38/0502.jpg,1725,569
p07,day38/0518.jpg,632,730
p07,day38/0522.jpg,1760,315
p07,day38/0523.jpg,338,300
p07,day38/0535.jpg,25,910
p07,day38/0537.jpg,1350,679
p07,day39/0002.jpg,275,656
p07,day39/0008.jpg,129,804
p07,day39/0013.jpg,709,424
p07,day39/0027.jpg,476,194
p07,day39/0028.jpg,1280,304
p07,day39/0029.jpg,1181,847
p07,day39/0034.jpg,820,435
p07,day39/0049.jpg,188,612
p07,day39/0055.jpg,460,485
p07,day39/0058.jpg,718,16
p07,day39/0060.jpg,860,96
p07,day39/0070.jpg,690,125
p07,day39/0072.jpg,324,739
p07,day39/0073.jpg,545,174
p07,day39/0085.jpg,857,403
p07,day39/0089.jpg,13,589
p07,day39/0100.jpg,410,834
p07,day39/0114.jpg,140,687
p07,day39/0117.jpg,1156,574
p07,day39/0125.jpg,884,555
p07,day39/0147.jpg,104,450
p07,day39/0162.jpg,220,842
p07,day39/0166.jpg,80,379
p07,day39/0170.jpg,1438,718
p07,day39/0173.jpg,148,549
p07,day39/0174.jpg,85,693
p07,day39/0181.jpg,965,338
p07,day39/0189.jpg,1185,628
p07,day39/0190.jpg,48,521
p07,day39/0209.jpg,744,223
p07,day39/0210.jpg,579,229
p07,day39/0214.jpg,99,453
p07,day39/0218.jpg,1432,698
p07,day39/0223.jpg,1406,322
p07,day39/0225.jpg,599,716
p07,day39/0228.jpg,767,874
p07,day39/0245.jpg,599,225
p07,day39/0249.jpg,612,789
p07,day39/0251.jpg,580,828
p07,day40/0012.jpg,44,825
p07,day40/0018.jpg,23,98
p07,day40/0025.jpg,1299,16
p07,day40/0040.jpg,794,258
p07,day40/0042.jpg,744,184
p07,day40/0044.jpg,192,743
p07,day40/0047.jpg,856,854
p07,day40/0054.jpg,528,86
p07,day40/0061.jpg,1176,709
p07,day40/0065.jpg,458,132
p07,day40/0072.jpg,334,783
p07,day40/0102.jpg,85,225
p07,day40/0105.jpg,511,844
p07,day40/0115.jpg,479,41
p07,day40/0117.jpg,527,498
p07,day40/0136.jpg,703,345
p07,day40/0139.jpg,844,416
p07,day41/0001.jpg,688,707
p07,day41/0003.jpg,266,843
p07,day41/0005.jpg,560,568
p07,day41/0006.jpg,1365,37
p07,day41/0007.jpg,1137,292
p07,day41/0009.jpg,829,754
p07,day41/0014.jpg,598,84
p07,day41/0015.jpg,820,37
p07,day41/0019.jpg,465,238
p07,day41/0031.jpg,447,220
p07,day41/0032.jpg,749,308
p07,day41/0035.jpg,311,532
p07,day41/0037.jpg,104,397
p07,day41/0039.jpg,201,56
p07,day41/0041.jpg,3,342
p07,day41/0052.jpg,391,18
p07,day41/0061.jpg,102,114
p07,day41/0065.jpg,507,707
p07,day41/0066.jpg,767,317
p07,day41/0072.jpg,945,502
p07,day41/0073.jpg,484,128
p07,day41/0078.jpg,1026,218
p07,day41/0085.jpg,1110,512
p07,day41/0088.jpg,1219,647
p07,day41/0090.jpg,500,143
p07,day41/0097.jpg,850,312
p07,day41/0111.jpg,192,463
p07,day41/0115.jpg,427,58
p07,day41/0118.jpg,1102,269
p07,day41/0119.jpg,177,634
p07,day41/0124.jpg,1431,290
p07,day41/0126.jpg,212,478
p07,day41/0143.jpg,712,344
p07,day41/0152.jpg,623,348
p07,day41/0162.jpg,447,311
p07,day41/0167.jpg,867,338
p07,day41/0173.jpg,307,15
p07,day41/0177.jpg,131,407
p07,day41/0184.jpg,25,794
p07,day41/0197.jpg,1121,521
p07,day41/0201.jpg,196,319
p07,day41/0204.jpg,1414,236
p07,day41/0210.jpg,1155,616
p07,day41/0215.jpg,910,57
p07,day41/0221.jpg,882,36
p07,day41/0225.jpg,848,278
p07,day41/0226.jpg,955,181
p07,day41/0232.jpg,219,750
p07,day41/0235.jpg,153,15
p07,day41/0246.jpg,1366,716
p07,day41/0259.jpg,291,524
p07,day41/0262.jpg,275,677
p07,day41/0263.jpg,526,758
p07,day41/0268.jpg,401,226
p07,day41/0275.jpg,953,195
p07,day41/0277.jpg,588,524
p07,day41/0282.jpg,660,485
p07,day41/0285.jpg,313,893
p07,day41/0292.jpg,225,848
p07,day41/0296.jpg,313,202
p07,day41/0304.jpg,684,628
p07,day41/0306.jpg,136,210
p07,day41/0313.jpg,1354,700
p07,day41/0315.jpg,288,813
p07,day41/0316.jpg,652,692
p07,day41/0320.jpg,290,825
p07,day41/0339.jpg,71,441
p07,day41/0345.jpg,804,796
p07,day41/0349.jpg,1027,440
p07,day41/0354.jpg,904,194
p07,day41/0359.jpg,742,887
p07,day42/0004.jpg,977,830
p07,day42/0014.jpg,1235,222
p07,day42/0017.jpg,971,365
p07,day42/0042.jpg,333,842
p07,day42/0047.jpg,131,389
p07,day42/0048.jpg,440,702
p07,day42/0054.jpg,1054,414
p07,day42/0061.jpg,617,142
p07,day42/0065.jpg,1145,429
p07,day42/0066.jpg,893,188
p07,day42/0067.jpg,904,495
p07,day42/0069.jpg,622,572
p07,day42/0071.jpg,1283,275
p07,day42/0072.jpg,1412,787
p07,day42/0082.jpg,642,14
p07,day42/0090.jpg,527,33
p07,day42/0095.jpg,1006,852
p07,day42/0099.jpg,459,603
p07,day42/0102.jpg,1298,338
p07,day42/0107.jpg,479,455
p07,day42/0118.jpg,261,845
p07,day42/0124.jpg,418,592
p07,day42/0126.jpg,215,746
p07,day42/0127.jpg,687,238
p07,day42/0129.jpg,1250,160
p07,day42/0132.jpg,340,841
p07,day42/0135.jpg,1291,857
p07,day42/0138.jpg,1392,103
p07,day42/0140.jpg,721,42
p07,day42/0148.jpg,761,444
p07,day42/0151.jpg,1084,89
p07,day42/0158.jpg,721,501
p07,day42/0159.jpg,777,9
p07,day42/0165.jpg,952,577
p07,day42/0169.jpg,7,639
p07,day42/0177.jpg,877,422
p07,day42/0179.jpg,828,781
p07,day42/0180.jpg,783,20
p07,day42/0199.jpg,1084,235
p07,day42/0200.jpg,1274,298
p07,day42/0211.jpg,679,188
p07,day42/0215.jpg,44,130
p07,day42/0219.jpg,1301,429
p07,day42/0230.jpg,412,594
p07,day42/0238.jpg,181,415
p07,day42/0240.jpg,516,26
p07,day42/0241.jpg,885,841
p07,day42/0248.jpg,261,604
p07,day42/0266.jpg,1364,477
p07,day42/0272.jpg,469,173
p07,day42/0288.jpg,288,41
p07,day42/0291.jpg,774,151
p07,day42/0297.jpg,785,191
p07,day42/0299.jpg,560,319
p07,day42/0301.jpg,271,651
p07,day42/0313.jpg,120,186
p07,day42/0319.jpg,328,612
p07,day42/0328.jpg,1067,759
p07,day42/0357.jpg,542,14
p07,day42/0358.jpg,895,389
p07,day42/0361.jpg,756,341
p07,day42/0362.jpg,233,62
p07,day42/0370.jpg,205,490
p07,day42/0372.jpg,1217,329
p07,day42/0375.jpg,418,732
p07,day42/0380.jpg,73,441
p07,day42/0387.jpg,1416,207
p07,day42/0397.jpg,65,870
p07,day42/0404.jpg,645,175
p07,day42/0422.jpg,33,370
p07,day42/0425.jpg,1163,40
p07,day42/0426.jpg,1016,830
p07,day42/0428.jpg,1029,40
p07,day42/0429.jpg,928,828
p07,day42/0440.jpg,1101,546
p07,day42/0443.jpg,696,256
p07,day42/0458.jpg,195,781
p07,day42/0463.jpg,1062,569
p07,day42/0468.jpg,288,29
p07,day42/0472.jpg,1394,837
p07,day42/0476.jpg,924,106
p07,day42/0504.jpg,339,766
p07,day42/0509.jpg,522,810
p07,day42/0512.jpg,1014,795
p07,day43/0003.jpg,619,591
p07,day43/0004.jpg,1120,58
p07,day43/0024.jpg,923,315
p07,day43/0025.jpg,523,156
p07,day43/0036.jpg,164,585
p07,day43/0041.jpg,384,208
p07,day43/0048.jpg,477,182
p07,day43/0061.jpg,159,102
p07,day43/0064.jpg,109,879
p07,day43/0067.jpg,188,656
p07,day43/0068.jpg,590,531
p07,day43/0077.jpg,1246,100
p07,day43/0081.jpg,1131,545
p07,day43/0089.jpg,112,471
p07,day43/0096.jpg,996,598
p07,day43/0099.jpg,693,28
p07,day43/0100.jpg,770,6
p07,day43/0108.jpg,1183,649
p07,day43/0112.jpg,789,38
p07,day43/0118.jpg,141,15
p07,day43/0120.jpg,931,812
p07,day43/0121.jpg,1180,281
p07,day43/0126.jpg,92,311
p07,day43/0138.jpg,468,547
p07,day43/0142.jpg,295,650
p07,day43/0143.jpg,126,732
p07,day43/0144.jpg,844,358
p07,day43/0148.jpg,196,252
p07,day43/0149.jpg,422,195
p07,day43/0151.jpg,148,806
p07,day43/0157.jpg,27,383
p07,day43/0159.jpg,561,492
p07,day43/0164.jpg,683,210
p07,day43/0167.jpg,1168,238
p07,day43/0170.jpg,36,615
p07,day43/0179.jpg,826,715
p07,day43/0180.jpg,1005,99
p07,day43/0181.jpg,94,555
p07,day43/0198.jpg,660,12
p07,day44/0002.jpg,642,561
p07,day44/0020.jpg,760,422
p07,day44/0022.jpg,391,259
p07,day44/0031.jpg,176,488
p07,day44/0044.jpg,865,149
p07,day44/0049.jpg,884,566
p07,day44/0066.jpg,339,439
p07,day44/0070.jpg,385,756
p07,day44/0075.jpg,600,358
p07,day44/0079.jpg,1270,349
p07,day44/0083.jpg,846,355
p07,day44/0091.jpg,618,285
p07,day44/0093.jpg,1276,775
p07,day44/0095.jpg,136,195
p07,day44/0097.jpg,520,580
p07,day44/0098.jpg,691,191
p07,day44/0100.jpg,158,158
p07,day44/0115.jpg,645,279
p07,day44/0128.jpg,1060,830
p07,day44/0132.jpg,1153,833
p07,day44/0143.jpg,1064,444
p07,day44/0167.jpg,1432,241
p07,day44/0169.jpg,505,582
p07,day44/0178.jpg,470,335
p07,day44/0181.jpg,1280,869
p07,day44/0186.jpg,612,336
p07,day44/0199.jpg,1300,783
p07,day44/0201.jpg,127,291
p07,day44/0205.jpg,812,756
p07,day44/0220.jpg,212,569
p07,day44/0226.jpg,12,612
p07,day44/0244.jpg,1433,352
p07,day44/0245.jpg,590,314
p07,day44/0246.jpg,776,496
p07,day44/0253.jpg,630,583
p07,day44/0264.jpg,96,32
p07,day44/0265.jpg,552,594
p07,day44/0267.jpg,922,893
p07,day44/0268.jpg,948,85
p07,day44/0278.jpg,123,249
p07,day44/0283.jpg,688,873
p07,day44/0284.jpg,696,237
p07,day44/0287.jpg,856,568
p07,day44/0293.jpg,904,510
p07,day44/0307.jpg,166,204
p07,day44/0315.jpg,1390,451
p07,day45/0001.jpg,460,533
p07,day45/0005.jpg,1290,61
p07,day45/0011.jpg,630,310
p07,day45/0016.jpg,529,67
p07,day45/0017.jpg,141,641
p07,day45/0021.jpg,246,886
p07,day45/0024.jpg,1169,396
p07,day45/0027.jpg,973,571
p07,day45/0028.jpg,688,114
p07,day45/0030.jpg,574,581
p07,day45/0034.jpg,82,587
p07,day45/0037.jpg,940,823
p07,day45/0043.jpg,466,369
p07,day45/0044.jpg,707,278
p07,day45/0045.jpg,976,32
p07,day45/0048.jpg,1230,212
p07,day45/0054.jpg,407,406
p07,day45/0071.jpg,352,672
p07,day45/0077.jpg,988,868
p07,day46/0013.jpg,1001,885
p07,day46/0031.jpg,511,868
p07,day46/0033.jpg,381,431
p07,day46/0035.jpg,157,524
p07,day46/0042.jpg,561,176
p07,day46/0048.jpg,623,495
p07,day46/0051.jpg,1363,895
p07,day46/0056.jpg,200,598
p07,day46/0064.jpg,1164,145
p07,day46/0065.jpg,1431,755
p07,day46/0069.jpg,164,431
p07,day46/0081.jpg,1417,474
p07,day46/0082.jpg,665,773
p07,day46/0083.jpg,1281,322
p07,day46/0086.jpg,938,800
p07,day46/0087.jpg,746,403
p07,day46/0088.jpg,1271,380
p07,day46/0099.jpg,1179,328
p07,day46/0114.jpg,230,10
p07,day46/0116.jpg,168,465
p07,day46/0119.jpg,521,288
p07,day46/0123.jpg,1400,746
p07,day47/0020.jpg,994,880
p07,day47/0038.jpg,1405,214
p07,day47/0043.jpg,2,245
p07,day47/0049.jpg,492,566
p07,day47/0063.jpg,1344,14
p07,day47/0066.jpg,1262,357
p07,day47/0075.jpg,1069,502
p07,day47/0079.jpg,39,301
p07,day47/0082.jpg,1053,283
p07,day47/0095.jpg,1152,623
p07,day47/0097.jpg,1027,793
p07,day47/0100.jpg,959,801
p07,day47/0104.jpg,662,39
p07,day47/0112.jpg,1257,212
p07,day47/0113.jpg,1354,880
p07,day47/0117.jpg,523,780
p07,day47/0123.jpg,794,853
p07,day47/0138.jpg,1007,91
p07,day47/0148.jpg,1343,201
p07,day47/0158.jpg,918,689
p07,day47/0159.jpg,110,48
p07,day47/0166.jpg,235,794
p07,day47/0173.jpg,728,137
p07,day47/0176.jpg,75,176
p07,day47/0177.jpg,1080,386
p07,day47/0178.jpg,1164,759
p07,day47/0179.jpg,1026,250
p07,day47/0183.jpg,903,44
p07,day47/0184.jpg,548,281
p07,day47/0187.jpg,1313,72
p07,day47/0191.jpg,312,853
p07,day47/0194.jpg,497,35
p07,day47/0199.jpg,532,199
p07,day47/0206.jpg,968,65
p07,day47/0213.jpg,1401,633
p07,day47/0215.jpg,1111,326
p07,day47/0222.jpg,587,24
p07,day47/0234.jpg,565,785
p07,day47/0237.jpg,67,187
p07,day47/0238.jpg,1001,453
p07,day47/0239.jpg,1018,652
p07,day47/0242.jpg,138,528
p07,day47/0246.jpg,949,160
p07,day47/0256.jpg,956,209
p07,day47/0259.jpg,130,246
p07,day47/0265.jpg,1332,129
p07,day47/0276.jpg,533,718
p07,day47/0277.jpg,1395,886
p07,day47/0278.jpg,218,520
p07,day47/0280.jpg,351,269
p07,day47/0283.jpg,1404,875
p07,day47/0289.jpg,273,70
p07,day47/0290.jpg,467,140
p07,day47/0291.jpg,1259,200
p07,day47/0292.jpg,473,894
p07,day47/0299.jpg,1340,262
p07,day47/0300.jpg,1278,391
p07,day47/0302.jpg,1397,627
p07,day47/0305.jpg,917,756
p07,day47/0311.jpg,268,348
p07,day47/0329.jpg,408,320
p07,day47/0332.jpg,583,250
p07,day47/0333.jpg,72,133
p07,day47/0346.jpg,1236,824
p07,day47/0347.jpg,1299,398
p07,day47/0351.jpg,459,777
p07,day47/0368.jpg,1410,548
p07,day47/0381.jpg,145,691
p07,day47/0385.jpg,1309,459
p07,day47/0390.jpg,151,720
p07,day47/0399.jpg,1013,815
p07,day47/0415.jpg,1015,823
p07,day47/0419.jpg,802,26
p07,day47/0423.jpg,290,519
p07,day47/0424.jpg,813,186
p07,day47/0425.jpg,1274,112
p07,day47/0439.jpg,994,610
p07,day47/0444.jpg,77,548
p07,day47/0445.jpg,851,131
p07,day47/0446.jpg,101,587
p07,day47/0448.jpg,1184,666
p07,day47/0463.jpg,818,97
p07,day47/0469.jpg,392,219
p07,day47/0482.jpg,320,898
p07,day47/0490.jpg,1368,185
p07,day47/0494.jpg,1188,378
p07,day47/0503.jpg,1158,684
p07,day47/0506.jpg,425,171
p07,day47/0512.jpg,1136,234
p07,day47/0516.jpg,1013,862
p07,day47/0518.jpg,821,232
p07,day47/0521.jpg,419,211
p07,day47/0524.jpg,53,55
p07,day47/0525.jpg,869,188
p07,day47/0535.jpg,24,798
p07,day47/0536.jpg,474,187
p07,day47/0544.jpg,5,315
p07,day47/0549.jpg,731,792
p07,day47/0550.jpg,246,44
p07,day47/0555.jpg,838,405
p07,day47/0566.jpg,1184,352
p07,day47/0572.jpg,177,28
p07,day47/0595.jpg,1405,112
p07,day47/0596.jpg,1166,843
p07,day47/0601.jpg,1151,179
p07,day47/0602.jpg,534,675
p07,day47/0608.jpg,386,566
p07,day47/0613.jpg,1221,483
p07,day47/0619.jpg,1324,521
p07,day47/0629.jpg,1430,539
p07,day47/0631.jpg,1301,779
p07,day47/0639.jpg,894,559
p07,day47/0657.jpg,787,538
p07,day47/0661.jpg,336,999
p07,day47/0662.jpg,986,803
p07,day47/0671.jpg,807,710
p07,day47/0673.jpg,1026,1065
p07,day47/0676.jpg,84,578
p07,day47/0681.jpg,1786,561
p07,day47/0684.jpg,418,863
p07,day47/0688.jpg,1065,264
p07,day47/0699.jpg,793,1006
p07,day47/0703.jpg,760,904
p07,day47/0706.jpg,1173,379
p07,day47/0711.jpg,228,692
p07,day47/0717.jpg,190,10
p07,day47/0720.jpg,330,602
p07,day47/0721.jpg,326,667
p07,day47/0728.jpg,657,53
p07,day47/0747.jpg,758,1023
p07,day47/0755.jpg,908,353
p07,day47/0775.jpg,572,129
p07,day47/0776.jpg,886,836
p07,day47/0786.jpg,328,614
p07,day47/0788.jpg,206,446
p07,day47/0799.jpg,1657,922
p07,day47/0807.jpg,801,746
p07,day47/0815.jpg,641,185
p07,day47/0816.jpg,652,750
p07,day47/0820.jpg,381,958
p07,day47/0833.jpg,607,929
p07,day47/0835.jpg,1186,966
p07,day47/0837.jpg,441,220
p07,day47/0844.jpg,1679,162
p07,day47/0847.jpg,1404,79
p07,day48/0003.jpg,542,825
p07,day48/0005.jpg,1269,190
p07,day48/0024.jpg,582,193
p07,day48/0026.jpg,1059,745
p07,day48/0030.jpg,384,296
p07,day48/0034.jpg,348,215
p07,day48/0041.jpg,775,38
p07,day48/0045.jpg,1074,275
p07,day48/0059.jpg,952,634
p07,day48/0065.jpg,947,677
p07,day48/0068.jpg,228,27
p07,day48/0072.jpg,1415,775
p07,day48/0086.jpg,326,334
p07,day48/0100.jpg,1089,526
p07,day48/0104.jpg,152,302
p07,day48/0107.jpg,695,278
p07,day48/0110.jpg,85,92
p07,day48/0115.jpg,820,565
p07,day48/0119.jpg,572,245
p07,day48/0129.jpg,164,564
p07,day48/0140.jpg,142,79
p07,day48/0145.jpg,1131,856
p07,day48/0147.jpg,816,720
p07,day48/0151.jpg,462,499
p07,day48/0182.jpg,388,435
p07,day48/0187.jpg,433,752
p07,day48/0188.jpg,422,894
p07,day48/0190.jpg,1288,482
p07,day48/0191.jpg,304,686
p07,day48/0192.jpg,1035,164
p07,day48/0193.jpg,1273,115
p07,day48/0195.jpg,176,417
p07,day48/0196.jpg,376,324
p07,day49/0007.jpg,1264,786
p07,day49/0010.jpg,431,71
p07,day49/0018.jpg,568,225
p07,day49/0020.jpg,624,298
p07,day49/0024.jpg,452,340
p07,day49/0036.jpg,805,455
p07,day49/0037.jpg,1324,56
p07,day49/0039.jpg,1018,617
p07,day49/0043.jpg,1240,737
p07,day49/0050.jpg,1388,39
p07,day49/0051.jpg,565,384
p07,day49/0053.jpg,883,222
p07,day49/0057.jpg,271,861
p07,day49/0058.jpg,563,682
p07,day49/0059.jpg,1218,340
p07,day49/0065.jpg,1093,330
p07,day49/0073.jpg,960,717
p07,day49/0075.jpg,675,862
p07,day49/0089.jpg,1347,126
p07,day49/0092.jpg,1151,82
p07,day49/0095.jpg,654,508
p07,day49/0098.jpg,687,529
p07,day49/0101.jpg,1413,559
p07,day49/0102.jpg,332,239
p07,day49/0110.jpg,354,583
p07,day49/0111.jpg,378,454
p07,day49/0118.jpg,536,129
p07,day49/0120.jpg,616,521
p07,day49/0122.jpg,829,168
p07,day49/0123.jpg,635,882
p07,day49/0128.jpg,837,68
p07,day49/0129.jpg,352,778
p07,day49/0133.jpg,1351,441
p07,day49/0137.jpg,1384,447
p07,day49/0138.jpg,140,768
p07,day49/0139.jpg,291,113
p07,day49/0151.jpg,1095,149
p07,day49/0156.jpg,649,630
p07,day49/0162.jpg,1323,859
p07,day49/0170.jpg,313,425
p07,day49/0174.jpg,142,295
p07,day49/0176.jpg,449,792
p07,day49/0180.jpg,370,107
p07,day49/0189.jpg,431,91
p07,day49/0191.jpg,617,391
p07,day49/0192.jpg,1110,73
p07,day49/0193.jpg,1258,385
p07,day49/0195.jpg,919,855
p07,day49/0198.jpg,42,20
p07,day49/0205.jpg,210,715
p07,day49/0216.jpg,756,51
p07,day49/0231.jpg,641,298
p07,day49/0232.jpg,1195,388
p07,day49/0241.jpg,622,576
p07,day49/0246.jpg,1012,547
p07,day49/0248.jpg,72,851
p07,day49/0249.jpg,32,728
p07,day49/0252.jpg,287,492
p07,day49/0257.jpg,680,648
p07,day49/0258.jpg,270,5
p07,day49/0271.jpg,331,673
p07,day49/0277.jpg,346,603
p07,day50/0005.jpg,1170,659
p07,day50/0007.jpg,474,110
p07,day50/0015.jpg,1079,824
p07,day50/0017.jpg,243,177
p07,day50/0019.jpg,687,687
p07,day50/0021.jpg,1134,175
p07,day50/0024.jpg,562,727
p07,day50/0028.jpg,165,436
p07,day50/0030.jpg,1300,316
p07,day50/0036.jpg,672,873
p07,day50/0039.jpg,396,341
p07,day50/0042.jpg,943,601
p07,day50/0046.jpg,254,423
p07,day50/0047.jpg,977,765
p07,day50/0050.jpg,1128,133
p07,day50/0053.jpg,747,702
p07,day50/0056.jpg,1297,406
p07,day50/0066.jpg,36,73
p07,day50/0071.jpg,1235,719
p07,day50/0075.jpg,63,588
p07,day50/0076.jpg,881,725
p07,day50/0077.jpg,1355,653
p07,day50/0087.jpg,3,818
p07,day50/0091.jpg,675,699
p07,day50/0101.jpg,194,36
p07,day50/0106.jpg,672,744
p07,day50/0107.jpg,596,378
p07,day50/0108.jpg,526,49
p07,day50/0111.jpg,634,510
p07,day50/0114.jpg,1130,73
p07,day50/0116.jpg,512,327
p07,day50/0131.jpg,240,29
p07,day50/0135.jpg,803,397
p07,day50/0137.jpg,322,39
p07,day50/0138.jpg,69,588
p07,day50/0142.jpg,176,16
p07,day50/0143.jpg,621,55
p07,day50/0152.jpg,1439,639
p07,day50/0163.jpg,1183,816
p07,day50/0165.jpg,1247,813
p07,day50/0188.jpg,399,454
p07,day50/0190.jpg,900,212
p07,day50/0214.jpg,149,407
p07,day50/0230.jpg,145,623
p07,day50/0234.jpg,1347,747
p07,day50/0239.jpg,394,219
p07,day50/0241.jpg,628,768
p07,day50/0245.jpg,1016,673
p07,day50/0248.jpg,1883,928
p07,day50/0266.jpg,25,1033
p07,day50/0270.jpg,829,529
p07,day50/0282.jpg,1810,1065
p07,day50/0283.jpg,1660,844
p07,day50/0288.jpg,874,755
p07,day50/0289.jpg,205,242
p07,day50/0295.jpg,93,778
p07,day50/0298.jpg,1780,1079
p07,day50/0313.jpg,1090,185
p07,day50/0326.jpg,1338,518
p07,day50/0333.jpg,1768,349
p07,day50/0343.jpg,1305,1005
p07,day50/0355.jpg,188,353
p07,day50/0363.jpg,954,366
p07,day50/0368.jpg,1829,820
p07,day50/0371.jpg,1711,754
p07,day50/0384.jpg,603,807
p07,day50/0389.jpg,1636,508
p07,day50/0402.jpg,1106,513
p07,day50/0403.jpg,1508,226
p07,day50/0404.jpg,387,359
p07,day50/0406.jpg,1564,663
p07,day50/0408.jpg,614,529
p07,day50/0410.jpg,740,691
p07,day50/0412.jpg,623,856
p07,day50/0424.jpg,67,764
p07,day50/0426.jpg,1806,76
p07,day50/0452.jpg,143,334
p07,day50/0455.jpg,1315,404
p07,day50/0458.jpg,130,487
p07,day50/0462.jpg,1514,705
p07,day50/0463.jpg,1291,261
p07,day50/0472.jpg,843,249
p07,day50/0474.jpg,1086,946
p07,day50/0475.jpg,373,1012
p07,day51/0005.jpg,833,729
p07,day51/0006.jpg,493,329
p07,day51/0008.jpg,811,888
p07,day51/0014.jpg,705,385
p07,day51/0016.jpg,896,201
p07,day51/0026.jpg,249,846
p07,day51/0033.jpg,396,780
p07,day51/0034.jpg,665,79
p07,day51/0048.jpg,770,758
p07,day51/0049.jpg,529,202
p07,day51/0068.jpg,1099,505
p07,day51/0083.jpg,1229,520
p07,day51/0095.jpg,460,818
p07,day51/0097.jpg,924,386
p07,day51/0104.jpg,190,732
p07,day51/0112.jpg,1366,639
p07,day51/0113.jpg,676,333
p07,day51/0115.jpg,1168,438
p07,day51/0116.jpg,332,677
p07,day51/0119.jpg,409,568
p07,day51/0121.jpg,19,65
p07,day51/0130.jpg,189,428
p07,day51/0131.jpg,551,792
p07,day51/0136.jpg,1153,265
p07,day51/0149.jpg,482,280
p07,day51/0153.jpg,1405,722
p07,day51/0154.jpg,1293,498
p07,day51/0164.jpg,1391,150
p07,day51/0197.jpg,658,199
p07,day51/0198.jpg,1043,737
p07,day51/0204.jpg,643,844
p07,day51/0205.jpg,90,622
p07,day51/0211.jpg,435,856
p07,day51/0214.jpg,501,649
p07,day51/0227.jpg,208,218
p07,day51/0230.jpg,79,77
p07,day51/0231.jpg,303,442
p07,day51/0233.jpg,649,843
p07,day51/0252.jpg,138,54
p07,day51/0264.jpg,1144,63
p07,day51/0269.jpg,1227,856
p07,day51/0270.jpg,722,750
p07,day51/0280.jpg,361,874
p07,day51/0281.jpg,1422,852
p07,day51/0285.jpg,1209,749
p07,day51/0288.jpg,788,196
p07,day51/0296.jpg,606,624
p07,day51/0299.jpg,201,222
p07,day52/0006.jpg,279,315
p07,day52/0012.jpg,913,386
p07,day52/0029.jpg,705,96
p07,day52/0034.jpg,1293,41
p07,day52/0038.jpg,179,691
p07,day52/0054.jpg,323,149
p07,day52/0065.jpg,391,31
p07,day52/0067.jpg,1330,845
p07,day52/0072.jpg,1394,894
p07,day52/0078.jpg,1292,30
p07,day52/0079.jpg,316,372
p07,day52/0087.jpg,799,726
p07,day52/0093.jpg,1348,467
p07,day52/0103.jpg,361,110
p07,day52/0111.jpg,1358,752
p07,day52/0114.jpg,841,702
p07,day52/0125.jpg,1239,39
p07,day52/0135.jpg,822,528
p07,day52/0139.jpg,889,29
p07,day52/0141.jpg,1273,520
p07,day52/0152.jpg,1271,414
p07,day52/0153.jpg,196,484
p07,day52/0157.jpg,1395,714
p07,day52/0174.jpg,1254,22
p07,day52/0175.jpg,69,760
p07,day52/0180.jpg,10,567
p07,day52/0185.jpg,457,127
p07,day52/0199.jpg,1187,692
p07,day52/0203.jpg,368,628
p07,day52/0206.jpg,1148,574
p07,day52/0207.jpg,838,758
p07,day52/0208.jpg,1090,364
p07,day52/0213.jpg,1412,384
p07,day52/0215.jpg,1367,750
p07,day52/0218.jpg,791,149
p07,day52/0223.jpg,877,310
p07,day52/0228.jpg,650,7
p07,day52/0231.jpg,973,845
p07,day52/0242.jpg,328,471
p07,day52/0255.jpg,574,610
p07,day52/0257.jpg,1038,348
p07,day52/0258.jpg,853,33
p07,day52/0266.jpg,94,166
p07,day52/0268.jpg,1275,24
p07,day52/0269.jpg,1136,380
p07,day52/0289.jpg,1016,405
p07,day52/0295.jpg,688,513
p07,day52/0297.jpg,39,66
p07,day52/0302.jpg,883,747
p07,day52/0307.jpg,192,681
p07,day52/0311.jpg,360,882
p07,day52/0312.jpg,1145,741
p07,day52/0313.jpg,1027,769
p07,day52/0320.jpg,618,629
p07,day52/0324.jpg,648,261
p07,day52/0328.jpg,433,50
p07,day52/0333.jpg,594,431
p07,day52/0335.jpg,376,714
p07,day52/0338.jpg,1090,438
p07,day52/0341.jpg,1022,778
p07,day52/0351.jpg,574,486
p07,day52/0357.jpg,590,345
p07,day52/0359.jpg,53,202
p07,day52/0363.jpg,490,557
p07,day52/0370.jpg,215,654
p07,day52/0374.jpg,859,688
p07,day52/0384.jpg,134,154
p07,day52/0385.jpg,398,38
p07,day52/0389.jpg,647,614
p07,day52/0392.jpg,1292,208
p07,day52/0393.jpg,1040,67
p07,day52/0394.jpg,866,456
p07,day52/0395.jpg,1185,527
p07,day52/0409.jpg,243,176
p07,day52/0427.jpg,980,558
p07,day52/0428.jpg,299,455
p07,day52/0429.jpg,203,98
p07,day52/0431.jpg,1175,735
p07,day52/0432.jpg,818,480
p07,day52/0434.jpg,631,120
p07,day52/0439.jpg,298,503
p07,day52/0442.jpg,1304,612
p07,day52/0443.jpg,1406,108
p07,day52/0451.jpg,710,764
p07,day52/0455.jpg,308,452
p07,day52/0456.jpg,1417,582
p07,day52/0458.jpg,558,73
p07,day52/0459.jpg,112,695
p07,day52/0461.jpg,1108,591
p07,day52/0464.jpg,977,89
p07,day52/0470.jpg,341,264
p07,day52/0471.jpg,47,881
p07,day52/0474.jpg,5,690
p07,day52/0479.jpg,741,350
p07,day52/0481.jpg,1429,683
p07,day52/0487.jpg,128,155
p07,day52/0492.jpg,141,77
p07,day52/0506.jpg,634,664
p07,day52/0510.jpg,98,828
p07,day52/0511.jpg,1031,730
p07,day52/0512.jpg,295,444
p07,day53/0007.jpg,1129,533
p07,day53/0031.jpg,601,22
p07,day53/0060.jpg,1367,723
p07,day53/0065.jpg,1333,221
p07,day53/0080.jpg,832,28
p07,day53/0081.jpg,51,508
p07,day53/0082.jpg,43,739
p07,day53/0088.jpg,842,607
p07,day53/0090.jpg,832,320
p07,day53/0094.jpg,743,533
p07,day53/0099.jpg,835,797
p07,day53/0108.jpg,1324,38
p07,day53/0117.jpg,957,192
p07,day53/0119.jpg,888,846
p07,day53/0122.jpg,1069,689
p07,day53/0132.jpg,390,34
p07,day53/0133.jpg,185,660
p07,day53/0135.jpg,651,616
p07,day54/0003.jpg,1366,69
p07,day54/0006.jpg,528,538
p07,day54/0007.jpg,1159,150
p07,day54/0008.jpg,402,326
p07,day54/0020.jpg,114,577
p07,day54/0032.jpg,158,378
p07,day54/0038.jpg,971,69
p07,day54/0040.jpg,203,91
p07,day54/0041.jpg,1392,768
p07,day54/0043.jpg,609,353
p07,day54/0055.jpg,809,553
p07,day54/0057.jpg,1437,735
p07,day54/0063.jpg,584,563
p07,day54/0064.jpg,1360,46
p07,day54/0069.jpg,959,250
p07,day54/0076.jpg,191,127
p07,day54/0083.jpg,391,293
p07,day54/0094.jpg,25,194
p07,day54/0110.jpg,147,642
p07,day54/0118.jpg,1093,103
p07,day54/0124.jpg,445,397
p07,day54/0126.jpg,345,102
p07,day54/0127.jpg,421,442
p07,day54/0137.jpg,1233,220
p07,day55/0008.jpg,462,287
p07,day55/0020.jpg,492,767
p07,day55/0021.jpg,700,777
p07,day55/0025.jpg,323,629
p07,day55/0027.jpg,242,414
p07,day55/0034.jpg,1252,707
p07,day55/0035.jpg,462,272
p07,day55/0044.jpg,97,205
p07,day55/0047.jpg,785,589
p07,day55/0053.jpg,1041,470
p07,day55/0057.jpg,967,70
p07,day55/0058.jpg,301,627
p07,day55/0067.jpg,689,498
p07,day55/0070.jpg,840,612
p07,day55/0073.jpg,1270,444
p07,day55/0078.jpg,287,582
p07,day55/0080.jpg,99,108
p07,day55/0081.jpg,791,613
p07,day55/0084.jpg,916,470
p07,day55/0087.jpg,320,669
p07,day55/0096.jpg,264,819
p07,day55/0097.jpg,913,34
p07,day55/0098.jpg,629,579
p07,day55/0102.jpg,492,897
p07,day55/0103.jpg,689,885
p07,day55/0105.jpg,457,869
p07,day55/0107.jpg,653,249
p07,day55/0111.jpg,888,206
p07,day55/0118.jpg,189,605
p07,day55/0138.jpg,948,474
p07,day55/0143.jpg,1298,289
p07,day55/0153.jpg,924,805
p07,day55/0155.jpg,768,316
p07,day55/0158.jpg,826,861
p07,day55/0160.jpg,171,696
p07,day55/0163.jpg,402,21
p07,day55/0173.jpg,1379,492
p07,day55/0178.jpg,498,674
p07,day55/0195.jpg,671,676
p07,day55/0198.jpg,658,119
p07,day55/0204.jpg,679,196
p07,day55/0205.jpg,1162,371
p07,day55/0209.jpg,1428,66
p07,day55/0211.jpg,84,889
p07,day55/0213.jpg,30,72
p07,day55/0214.jpg,1208,407
p07,day55/0215.jpg,439,290
p07,day55/0217.jpg,231,158
p07,day55/0219.jpg,985,720
p07,day55/0232.jpg,705,86
p07,day55/0234.jpg,125,217
p07,day55/0239.jpg,20,194
p07,day55/0240.jpg,85,223
p07,day55/0241.jpg,362,573
p07,day55/0248.jpg,414,334
p07,day55/0251.jpg,1272,59
p07,day55/0254.jpg,1348,564
p07,day55/0266.jpg,765,509
p07,day55/0267.jpg,1424,623
p07,day55/0270.jpg,876,120
p07,day55/0282.jpg,712,240
p07,day55/0286.jpg,1096,566
p07,day55/0290.jpg,1329,390
p07,day55/0292.jpg,828,649
p07,day55/0308.jpg,904,51
p07,day55/0309.jpg,935,686
p07,day55/0326.jpg,1160,41
p07,day55/0331.jpg,434,180
p07,day55/0333.jpg,1696,719
p07,day55/0334.jpg,604,884
p07,day55/0350.jpg,1726,15
p07,day55/0355.jpg,792,770
p07,day55/0358.jpg,19,794
p07,day55/0362.jpg,562,651
p07,day55/0369.jpg,664,1060
p07,day55/0377.jpg,347,976
p07,day55/0379.jpg,1379,1043
p07,day55/0383.jpg,968,95
p07,day55/0388.jpg,461,747
p07,day55/0391.jpg,613,640
p07,day55/0401.jpg,412,935
p07,day55/0410.jpg,828,172
p07,day55/0418.jpg,876,122
p07,day55/0431.jpg,1315,1068
p07,day55/0434.jpg,734,517
p07,day55/0443.jpg,1581,59
p07,day56/0002.jpg,1723,840
p07,day56/0003.jpg,849,38
p07,day56/0008.jpg,27,345
p07,day56/0010.jpg,1337,163
p07,day56/0016.jpg,1721,180
p07,day56/0017.jpg,1699,645
p07,day56/0022.jpg,846,772
p07,day56/0025.jpg,104,896
p07,day56/0029.jpg,371,229
p07,day56/0033.jpg,611,421
p07,day56/0038.jpg,593,674
p07,day56/0041.jpg,1386,501
p07,day56/0048.jpg,1222,513
p07,day56/0050.jpg,1238,511
p07,day56/0051.jpg,1800,300
p07,day56/0053.jpg,1136,631
p07,day56/0058.jpg,1711,59
p07,day56/0059.jpg,952,814
p07,day56/0065.jpg,303,18
p07,day56/0066.jpg,1846,913
p07,day56/0067.jpg,753,374
p07,day56/0076.jpg,1261,921
p07,day56/0078.jpg,767,978
p07,day56/0082.jpg,308,503
p07,day56/0087.jpg,674,93
p07,day56/0095.jpg,1433,282
p07,day56/0096.jpg,1370,132
p07,day56/0097.jpg,1354,206
p07,day56/0105.jpg,956,61
p07,day56/0108.jpg,1345,904
p07,day56/0115.jpg,840,801
p07,day56/0118.jpg,1792,20
p07,day56/0119.jpg,533,625
p07,day56/0125.jpg,1503,513
p08,day01/0002.jpg,1184,582
p08,day01/0003.jpg,1260,252
p08,day01/0004.jpg,783,829
p08,day01/0010.jpg,1435,31
p08,day01/0011.jpg,922,733
p08,day01/0013.jpg,1433,423
p08,day01/0018.jpg,910,68
p08,day02/0006.jpg,593,160
p08,day02/0007.jpg,790,181
p08,day02/0009.jpg,927,386
p08,day02/0014.jpg,29,119
p08,day02/0015.jpg,1205,639
p08,day02/0019.jpg,398,517
p08,day02/0024.jpg,972,711
p08,day02/0026.jpg,146,522
p08,day02/0033.jpg,1223,250
p08,day02/0037.jpg,1292,5
p08,day03/0004.jpg,1143,213
p08,day03/0008.jpg,1226,855
p08,day03/0011.jpg,476,242
p08,day03/0012.jpg,625,157
p08,day03/0019.jpg,966,598
p08,day03/0020.jpg,1083,671
p08,day03/0022.jpg,1383,331
p08,day03/0024.jpg,1042,754
p08,day03/0028.jpg,1391,792
p08,day03/0029.jpg,468,98
p08,day03/0047.jpg,1359,7
p08,day03/0048.jpg,159,557
p08,day03/0051.jpg,1231,67
p08,day03/0052.jpg,639,884
p08,day03/0053.jpg,710,146
p08,day03/0054.jpg,418,140
p08,day03/0055.jpg,1412,1
p08,day03/0060.jpg,440,596
p08,day04/0001.jpg,363,177
p08,day04/0004.jpg,563,841
p08,day04/0006.jpg,719,485
p08,day04/0008.jpg,494,887
p08,day04/0013.jpg,1406,483
p08,day04/0020.jpg,744,837
p08,day04/0021.jpg,958,271
p08,day04/0025.jpg,1066,652
p08,day04/0034.jpg,244,279
p08,day04/0035.jpg,214,186
p08,day04/0040.jpg,367,478
p08,day04/0043.jpg,383,163
p08,day04/0044.jpg,191,612
p08,day04/0050.jpg,223,690
p08,day04/0054.jpg,832,831
p08,day04/0056.jpg,366,296
p08,day04/0057.jpg,384,11
p08,day04/0067.jpg,634,33
p08,day04/0073.jpg,1382,189
p08,day04/0074.jpg,1052,160
p08,day04/0079.jpg,1345,1
p08,day04/0083.jpg,1222,560
p08,day04/0086.jpg,547,68
p08,day04/0089.jpg,624,77
p08,day04/0094.jpg,484,212
p08,day04/0106.jpg,104,641
p08,day04/0108.jpg,272,653
p08,day04/0112.jpg,170,812
p08,day04/0113.jpg,846,755
p08,day04/0114.jpg,969,150
p08,day04/0116.jpg,260,404
p08,day04/0117.jpg,426,739
p08,day04/0119.jpg,605,866
p08,day04/0124.jpg,505,589
p08,day04/0132.jpg,1329,137
p08,day04/0133.jpg,379,38
p08,day04/0135.jpg,589,500
p08,day04/0141.jpg,481,847
p08,day04/0155.jpg,497,898
p08,day04/0159.jpg,1384,116
p08,day04/0169.jpg,756,644
p08,day04/0170.jpg,1128,490
p08,day04/0171.jpg,127,566
p08,day04/0175.jpg,146,193
p08,day04/0177.jpg,1347,33
p08,day04/0179.jpg,1061,795
p08,day04/0181.jpg,950,741
p08,day04/0187.jpg,960,426
p08,day04/0192.jpg,138,564
p08,day05/0002.jpg,1218,712
p08,day05/0011.jpg,1403,368
p08,day05/0013.jpg,539,341
p08,day05/0020.jpg,805,282
p08,day05/0021.jpg,61,281
p08,day05/0023.jpg,485,283
p08,day05/0030.jpg,480,496
p08,day05/0036.jpg,208,155
p08,day05/0038.jpg,204,49
p08,day05/0039.jpg,1031,805
p08,day05/0047.jpg,1198,474
p08,day05/0048.jpg,103,138
p08,day05/0049.jpg,582,623
p08,day05/0051.jpg,1209,81
p08,day05/0053.jpg,1288,264
p08,day05/0055.jpg,1070,831
p08,day05/0059.jpg,1130,90
p08,day05/0062.jpg,65,677
p08,day05/0067.jpg,603,470
p08,day05/0069.jpg,1164,358
p08,day05/0073.jpg,285,327
p08,day05/0090.jpg,1310,118
p08,day05/0094.jpg,865,840
p08,day05/0105.jpg,1413,475
p08,day05/0109.jpg,353,132
p08,day05/0111.jpg,641,748
p08,day05/0114.jpg,1102,346
p08,day05/0115.jpg,772,109
p08,day05/0130.jpg,276,466
p08,day05/0131.jpg,917,274
p08,day05/0135.jpg,926,763
p08,day05/0136.jpg,825,585
p08,day05/0147.jpg,301,78
p08,day05/0161.jpg,311,32
p08,day05/0164.jpg,1014,103
p08,day05/0165.jpg,773,250
p08,day05/0167.jpg,84,346
p08,day05/0170.jpg,276,494
p08,day05/0173.jpg,1261,1
p08,day05/0180.jpg,881,192
p08,day05/0183.jpg,816,406
p08,day05/0186.jpg,439,267
p08,day05/0188.jpg,823,331
p08,day05/0194.jpg,1244,363
p08,day05/0195.jpg,839,664
p08,day05/0198.jpg,580,631
p08,day05/0200.jpg,412,805
p08,day05/0208.jpg,952,532
p08,day05/0209.jpg,291,627
p08,day05/0210.jpg,948,533
p08,day05/0211.jpg,462,628
p08,day05/0215.jpg,1099,20
p08,day05/0216.jpg,714,705
p08,day05/0220.jpg,148,597
p08,day05/0222.jpg,141,488
p08,day05/0224.jpg,634,506
p08,day05/0232.jpg,533,783
p08,day05/0236.jpg,471,384
p08,day05/0237.jpg,1340,144
p08,day05/0252.jpg,600,401
p08,day05/0255.jpg,833,749
p08,day05/0257.jpg,655,719
p08,day05/0261.jpg,927,762
p08,day05/0265.jpg,662,588
p08,day05/0266.jpg,1134,893
p08,day05/0267.jpg,813,45
p08,day05/0268.jpg,949,75
p08,day05/0279.jpg,1336,500
p08,day05/0286.jpg,1354,346
p08,day05/0296.jpg,825,793
p08,day05/0301.jpg,1381,426
p08,day05/0305.jpg,177,118
p08,day05/0315.jpg,1019,44
p08,day05/0320.jpg,647,511
p08,day05/0334.jpg,1395,880
p08,day05/0337.jpg,847,5
p08,day05/0341.jpg,681,540
p08,day05/0342.jpg,1215,174
p08,day05/0351.jpg,193,452
p08,day05/0356.jpg,1228,142
p08,day05/0357.jpg,1014,581
p08,day05/0364.jpg,1031,696
p08,day05/0370.jpg,711,464
p08,day05/0376.jpg,127,172
p08,day05/0377.jpg,998,141
p08,day05/0381.jpg,819,675
p08,day05/0382.jpg,1299,897
p08,day05/0387.jpg,248,308
p08,day05/0389.jpg,597,277
p08,day05/0397.jpg,1076,765
p08,day05/0404.jpg,1104,740
p08,day05/0417.jpg,874,551
p08,day05/0420.jpg,663,458
p08,day05/0423.jpg,826,125
p08,day05/0428.jpg,1320,672
p08,day05/0432.jpg,1307,615
p08,day05/0435.jpg,863,698
p08,day05/0444.jpg,916,488
p08,day05/0449.jpg,1043,106
p08,day06/0001.jpg,698,238
p08,day06/0003.jpg,1008,198
p08,day06/0019.jpg,1205,678
p08,day06/0024.jpg,1438,215
p08,day06/0030.jpg,805,610
p08,day06/0031.jpg,1428,3
p08,day06/0033.jpg,994,807
p08,day06/0036.jpg,342,898
p08,day06/0037.jpg,735,347
p08,day06/0038.jpg,1360,708
p08,day06/0039.jpg,745,293
p08,day06/0045.jpg,1292,756
p08,day06/0047.jpg,968,151
p08,day06/0050.jpg,1348,829
p08,day06/0051.jpg,381,213
p08,day06/0053.jpg,1251,139
p08,day07/0009.jpg,337,494
p08,day07/0014.jpg,896,167
p08,day07/0022.jpg,1126,454
p08,day07/0025.jpg,192,528
p08,day07/0028.jpg,683,23
p08,day07/0035.jpg,1290,641
p08,day07/0036.jpg,1013,105
p08,day07/0038.jpg,1222,96
p08,day07/0040.jpg,357,461
p08,day07/0041.jpg,901,703
p08,day07/0043.jpg,996,574
p08,day07/0048.jpg,1091,102
p08,day07/0050.jpg,1081,3
p08,day07/0051.jpg,1335,7
p08,day07/0056.jpg,1322,412
p08,day07/0065.jpg,80,72
p08,day07/0066.jpg,991,597
p08,day07/0068.jpg,673,752
p08,day07/0070.jpg,944,570
p08,day07/0076.jpg,855,26
p08,day07/0077.jpg,414,564
p08,day07/0081.jpg,268,265
p08,day07/0083.jpg,433,325
p08,day07/0084.jpg,187,541
p08,day07/0086.jpg,1102,22
p08,day07/0088.jpg,213,621
p08,day07/0091.jpg,1220,646
p08,day07/0098.jpg,814,871
p08,day07/0099.jpg,421,741
p08,day07/0105.jpg,1055,824
p08,day07/0108.jpg,23,495
p08,day07/0111.jpg,648,225
p08,day07/0113.jpg,182,576
p08,day07/0115.jpg,75,782
p08,day07/0117.jpg,573,612
p08,day07/0122.jpg,1155,502
p08,day07/0125.jpg,887,51
p08,day07/0135.jpg,575,778
p08,day07/0136.jpg,1075,282
p08,day07/0138.jpg,1369,841
p08,day07/0139.jpg,1294,329
p08,day07/0140.jpg,755,188
p08,day07/0144.jpg,729,666
p08,day07/0150.jpg,42,218
p08,day07/0151.jpg,420,727
p08,day07/0160.jpg,189,630
p08,day07/0162.jpg,1146,556
p08,day07/0163.jpg,832,667
p08,day07/0166.jpg,860,82
p08,day07/0167.jpg,1380,300
p08,day07/0168.jpg,983,679
p08,day07/0171.jpg,712,157
p08,day07/0176.jpg,1029,313
p08,day07/0190.jpg,371,411
p08,day07/0194.jpg,1373,361
p08,day07/0202.jpg,619,756
p08,day07/0208.jpg,834,609
p08,day07/0210.jpg,929,575
p08,day07/0211.jpg,105,298
p08,day07/0225.jpg,320,140
p08,day07/0226.jpg,604,668
p08,day07/0227.jpg,381,368
p08,day07/0231.jpg,1318,285
p08,day07/0234.jpg,1425,695
p08,day07/0237.jpg,1394,587
p08,day07/0240.jpg,934,786
p08,day07/0245.jpg,389,105
p08,day07/0247.jpg,1046,866
p08,day07/0248.jpg,649,783
p08,day07/0249.jpg,53,636
p08,day07/0252.jpg,232,7
p08,day07/0265.jpg,120,329
p08,day07/0271.jpg,85,442
p08,day07/0274.jpg,1327,838
p08,day07/0275.jpg,451,619
p08,day07/0277.jpg,351,211
p08,day07/0283.jpg,596,681
p08,day07/0286.jpg,716,843
p08,day07/0293.jpg,1379,448
p08,day07/0294.jpg,656,746
p08,day07/0297.jpg,1060,510
p08,day08/0005.jpg,290,267
p08,day08/0006.jpg,626,301
p08,day08/0013.jpg,378,396
p08,day08/0017.jpg,1060,40
p08,day08/0021.jpg,1076,449
p08,day08/0023.jpg,983,338
p08,day08/0024.jpg,1249,90
p08,day08/0026.jpg,181,672
p08,day08/0027.jpg,519,459
p08,day08/0036.jpg,1386,785
p08,day08/0038.jpg,496,343
p08,day08/0041.jpg,216,238
p08,day08/0043.jpg,638,187
p08,day08/0045.jpg,885,415
p08,day08/0048.jpg,307,818
p08,day08/0056.jpg,782,692
p08,day08/0065.jpg,826,74
p08,day08/0067.jpg,811,17
p08,day08/0078.jpg,433,10
p08,day08/0079.jpg,874,596
p08,day08/0083.jpg,810,767
p08,day08/0087.jpg,648,604
p08,day08/0092.jpg,1351,115
p08,day09/0001.jpg,734,330
p08,day09/0011.jpg,1012,361
p08,day09/0012.jpg,891,133
p08,day09/0013.jpg,492,129
p08,day09/0015.jpg,1317,464
p08,day09/0025.jpg,498,750
p08,day09/0029.jpg,1301,28
p08,day09/0033.jpg,254,747
p08,day09/0044.jpg,215,675
p08,day09/0045.jpg,744,536
p08,day09/0046.jpg,762,83
p08,day09/0048.jpg,756,554
p08,day09/0049.jpg,1039,7
p08,day09/0052.jpg,1329,465
p08,day09/0057.jpg,135,639
p08,day09/0060.jpg,337,886
p08,day09/0062.jpg,222,716
p08,day09/0063.jpg,161,853
p08,day09/0065.jpg,814,715
p08,day09/0070.jpg,1248,805
p08,day09/0071.jpg,236,54
p08,day09/0081.jpg,738,236
p08,day09/0082.jpg,1163,234
p08,day09/0087.jpg,238,389
p08,day09/0094.jpg,557,213
p08,day09/0095.jpg,832,603
p08,day09/0097.jpg,1389,548
p08,day09/0098.jpg,908,612
p08,day09/0100.jpg,447,612
p08,day10/0001.jpg,1027,143
p08,day10/0009.jpg,353,69
p08,day10/0012.jpg,247,1
p08,day10/0024.jpg,111,851
p08,day10/0025.jpg,232,704
p08,day10/0027.jpg,72,108
p08,day10/0029.jpg,455,690
p08,day10/0031.jpg,937,593
p08,day10/0042.jpg,95,723
p08,day10/0043.jpg,1067,210
p08,day10/0055.jpg,120,883
p08,day10/0060.jpg,1053,146
p08,day10/0062.jpg,1403,219
p08,day10/0072.jpg,1249,358
p08,day10/0074.jpg,760,361
p08,day10/0075.jpg,498,777
p08,day10/0077.jpg,137,86
p08,day10/0081.jpg,670,719
p08,day10/0082.jpg,1354,823
p08,day10/0088.jpg,263,70
p08,day10/0089.jpg,1056,634
p08,day10/0102.jpg,151,327
p08,day10/0107.jpg,938,40
p08,day10/0108.jpg,1277,552
p08,day10/0112.jpg,521,715
p08,day10/0114.jpg,1023,652
p08,day10/0116.jpg,111,7
p08,day10/0123.jpg,168,677
p08,day10/0125.jpg,335,243
p08,day10/0126.jpg,296,737
p08,day10/0129.jpg,551,790
p08,day10/0130.jpg,549,231
p08,day10/0135.jpg,940,753
p08,day10/0139.jpg,1220,598
p08,day10/0140.jpg,628,838
p08,day10/0141.jpg,1198,878
p08,day10/0144.jpg,808,713
p08,day10/0158.jpg,1191,632
p08,day10/0160.jpg,703,520
p08,day10/0162.jpg,1335,396
p08,day10/0163.jpg,1052,783
p08,day10/0164.jpg,694,64
p08,day10/0166.jpg,982,62
p08,day10/0167.jpg,1107,440
p08,day10/0174.jpg,219,645
p08,day10/0177.jpg,592,627
p08,day10/0179.jpg,135,862
p08,day10/0188.jpg,944,566
p08,day10/0189.jpg,393,512
p08,day10/0192.jpg,1430,53
p08,day10/0193.jpg,908,172
p08,day10/0196.jpg,1329,821
p08,day10/0200.jpg,1230,15
p08,day10/0204.jpg,1372,35
p08,day10/0205.jpg,36,704
p08,day10/0209.jpg,228,578
p08,day10/0210.jpg,891,234
p08,day10/0211.jpg,774,44
p08,day10/0214.jpg,718,448
p08,day10/0218.jpg,574,243
p08,day10/0225.jpg,150,565
p08,day10/0234.jpg,1038,749
p08,day10/0235.jpg,523,877
p08,day10/0236.jpg,654,832
p08,day10/0238.jpg,206,157
p08,day10/0239.jpg,433,314
p08,day10/0243.jpg,1041,446
p08,day10/0255.jpg,421,770
p08,day10/0258.jpg,1009,276
p08,day10/0262.jpg,1225,127
p08,day10/0264.jpg,752,604
p08,day10/0269.jpg,177,330
p08,day10/0270.jpg,849,403
p08,day10/0271.jpg,327,593
p08,day10/0275.jpg,247,839
p08,day10/0276.jpg,572,866
p08,day10/0281.jpg,337,548
p08,day10/0287.jpg,18,571
p08,day10/0288.jpg,268,835
p08,day10/0289.jpg,143,515
p08,day10/0290.jpg,676,446
p08,day10/0294.jpg,253,850
p08,day10/0297.jpg,1144,732
p08,day10/0302.jpg,598,286
p08,day10/0314.jpg,805,607
p08,day10/0316.jpg,6,772
p08,day10/0318.jpg,519,696
p08,day10/0324.jpg,250,253
p08,day10/0332.jpg,146,385
p08,day10/0345.jpg,398,325
p08,day10/0355.jpg,6,61
p08,day10/0361.jpg,240,196
p08,day10/0367.jpg,1362,668
p08,day10/0369.jpg,487,187
p08,day11/0002.jpg,1047,423
p08,day11/0010.jpg,1357,128
p08,day11/0012.jpg,682,9
p08,day11/0021.jpg,485,636
p08,day11/0022.jpg,1104,369
p08,day11/0024.jpg,61,430
p08,day11/0025.jpg,1142,729
p08,day11/0026.jpg,877,811
p08,day11/0028.jpg,622,803
p08,day11/0030.jpg,739,11
p08,day11/0037.jpg,329,209
p08,day11/0038.jpg,581,691
p08,day12/0002.jpg,1076,57
p08,day12/0006.jpg,694,480
p08,day12/0008.jpg,378,75
p08,day12/0009.jpg,865,794
p08,day12/0012.jpg,369,314
p08,day12/0015.jpg,708,223
p08,day12/0024.jpg,511,224
p08,day12/0025.jpg,1322,113
p08,day12/0028.jpg,1309,359
p08,day12/0044.jpg,854,875
p08,day12/0045.jpg,30,29
p08,day12/0048.jpg,94,568
p08,day12/0052.jpg,678,135
p08,day12/0056.jpg,1234,581
p08,day12/0068.jpg,357,121
p08,day12/0070.jpg,1393,27
p08,day12/0075.jpg,420,712
p08,day12/0078.jpg,446,243
p08,day13/0004.jpg,1240,36
p08,day13/0005.jpg,178,887
p08,day13/0006.jpg,878,16
p08,day13/0008.jpg,8,570
p08,day13/0010.jpg,627,782
p08,day13/0011.jpg,1258,762
p08,day13/0021.jpg,1437,70
p08,day13/0025.jpg,5,302
p08,day13/0026.jpg,1306,279
p08,day13/0032.jpg,391,460
p08,day13/0043.jpg,473,298
p08,day13/0044.jpg,231,257
p08,day13/0045.jpg,1415,493
p08,day13/0048.jpg,994,54
p08,day13/0056.jpg,864,729
p08,day13/0058.jpg,510,171
p08,day13/0062.jpg,300,673
p08,day13/0063.jpg,1115,283
p08,day13/0072.jpg,1024,449
p08,day13/0075.jpg,49,785
p08,day13/0079.jpg,1150,658
p08,day13/0084.jpg,423,298
p08,day13/0093.jpg,723,170
p08,day13/0095.jpg,40,476
p08,day13/0100.jpg,628,316
p08,day13/0101.jpg,1187,64
p08,day13/0107.jpg,372,478
p08,day13/0114.jpg,1288,269
p08,day13/0117.jpg,772,888
p08,day13/0129.jpg,848,469
p08,day13/0130.jpg,774,478
p08,day13/0134.jpg,52,74
p08,day13/0140.jpg,469,548
p08,day13/0146.jpg,902,224
p08,day13/0148.jpg,564,647
p08,day13/0149.jpg,165,681
p08,day13/0151.jpg,1432,899
p08,day13/0168.jpg,871,406
p08,day13/0171.jpg,1242,366
p08,day13/0176.jpg,701,249
p08,day13/0177.jpg,1042,858
p08,day13/0180.jpg,835,304
p08,day13/0183.jpg,587,601
p08,day13/0195.jpg,1084,162
p08,day14/0005.jpg,666,634
p08,day14/0008.jpg,1197,88
p08,day14/0013.jpg,161,816
p08,day14/0014.jpg,367,347
p08,day14/0015.jpg,804,661
p08,day14/0021.jpg,468,429
p08,day14/0024.jpg,148,18
p08,day14/0025.jpg,196,65
p08,day14/0032.jpg,1363,269
p08,day14/0033.jpg,465,621
p08,day14/0035.jpg,666,302
p08,day14/0036.jpg,1046,653
p08,day14/0039.jpg,78,358
p08,day14/0041.jpg,211,188
p08,day14/0045.jpg,1425,96
p08,day14/0052.jpg,80,212
p08,day14/0054.jpg,1154,343
p08,day14/0056.jpg,204,128
p08,day14/0058.jpg,1125,299
p08,day14/0061.jpg,1016,194
p08,day14/0062.jpg,867,176
p08,day14/0068.jpg,1091,850
p08,day14/0072.jpg,336,870
p08,day14/0077.jpg,375,817
p08,day14/0081.jpg,792,792
p08,day14/0086.jpg,287,478
p08,day14/0092.jpg,134,485
p08,day14/0095.jpg,381,572
p08,day14/0105.jpg,1024,655
p08,day14/0107.jpg,1086,424
p08,day14/0118.jpg,135,568
p08,day14/0119.jpg,892,742
p08,day15/0002.jpg,281,853
p08,day15/0006.jpg,303,592
p08,day15/0007.jpg,1216,107
p08,day15/0008.jpg,952,458
p08,day15/0009.jpg,115,312
p08,day15/0015.jpg,1319,818
p08,day15/0018.jpg,584,675
p08,day15/0019.jpg,1118,136
p08,day15/0025.jpg,598,416
p08,day15/0027.jpg,1243,244
p08,day15/0028.jpg,1412,279
p08,day15/0033.jpg,160,832
p08,day15/0034.jpg,188,445
p08,day15/0035.jpg,421,408
p08,day15/0040.jpg,1424,167
p08,day15/0041.jpg,1248,277
p08,day15/0043.jpg,1284,450
p08,day15/0045.jpg,395,726
p08,day15/0049.jpg,886,257
p08,day15/0053.jpg,526,830
p08,day15/0056.jpg,754,673
p08,day15/0059.jpg,978,426
p08,day15/0067.jpg,1403,685
p08,day15/0070.jpg,869,319
p08,day15/0072.jpg,1305,601
p08,day15/0073.jpg,1074,19
p08,day15/0079.jpg,721,185
p08,day15/0080.jpg,290,175
p08,day15/0087.jpg,991,456
p08,day15/0091.jpg,1026,262
p08,day15/0092.jpg,150,885
p08,day15/0095.jpg,132,16
p08,day15/0098.jpg,311,48
p08,day15/0101.jpg,69,73
p08,day15/0105.jpg,1369,485
p08,day15/0114.jpg,1347,493
p08,day15/0116.jpg,1065,688
p08,day15/0118.jpg,242,35
p08,day15/0125.jpg,391,445
p08,day15/0128.jpg,1404,862
p08,day15/0137.jpg,850,153
p08,day16/0001.jpg,728,243
p08,day16/0002.jpg,562,506
p08,day16/0005.jpg,862,101
p08,day16/0006.jpg,586,23
p08,day16/0022.jpg,376,437
p08,day16/0023.jpg,531,752
p08,day16/0026.jpg,638,507
p08,day16/0031.jpg,879,394
p08,day16/0034.jpg,14,377
p08,day16/0051.jpg,409,718
p08,day16/0054.jpg,824,549
p08,day16/0057.jpg,1197,433
p08,day16/0068.jpg,1369,878
p08,day16/0070.jpg,653,47
p08,day16/0073.jpg,160,300
p08,day16/0075.jpg,997,388
p08,day16/0080.jpg,82,115
p08,day16/0081.jpg,1183,46
p08,day16/0086.jpg,602,647
p08,day17/0004.jpg,836,482
p08,day17/0010.jpg,761,671
p08,day17/0011.jpg,792,773
p08,day17/0013.jpg,1239,559
p08,day17/0016.jpg,681,22
p08,day17/0017.jpg,595,667
p08,day17/0027.jpg,423,747
p08,day17/0028.jpg,834,319
p08,day17/0038.jpg,46,676
p08,day17/0041.jpg,574,388
p08,day17/0050.jpg,1106,847
p08,day17/0055.jpg,881,281
p08,day17/0063.jpg,464,487
p08,day18/0002.jpg,352,110
p08,day18/0006.jpg,28,298
p08,day18/0008.jpg,683,506
p08,day18/0010.jpg,1403,529
p08,day18/0015.jpg,1017,376
p08,day18/0021.jpg,935,850
p08,day18/0023.jpg,761,878
p08,day18/0024.jpg,1109,729
p08,day18/0030.jpg,1060,308
p08,day18/0034.jpg,962,736
p08,day18/0038.jpg,345,618
p08,day18/0047.jpg,1081,588
p08,day18/0048.jpg,625,111
p08,day18/0051.jpg,873,699
p08,day18/0054.jpg,1240,111
p08,day18/0058.jpg,1203,107
p08,day18/0064.jpg,147,117
p08,day18/0065.jpg,377,324
p08,day18/0068.jpg,614,541
p08,day18/0074.jpg,14,475
p08,day18/0078.jpg,1044,819
p08,day18/0081.jpg,363,110
p08,day18/0082.jpg,631,834
p08,day18/0085.jpg,404,621
p08,day18/0086.jpg,253,114
p08,day18/0087.jpg,1144,671
p08,day18/0088.jpg,540,382
p08,day18/0089.jpg,967,559
p08,day18/0093.jpg,1025,723
p08,day18/0099.jpg,1158,50
p08,day18/0102.jpg,315,104
p08,day18/0110.jpg,975,837
p08,day18/0111.jpg,1103,550
p08,day18/0113.jpg,167,836
p08,day18/0117.jpg,931,341
p08,day18/0121.jpg,1379,309
p08,day18/0126.jpg,423,187
p08,day18/0127.jpg,816,527
p08,day18/0131.jpg,25,142
p08,day18/0132.jpg,998,38
p08,day18/0133.jpg,405,745
p08,day18/0134.jpg,511,665
p08,day18/0138.jpg,1080,267
p08,day18/0139.jpg,1232,282
p08,day18/0145.jpg,516,680
p08,day18/0147.jpg,905,603
p08,day18/0148.jpg,551,878
p08,day18/0154.jpg,856,883
p08,day18/0157.jpg,156,21
p08,day18/0159.jpg,610,539
p08,day18/0166.jpg,1170,37
p08,day18/0174.jpg,638,328
p08,day18/0175.jpg,1273,746
p08,day18/0178.jpg,560,549
p08,day18/0180.jpg,1131,398
p08,day18/0183.jpg,576,57
p08,day18/0189.jpg,195,40
p08,day18/0190.jpg,730,594
p08,day18/0193.jpg,1308,400
p08,day18/0195.jpg,293,381
p08,day18/0196.jpg,4,604
p08,day18/0197.jpg,406,789
p08,day18/0201.jpg,917,720
p08,day18/0206.jpg,1410,822
p08,day18/0217.jpg,1177,165
p08,day18/0222.jpg,997,736
p08,day18/0224.jpg,535,242
p08,day19/0001.jpg,1064,582
p08,day19/0006.jpg,534,499
p08,day19/0007.jpg,280,116
p08,day19/0020.jpg,174,831
p08,day19/0024.jpg,110,695
p08,day19/0029.jpg,1182,674
p08,day19/0030.jpg,615,810
p08,day19/0033.jpg,674,389
p08,day19/0034.jpg,517,361
p08,day19/0036.jpg,627,241
p08,day19/0038.jpg,181,619
p08,day19/0045.jpg,597,782
p08,day19/0050.jpg,330,226
p08,day19/0052.jpg,829,798
p08,day19/0065.jpg,848,668
p08,day19/0066.jpg,701,393
p08,day19/0082.jpg,1151,522
p08,day19/0083.jpg,1132,99
p08,day19/0084.jpg,155,320
p08,day19/0095.jpg,867,688
p08,day19/0096.jpg,1003,221
p08,day19/0097.jpg,847,779
p08,day19/0099.jpg,225,473
p08,day19/0111.jpg,168,859
p08,day19/0116.jpg,869,218
p08,day19/0120.jpg,226,214
p08,day19/0124.jpg,327,592
p08,day19/0125.jpg,1169,749
p08,day19/0127.jpg,726,27
p08,day19/0128.jpg,899,13
p08,day20/0006.jpg,456,667
p08,day20/0008.jpg,1071,375
p08,day20/0009.jpg,512,372
p08,day20/0013.jpg,1261,14
p08,day20/0014.jpg,803,23
p08,day20/0017.jpg,1102,478
p08,day20/0018.jpg,635,126
p08,day20/0019.jpg,1034,62
p08,day20/0024.jpg,1233,70
p08,day20/0026.jpg,1233,831
p08,day20/0030.jpg,579,357
p08,day20/0033.jpg,611,43
p08,day20/0036.jpg,439,72
p08,day20/0039.jpg,67,688
p08,day20/0042.jpg,307,354
p08,day20/0043.jpg,1351,827
p08,day20/0044.jpg,1280,372
p08,day20/0047.jpg,25,251
p08,day20/0056.jpg,665,44
p08,day20/0058.jpg,437,619
p08,day20/0063.jpg,16,109
p08,day20/0065.jpg,1367,451
p08,day20/0067.jpg,1395,733
p08,day20/0070.jpg,1347,196
p08,day20/0074.jpg,606,371
p08,day20/0076.jpg,111,774
p08,day20/0077.jpg,1420,602
p08,day20/0079.jpg,1280,481
p08,day20/0080.jpg,543,254
p08,day20/0081.jpg,1146,578
p08,day20/0085.jpg,168,434
p08,day20/0089.jpg,426,744
p08,day20/0091.jpg,245,419
p08,day20/0093.jpg,979,3
p08,day20/0099.jpg,564,36
p08,day20/0106.jpg,662,11
p08,day20/0107.jpg,175,691
p08,day20/0109.jpg,1291,79
p08,day20/0112.jpg,1282,353
p08,day20/0119.jpg,727,417
p08,day20/0120.jpg,1037,662
p08,day20/0126.jpg,917,756
p08,day20/0128.jpg,1292,873
p08,day20/0134.jpg,935,504
p08,day20/0141.jpg,1363,177
p08,day20/0142.jpg,89,116
p08,day20/0143.jpg,892,73
p08,day20/0147.jpg,1221,198
p08,day20/0158.jpg,888,892
p08,day20/0160.jpg,1373,171
p08,day20/0161.jpg,247,439
p08,day20/0162.jpg,1090,850
p08,day20/0163.jpg,901,628
p08,day20/0164.jpg,48,132
p08,day20/0167.jpg,1257,54
p08,day20/0168.jpg,967,811
p08,day20/0169.jpg,1102,225
p08,day20/0172.jpg,64,667
p08,day20/0175.jpg,475,775
p08,day20/0180.jpg,885,724
p08,day20/0183.jpg,15,598
p08,day20/0192.jpg,129,769
p08,day20/0193.jpg,272,448
p08,day20/0195.jpg,837,420
p08,day20/0197.jpg,22,395
p08,day20/0200.jpg,201,841
p08,day20/0203.jpg,1417,489
p08,day20/0205.jpg,279,875
p08,day20/0207.jpg,1291,320
p08,day20/0209.jpg,145,462
p08,day20/0214.jpg,980,875
p08,day20/0215.jpg,565,490
p08,day20/0218.jpg,1138,267
p08,day20/0222.jpg,1223,704
p08,day20/0227.jpg,1410,637
p08,day20/0229.jpg,1036,502
p08,day20/0231.jpg,653,256
p08,day20/0234.jpg,340,416
p08,day20/0236.jpg,162,530
p08,day20/0239.jpg,47,763
p08,day20/0240.jpg,800,410
p08,day20/0246.jpg,1190,601
p08,day20/0247.jpg,225,535
p08,day20/0250.jpg,369,628
p08,day20/0266.jpg,1436,96
p08,day20/0269.jpg,1281,29
p08,day20/0270.jpg,254,854
p08,day20/0280.jpg,961,121
p08,day20/0282.jpg,185,309
p08,day20/0285.jpg,283,849
p08,day20/0289.jpg,561,666
p08,day20/0291.jpg,973,857
p08,day20/0296.jpg,1359,116
p08,day20/0300.jpg,1040,353
p08,day20/0303.jpg,594,347
p08,day20/0310.jpg,525,561
p08,day20/0311.jpg,1157,165
p08,day20/0314.jpg,80,498
p08,day20/0320.jpg,932,790
p08,day20/0326.jpg,768,488
p08,day20/0327.jpg,1245,21
p08,day20/0330.jpg,1292,845
p08,day20/0332.jpg,1000,804
p08,day20/0333.jpg,18,883
p08,day20/0336.jpg,162,253
p08,day20/0337.jpg,1286,763
p08,day20/0340.jpg,1080,600
p08,day20/0360.jpg,610,122
p08,day20/0361.jpg,493,749
p08,day20/0364.jpg,1331,652
p08,day20/0375.jpg,991,394
p08,day20/0380.jpg,1384,806
p08,day20/0383.jpg,1293,465
p08,day20/0389.jpg,252,67
p08,day20/0391.jpg,1298,422
p08,day20/0393.jpg,1361,870
p08,day20/0396.jpg,334,642
p08,day20/0403.jpg,492,317
p08,day20/0420.jpg,960,852
p08,day20/0423.jpg,1202,660
p08,day20/0424.jpg,611,180
p08,day20/0427.jpg,264,396
p08,day20/0430.jpg,993,596
p08,day20/0433.jpg,772,107
p08,day20/0434.jpg,785,837
p08,day20/0435.jpg,499,431
p08,day20/0438.jpg,684,610
p08,day20/0448.jpg,1326,815
p08,day20/0451.jpg,125,573
p08,day20/0453.jpg,388,788
p08,day20/0456.jpg,1128,37
p08,day20/0460.jpg,1257,643
p08,day20/0462.jpg,39,612
p08,day20/0464.jpg,675,631
p08,day20/0468.jpg,547,286
p08,day20/0475.jpg,161,678
p08,day20/0482.jpg,1181,479
p08,day20/0483.jpg,254,45
p08,day20/0485.jpg,746,99
p08,day20/0486.jpg,466,739
p08,day20/0488.jpg,963,161
p08,day20/0489.jpg,255,777
p08,day20/0490.jpg,960,224
p08,day20/0491.jpg,11,243
p08,day20/0495.jpg,203,300
p08,day20/0497.jpg,346,140
p08,day20/0503.jpg,498,115
p08,day20/0505.jpg,1001,897
p08,day20/0507.jpg,1162,202
p08,day20/0509.jpg,90,580
p08,day20/0513.jpg,510,754
p08,day20/0520.jpg,37,660
p08,day20/0524.jpg,737,418
p08,day20/0534.jpg,1401,59
p08,day20/0535.jpg,413,373
p08,day20/0536.jpg,736,607
p08,day20/0540.jpg,347,674
p08,day20/0542.jpg,1107,364
p08,day20/0543.jpg,1019,404
p08,day20/0546.jpg,1351,101
p08,day20/0547.jpg,913,478
p08,day20/0550.jpg,281,495
p08,day20/0551.jpg,1060,580
p08,day20/0554.jpg,136,800
p08,day20/0563.jpg,165,277
p08,day20/0568.jpg,1281,583
p08,day20/0569.jpg,1004,801
p08,day20/0571.jpg,374,870
p08,day20/0572.jpg,928,392
p08,day20/0583.jpg,41,875
p08,day20/0588.jpg,1429,339
p08,day20/0591.jpg,1285,689
p08,day20/0592.jpg,920,576
p08,day20/0597.jpg,1368,242
p08,day20/0598.jpg,1319,551
p08,day20/0604.jpg,268,551
p08,day20/0606.jpg,649,458
p08,day20/0608.jpg,942,521
p08,day20/0613.jpg,328,691
p08,day20/0614.jpg,34,777
p08,day20/0615.jpg,1249,144
p08,day20/0618.jpg,172,120
p08,day20/0624.jpg,719,558
p08,day20/0627.jpg,72,641
p08,day20/0628.jpg,1367,282
p08,day20/0631.jpg,881,747
p08,day20/0634.jpg,672,520
p08,day20/0636.jpg,142,248
p08,day20/0638.jpg,1370,400
p08,day20/0643.jpg,555,473
p08,day20/0644.jpg,259,870
p08,day20/0650.jpg,711,737
p08,day20/0651.jpg,868,352
p08,day20/0652.jpg,1346,179
p08,day20/0653.jpg,257,589
p08,day20/0654.jpg,86,450
p08,day20/0659.jpg,1240,490
p08,day20/0662.jpg,708,382
p08,day20/0673.jpg,524,54
p08,day20/0677.jpg,1176,198
p08,day20/0682.jpg,961,721
p08,day20/0692.jpg,812,888
p08,day20/0695.jpg,325,432
p08,day21/0007.jpg,526,667
p08,day21/0012.jpg,1172,124
p08,day21/0013.jpg,267,636
p08,day21/0016.jpg,1177,226
p08,day21/0020.jpg,59,466
p08,day21/0024.jpg,198,149
p08,day21/0026.jpg,240,294
p08,day21/0027.jpg,1353,869
p08,day21/0029.jpg,1341,523
p08,day21/0032.jpg,488,241
p08,day21/0037.jpg,531,409
p08,day21/0038.jpg,486,219
p08,day21/0039.jpg,33,794
p08,day21/0050.jpg,1085,301
p08,day21/0053.jpg,1381,406
p08,day21/0056.jpg,743,396
p08,day21/0058.jpg,72,674
p08,day21/0059.jpg,620,37
p08,day21/0062.jpg,1102,114
p08,day21/0063.jpg,93,763
p08,day21/0066.jpg,1368,776
p08,day21/0068.jpg,314,5
p08,day21/0069.jpg,1214,143
p08,day21/0077.jpg,1435,128
p08,day21/0080.jpg,475,345
p08,day21/0081.jpg,1035,874
p08,day21/0090.jpg,41,234
p08,day21/0102.jpg,798,795
p08,day21/0104.jpg,1366,529
p08,day21/0109.jpg,836,299
p08,day21/0118.jpg,1015,596
p08,day21/0119.jpg,1335,821
p08,day21/0130.jpg,995,33
p08,day21/0131.jpg,62,752
p08,day21/0141.jpg,737,596
p08,day21/0143.jpg,513,591
p08,day21/0145.jpg,124,597
p08,day21/0146.jpg,153,653
p08,day21/0147.jpg,932,450
p08,day21/0150.jpg,533,180
p08,day21/0153.jpg,776,722
p08,day21/0162.jpg,716,185
p08,day21/0165.jpg,918,675
p08,day21/0169.jpg,137,759
p08,day21/0170.jpg,846,671
p08,day21/0178.jpg,860,306
p08,day21/0179.jpg,445,488
p08,day21/0181.jpg,654,212
p08,day21/0191.jpg,833,276
p08,day21/0193.jpg,312,652
p08,day21/0199.jpg,730,396
p08,day21/0203.jpg,438,268
p08,day21/0205.jpg,194,508
p08,day21/0210.jpg,1091,558
p08,day21/0212.jpg,162,791
p08,day21/0216.jpg,6,104
p08,day21/0218.jpg,117,622
p08,day21/0219.jpg,1373,782
p08,day21/0221.jpg,383,402
p08,day21/0223.jpg,474,395
p08,day21/0225.jpg,503,380
p08,day21/0228.jpg,153,577
p08,day21/0232.jpg,460,88
p08,day21/0238.jpg,821,286
p08,day21/0244.jpg,480,592
p08,day21/0253.jpg,892,366
p08,day21/0254.jpg,224,480
p08,day21/0261.jpg,1308,282
p08,day21/0265.jpg,938,762
p08,day21/0270.jpg,843,303
p08,day21/0278.jpg,449,306
p08,day21/0279.jpg,271,889
p08,day21/0285.jpg,631,365
p08,day21/0286.jpg,1391,494
p08,day21/0287.jpg,1214,752
p08,day21/0288.jpg,346,287
p08,day21/0295.jpg,1159,636
p08,day21/0297.jpg,1150,420
p08,day21/0298.jpg,967,801
p08,day21/0311.jpg,388,879
p08,day21/0324.jpg,206,61
p08,day21/0326.jpg,1036,211
p08,day21/0330.jpg,839,701
p08,day21/0331.jpg,186,529
p08,day21/0340.jpg,788,121
p08,day21/0344.jpg,1161,64
p08,day21/0347.jpg,642,23
p08,day21/0352.jpg,200,872
p08,day21/0354.jpg,1169,251
p08,day21/0355.jpg,1304,32
p08,day21/0361.jpg,137,833
p08,day21/0363.jpg,116,477
p08,day21/0364.jpg,980,173
p08,day21/0366.jpg,1150,284
p08,day21/0367.jpg,1104,238
p08,day21/0369.jpg,948,49
p08,day21/0370.jpg,525,82
p08,day21/0373.jpg,1255,119
p08,day21/0379.jpg,951,0
p08,day21/0385.jpg,464,727
p08,day21/0386.jpg,0,564
p08,day21/0388.jpg,1038,614
p08,day21/0397.jpg,608,207
p08,day21/0407.jpg,194,856
p08,day21/0408.jpg,1004,722
p08,day21/0413.jpg,999,229
p08,day21/0414.jpg,631,818
p08,day21/0418.jpg,509,39
p08,day21/0421.jpg,867,498
p08,day21/0422.jpg,223,693
p08,day21/0431.jpg,1365,138
p08,day21/0434.jpg,1173,531
p08,day21/0436.jpg,1373,721
p08,day21/0437.jpg,969,785
p08,day21/0440.jpg,36,410
p08,day21/0443.jpg,1234,431
p08,day21/0445.jpg,768,297
p08,day21/0447.jpg,1372,835
p08,day21/0451.jpg,162,595
p08,day21/0457.jpg,554,193
p08,day21/0464.jpg,1272,810
p08,day21/0465.jpg,647,150
p08,day21/0469.jpg,308,136
p08,day21/0473.jpg,845,106
p08,day21/0481.jpg,620,263
p08,day21/0482.jpg,974,770
p08,day21/0485.jpg,281,695
p08,day21/0489.jpg,881,611
p08,day21/0495.jpg,123,330
p08,day21/0498.jpg,1055,444
p08,day21/0500.jpg,439,850
p08,day21/0501.jpg,42,290
p08,day21/0504.jpg,970,520
p08,day21/0511.jpg,807,569
p08,day21/0512.jpg,1303,388
p08,day21/0515.jpg,691,644
p08,day21/0518.jpg,203,379
p08,day21/0519.jpg,1317,190
p08,day21/0523.jpg,1,795
p08,day21/0524.jpg,1221,697
p08,day21/0525.jpg,796,749
p08,day21/0531.jpg,37,42
p08,day21/0535.jpg,1055,176
p08,day21/0539.jpg,223,36
p08,day21/0541.jpg,126,610
p08,day21/0542.jpg,388,704
p08,day21/0543.jpg,1052,299
p08,day21/0547.jpg,274,367
p08,day21/0548.jpg,1127,750
p08,day21/0553.jpg,577,477
p08,day21/0556.jpg,178,479
p08,day21/0567.jpg,599,629
p08,day21/0574.jpg,497,153
p08,day21/0576.jpg,413,633
p08,day21/0578.jpg,752,849
p08,day21/0580.jpg,280,84
p08,day21/0583.jpg,695,421
p08,day21/0585.jpg,1348,21
p08,day21/0590.jpg,495,22
p08,day21/0591.jpg,382,89
p08,day21/0592.jpg,152,597
p08,day21/0602.jpg,1409,323
p08,day21/0605.jpg,1232,51
p08,day21/0607.jpg,489,297
p08,day21/0608.jpg,468,448
p08,day21/0617.jpg,557,34
p08,day21/0619.jpg,484,883
p08,day21/0621.jpg,874,796
p08,day21/0628.jpg,238,492
p08,day21/0630.jpg,614,182
p08,day21/0631.jpg,174,531
p08,day21/0651.jpg,806,400
p08,day21/0661.jpg,1251,45
p08,day21/0668.jpg,734,225
p08,day22/0002.jpg,1075,755
p08,day22/0003.jpg,178,329
p08,day22/0012.jpg,552,513
p08,day22/0026.jpg,256,189
p08,day22/0041.jpg,674,199
p08,day22/0044.jpg,921,570
p08,day22/0053.jpg,486,829
p08,day22/0056.jpg,1109,642
p08,day22/0059.jpg,331,707
p08,day22/0067.jpg,1001,190
p08,day22/0068.jpg,1361,702
p08,day22/0070.jpg,407,327
p08,day22/0072.jpg,419,30
p08,day22/0076.jpg,228,629
p08,day22/0079.jpg,924,240
p08,day22/0092.jpg,1344,495
p08,day22/0094.jpg,1302,399
p08,day22/0097.jpg,714,47
p08,day22/0100.jpg,376,821
p08,day22/0104.jpg,785,391
p08,day22/0105.jpg,230,501
p08,day22/0115.jpg,684,857
p08,day22/0116.jpg,429,542
p08,day22/0117.jpg,789,347
p08,day22/0121.jpg,765,889
p08,day22/0123.jpg,1356,93
p08,day22/0125.jpg,992,661
p08,day22/0126.jpg,1195,262
p08,day22/0128.jpg,298,388
p08,day22/0129.jpg,398,378
p08,day22/0133.jpg,374,405
p08,day22/0144.jpg,1035,788
p08,day22/0148.jpg,772,372
p08,day22/0153.jpg,100,898
p08,day22/0159.jpg,1415,569
p08,day22/0160.jpg,948,832
p08,day22/0161.jpg,162,589
p08,day22/0174.jpg,1030,339
p08,day22/0178.jpg,747,316
p08,day22/0180.jpg,121,444
p08,day22/0183.jpg,1157,302
p08,day22/0186.jpg,152,307
p08,day22/0191.jpg,95,671
p08,day22/0193.jpg,208,389
p08,day22/0196.jpg,775,107
p08,day22/0204.jpg,998,485
p08,day22/0209.jpg,484,845
p08,day22/0217.jpg,1160,464
p08,day22/0219.jpg,441,591
p08,day22/0220.jpg,302,437
p08,day22/0231.jpg,577,20
p08,day22/0233.jpg,326,708
p08,day22/0237.jpg,812,270
p08,day22/0238.jpg,1217,619
p08,day22/0239.jpg,55,288
p08,day22/0255.jpg,1090,684
p08,day22/0256.jpg,248,754
p08,day22/0259.jpg,460,371
p08,day22/0260.jpg,226,356
p08,day22/0265.jpg,1083,738
p08,day22/0268.jpg,477,50
p08,day22/0269.jpg,1410,285
p08,day22/0282.jpg,1148,826
p08,day22/0284.jpg,939,263
p08,day22/0287.jpg,470,57
p08,day22/0289.jpg,44,451
p08,day22/0290.jpg,1097,24
p08,day22/0291.jpg,1114,737
p08,day22/0295.jpg,427,589
p08,day22/0296.jpg,88,466
p08,day22/0303.jpg,303,412
p08,day22/0308.jpg,1321,747
p08,day22/0311.jpg,1222,891
p08,day22/0313.jpg,929,653
p08,day22/0314.jpg,320,647
p08,day22/0319.jpg,551,427
p08,day22/0321.jpg,457,303
p08,day22/0323.jpg,1190,285
p08,day22/0324.jpg,886,67
p08,day22/0342.jpg,252,539
p08,day22/0344.jpg,246,441
p08,day22/0346.jpg,312,556
p08,day22/0352.jpg,563,881
p08,day22/0360.jpg,498,778
p08,day22/0361.jpg,737,116
p08,day22/0363.jpg,1254,619
p08,day22/0364.jpg,543,409
p08,day22/0365.jpg,1243,648
p08,day22/0375.jpg,705,12
p08,day22/0378.jpg,682,33
p08,day22/0382.jpg,915,525
p08,day22/0388.jpg,429,831
p08,day22/0393.jpg,764,595
p08,day22/0399.jpg,1373,523
p08,day22/0400.jpg,1431,547
p08,day22/0404.jpg,40,783
p08,day23/0002.jpg,59,889
p08,day23/0004.jpg,1154,112
p08,day23/0005.jpg,1161,700
p08,day23/0006.jpg,1105,357
p08,day23/0012.jpg,502,293
p08,day23/0013.jpg,642,287
p08,day23/0016.jpg,813,776
p08,day23/0019.jpg,1175,185
p08,day23/0020.jpg,1344,178
p08,day23/0023.jpg,1170,785
p08,day23/0038.jpg,19,802
p08,day23/0039.jpg,1368,858
p08,day23/0041.jpg,51,516
p08,day23/0043.jpg,1152,7
p08,day23/0047.jpg,610,865
p08,day23/0050.jpg,365,857
p08,day23/0053.jpg,230,289
p08,day23/0055.jpg,1038,122
p08,day23/0063.jpg,1305,478
p08,day23/0067.jpg,674,637
p08,day23/0071.jpg,445,90
p08,day23/0078.jpg,286,820
p08,day23/0079.jpg,1121,843
p08,day23/0092.jpg,281,494
p08,day23/0094.jpg,328,805
p08,day23/0100.jpg,815,606
p08,day23/0105.jpg,270,674
p08,day23/0115.jpg,892,153
p08,day23/0122.jpg,833,290
p08,day23/0123.jpg,436,246
p08,day23/0125.jpg,1039,289
p08,day23/0129.jpg,1010,338
p08,day23/0130.jpg,351,6
p08,day23/0134.jpg,765,366
p08,day23/0135.jpg,828,220
p08,day23/0136.jpg,454,794
p08,day24/0001.jpg,1369,233
p08,day24/0003.jpg,392,631
p08,day24/0005.jpg,313,873
p08,day24/0008.jpg,1269,439
p08,day24/0015.jpg,28,693
p08,day24/0016.jpg,1216,407
p08,day24/0030.jpg,1351,206
p08,day24/0031.jpg,740,455
p08,day24/0034.jpg,397,627
p08,day24/0054.jpg,420,249
p08,day24/0057.jpg,707,157
p08,day25/0006.jpg,17,648
p08,day25/0017.jpg,1109,217
p08,day25/0024.jpg,673,730
p08,day25/0026.jpg,332,593
p08,day25/0029.jpg,1290,426
p08,day25/0041.jpg,469,598
p08,day25/0044.jpg,919,172
p08,day25/0045.jpg,600,741
p08,day25/0052.jpg,998,296
p08,day25/0054.jpg,949,187
p08,day25/0056.jpg,439,337
p08,day25/0063.jpg,1086,276
p08,day25/0066.jpg,212,725
p08,day25/0075.jpg,155,351
p08,day25/0076.jpg,208,889
p08,day25/0077.jpg,373,539
p08,day25/0080.jpg,680,607
p08,day25/0085.jpg,1210,346
p08,day25/0092.jpg,36,104
p08,day25/0099.jpg,480,278
p08,day25/0105.jpg,366,292
p08,day25/0107.jpg,410,202
p08,day25/0109.jpg,1417,508
p08,day25/0113.jpg,373,42
p08,day25/0118.jpg,601,201
p08,day25/0119.jpg,1071,800
p08,day25/0120.jpg,241,566
p08,day25/0121.jpg,853,684
p08,day25/0122.jpg,1294,307
p08,day25/0129.jpg,942,441
p08,day25/0135.jpg,951,832
p08,day25/0139.jpg,408,406
p08,day25/0141.jpg,733,758
p08,day25/0144.jpg,141,160
p08,day25/0151.jpg,752,808
p08,day25/0153.jpg,708,843
p08,day25/0161.jpg,762,879
p08,day25/0166.jpg,426,189
p08,day25/0176.jpg,252,163
p08,day25/0177.jpg,1330,155
p08,day25/0180.jpg,755,789
p08,day25/0181.jpg,692,774
p08,day25/0184.jpg,482,566
p08,day25/0185.jpg,883,657
p08,day25/0186.jpg,908,458
p08,day25/0187.jpg,1304,429
p08,day25/0191.jpg,909,224
p08,day25/0193.jpg,389,696
p08,day25/0203.jpg,1294,76
p08,day25/0204.jpg,1041,401
p08,day25/0207.jpg,751,596
p08,day25/0209.jpg,895,182
p08,day25/0212.jpg,475,428
p08,day25/0217.jpg,1231,826
p08,day25/0220.jpg,626,668
p08,day25/0222.jpg,58,261
p08,day25/0232.jpg,669,314
p08,day25/0242.jpg,770,854
p08,day25/0243.jpg,1364,812
p08,day25/0247.jpg,621,762
p08,day25/0251.jpg,283,138
p08,day25/0252.jpg,1332,57
p08,day25/0255.jpg,381,551
p08,day25/0258.jpg,37,871
p08,day25/0260.jpg,1026,453
p08,day25/0268.jpg,142,584
p08,day25/0273.jpg,1178,697
p08,day25/0279.jpg,1027,19
p08,day25/0285.jpg,1045,751
p08,day25/0287.jpg,556,791
p08,day25/0289.jpg,388,199
p08,day25/0294.jpg,1429,117
p08,day25/0301.jpg,619,14
p08,day25/0302.jpg,1213,504
p08,day25/0308.jpg,991,93
p08,day26/0002.jpg,1339,390
p08,day26/0004.jpg,644,501
p08,day26/0005.jpg,55,381
p08,day26/0007.jpg,724,473
p08,day26/0010.jpg,1117,405
p08,day26/0011.jpg,1293,83
p08,day26/0018.jpg,1176,586
p08,day26/0023.jpg,990,806
p08,day26/0029.jpg,497,300
p08,day26/0031.jpg,324,358
p08,day26/0032.jpg,1013,811
p08,day26/0039.jpg,498,43
p08,day26/0041.jpg,1167,53
p08,day26/0044.jpg,795,686
p08,day26/0049.jpg,412,1
p08,day26/0051.jpg,758,110
p08,day26/0056.jpg,1135,31
p08,day26/0058.jpg,482,330
p08,day26/0065.jpg,174,551
p08,day26/0066.jpg,277,704
p08,day26/0069.jpg,666,633
p08,day26/0071.jpg,529,126
p08,day26/0076.jpg,1351,784
p08,day26/0077.jpg,496,786
p08,day26/0082.jpg,83,43
p08,day26/0084.jpg,1365,870
p08,day26/0087.jpg,372,786
p08,day26/0089.jpg,1268,672
p08,day26/0090.jpg,1280,49
p08,day26/0091.jpg,2,43
p08,day26/0092.jpg,727,580
p08,day26/0095.jpg,194,832
p08,day26/0103.jpg,724,419
p08,day26/0106.jpg,428,742
p08,day26/0112.jpg,1190,348
p08,day26/0116.jpg,728,772
p08,day26/0120.jpg,715,759
p08,day26/0121.jpg,1382,27
p08,day26/0127.jpg,142,615
p08,day26/0128.jpg,776,249
p08,day27/0003.jpg,1256,273
p08,day27/0006.jpg,788,88
p08,day27/0009.jpg,1063,711
p08,day27/0010.jpg,1312,669
p08,day27/0011.jpg,705,310
p08,day27/0017.jpg,778,332
p08,day27/0019.jpg,456,143
p08,day27/0023.jpg,71,171
p08,day27/0026.jpg,126,561
p08,day27/0030.jpg,488,817
p08,day27/0032.jpg,1291,734
p08,day27/0037.jpg,669,863
p08,day27/0045.jpg,772,200
p08,day27/0047.jpg,980,632
p08,day27/0049.jpg,233,436
p08,day27/0060.jpg,1268,817
p08,day27/0062.jpg,20,371
p08,day27/0068.jpg,1305,102
p08,day27/0072.jpg,731,286
p08,day27/0080.jpg,6,787
p08,day27/0090.jpg,1044,628
p08,day27/0095.jpg,919,803
p08,day27/0096.jpg,744,69
p08,day28/0002.jpg,1089,871
p08,day28/0015.jpg,1341,293
p08,day28/0017.jpg,841,892
p08,day28/0024.jpg,713,539
p08,day28/0025.jpg,867,152
p08,day28/0029.jpg,194,495
p08,day28/0031.jpg,328,891
p08,day28/0033.jpg,80,774
p08,day28/0034.jpg,538,601
p08,day28/0035.jpg,794,633
p08,day28/0039.jpg,589,323
p08,day29/0002.jpg,1331,203
p08,day29/0004.jpg,848,483
p08,day29/0005.jpg,225,621
p08,day29/0011.jpg,265,616
p08,day29/0014.jpg,719,757
p08,day29/0018.jpg,518,758
p08,day29/0028.jpg,517,145
p08,day29/0029.jpg,544,487
p08,day29/0036.jpg,322,345
p08,day29/0041.jpg,232,450
p08,day29/0046.jpg,548,242
p08,day29/0051.jpg,1170,366
p08,day29/0055.jpg,1434,439
p08,day29/0058.jpg,1146,188
p08,day29/0061.jpg,290,401
p08,day29/0062.jpg,901,61
p08,day29/0064.jpg,1228,335
p08,day29/0065.jpg,816,577
p08,day29/0069.jpg,43,732
p08,day29/0070.jpg,293,489
p08,day29/0072.jpg,799,119
p08,day29/0086.jpg,79,121
p08,day29/0089.jpg,394,326
p08,day29/0090.jpg,1147,419
p08,day29/0097.jpg,454,120
p08,day30/0001.jpg,614,852
p08,day30/0005.jpg,699,40
p08,day30/0012.jpg,1006,637
p08,day30/0022.jpg,1175,77
p08,day30/0023.jpg,872,499
p08,day30/0024.jpg,63,852
p08,day30/0026.jpg,1225,24
p08,day30/0030.jpg,827,874
p08,day30/0032.jpg,356,613
p08,day30/0034.jpg,1051,483
p08,day30/0035.jpg,825,399
p08,day30/0041.jpg,657,662
p08,day30/0049.jpg,744,298
p08,day30/0050.jpg,649,70
p08,day30/0052.jpg,1312,764
p08,day30/0054.jpg,938,831
p08,day30/0064.jpg,1381,416
p08,day30/0076.jpg,1044,285
p08,day30/0079.jpg,498,654
p08,day30/0081.jpg,143,74
p08,day30/0082.jpg,696,691
p08,day30/0086.jpg,779,57
p08,day30/0092.jpg,1159,874
p08,day30/0095.jpg,305,894
p08,day30/0097.jpg,727,840
p08,day30/0100.jpg,692,807
p08,day30/0101.jpg,1305,533
p08,day30/0102.jpg,918,247
p08,day30/0104.jpg,203,584
p08,day30/0117.jpg,656,465
p08,day30/0119.jpg,1425,304
p08,day30/0123.jpg,305,899
p08,day30/0124.jpg,966,668
p08,day30/0130.jpg,120,685
p08,day30/0132.jpg,207,414
p08,day30/0144.jpg,145,662
p08,day30/0151.jpg,538,238
p08,day30/0152.jpg,298,625
p08,day30/0154.jpg,125,268
p08,day30/0157.jpg,63,42
p08,day30/0160.jpg,732,107
p08,day30/0161.jpg,61,106
p08,day30/0162.jpg,978,513
p08,day30/0166.jpg,414,58
p08,day30/0167.jpg,323,887
p08,day30/0170.jpg,880,571
p08,day30/0173.jpg,460,392
p08,day30/0175.jpg,118,182
p08,day30/0185.jpg,86,345
p08,day30/0186.jpg,931,879
p08,day30/0188.jpg,602,673
p08,day30/0192.jpg,511,432
p08,day30/0193.jpg,595,502
p08,day30/0200.jpg,776,333
p08,day30/0209.jpg,173,202
p08,day30/0226.jpg,472,40
p08,day30/0227.jpg,522,289
p08,day30/0231.jpg,553,70
p08,day30/0236.jpg,241,367
p08,day30/0240.jpg,1225,817
p08,day30/0245.jpg,218,442
p08,day30/0248.jpg,376,217
p08,day30/0250.jpg,224,77
p08,day30/0254.jpg,748,688
p08,day30/0255.jpg,1247,534
p08,day30/0257.jpg,110,835
p08,day30/0259.jpg,587,540
p08,day30/0260.jpg,1399,563
p08,day30/0264.jpg,160,373
p08,day30/0270.jpg,78,399
p08,day30/0275.jpg,950,635
p08,day30/0281.jpg,621,215
p08,day30/0284.jpg,840,507
p08,day30/0290.jpg,1363,312
p08,day30/0294.jpg,1048,498
p08,day30/0299.jpg,436,646
p08,day30/0301.jpg,810,31
p08,day30/0302.jpg,280,344
p08,day30/0303.jpg,291,752
p08,day30/0306.jpg,18,396
p08,day30/0309.jpg,1403,341
p08,day30/0313.jpg,1279,40
p08,day30/0318.jpg,373,466
p08,day30/0319.jpg,928,508
p08,day30/0320.jpg,207,84
p08,day30/0321.jpg,959,790
p08,day30/0325.jpg,66,228
p08,day30/0334.jpg,1347,576
p08,day30/0340.jpg,769,614
p08,day30/0342.jpg,622,37
p08,day30/0346.jpg,874,153
p08,day30/0349.jpg,808,494
p08,day30/0354.jpg,1251,139
p08,day30/0359.jpg,127,240
p08,day30/0361.jpg,925,538
p08,day30/0371.jpg,171,324
p08,day30/0379.jpg,57,722
p08,day30/0385.jpg,939,187
p08,day30/0389.jpg,479,412
p08,day30/0390.jpg,1146,656
p08,day30/0394.jpg,91,656
p08,day30/0396.jpg,1125,533
p08,day30/0399.jpg,638,464
p08,day30/0401.jpg,874,385
p08,day30/0405.jpg,990,623
p08,day30/0408.jpg,1340,852
p08,day30/0409.jpg,288,682
p08,day30/0410.jpg,1411,758
p08,day30/0411.jpg,752,790
p08,day31/0002.jpg,179,26
p08,day31/0005.jpg,697,583
p08,day31/0010.jpg,762,802
p08,day31/0023.jpg,1035,285
p08,day31/0025.jpg,681,876
p08,day31/0026.jpg,761,511
p08,day31/0027.jpg,319,209
p08,day31/0028.jpg,683,792
p08,day31/0029.jpg,777,570
p08,day31/0035.jpg,532,172
p08,day31/0037.jpg,978,576
p08,day31/0040.jpg,1376,252
p08,day31/0041.jpg,941,844
p08,day31/0044.jpg,100,23
p08,day31/0054.jpg,1438,634
p08,day31/0056.jpg,868,14
p08,day31/0058.jpg,219,452
p08,day31/0063.jpg,982,733
p08,day31/0069.jpg,3,424
p08,day31/0070.jpg,1267,783
p08,day31/0071.jpg,882,724
p08,day31/0076.jpg,1101,440
p08,day31/0077.jpg,523,158
p08,day31/0085.jpg,212,50
p08,day31/0086.jpg,859,513
p08,day31/0088.jpg,951,615
p08,day31/0092.jpg,718,226
p08,day31/0095.jpg,307,605
p08,day31/0099.jpg,902,691
p08,day31/0111.jpg,480,526
p08,day31/0116.jpg,281,456
p08,day31/0118.jpg,1288,238
p08,day31/0119.jpg,987,57
p08,day31/0129.jpg,260,236
p08,day31/0130.jpg,958,254
p08,day31/0147.jpg,671,647
p08,day31/0158.jpg,963,637
p08,day31/0161.jpg,1141,703
p08,day31/0169.jpg,117,80
p08,day31/0180.jpg,132,103
p08,day31/0184.jpg,1044,814
p08,day31/0188.jpg,1294,208
p08,day31/0189.jpg,521,608
p08,day31/0191.jpg,1224,763
p08,day31/0192.jpg,510,343
p08,day31/0193.jpg,153,653
p08,day31/0202.jpg,133,423
p08,day31/0203.jpg,48,312
p08,day31/0204.jpg,32,74
p08,day31/0205.jpg,1026,608
p08,day31/0211.jpg,1000,795
p08,day31/0212.jpg,486,174
p08,day31/0214.jpg,1051,683
p08,day31/0218.jpg,1228,727
p08,day31/0219.jpg,619,548
p08,day31/0220.jpg,567,868
p08,day31/0222.jpg,970,713
p08,day31/0224.jpg,295,496
p08,day31/0226.jpg,938,829
p08,day31/0228.jpg,65,898
p08,day31/0233.jpg,395,365
p08,day31/0234.jpg,715,767
p08,day31/0235.jpg,420,435
p08,day31/0239.jpg,1415,257
p08,day31/0242.jpg,515,476
p08,day31/0243.jpg,799,474
p08,day31/0250.jpg,1029,730
p08,day31/0252.jpg,679,321
p08,day31/0253.jpg,1011,460
p08,day31/0254.jpg,1003,701
p08,day31/0255.jpg,595,276
p08,day31/0259.jpg,232,434
p08,day31/0263.jpg,1167,625
p08,day31/0266.jpg,1285,505
p08,day31/0267.jpg,973,815
p08,day31/0271.jpg,915,382
p08,day31/0278.jpg,1122,693
p08,day31/0280.jpg,418,560
p08,day31/0284.jpg,1002,199
p08,day31/0287.jpg,776,450
p08,day31/0291.jpg,249,279
p08,day31/0293.jpg,518,432
p08,day31/0294.jpg,371,373
p08,day31/0298.jpg,303,13
p08,day31/0301.jpg,921,600
p08,day31/0306.jpg,1436,516
p08,day31/0308.jpg,1375,267
p08,day31/0318.jpg,983,27
p08,day31/0319.jpg,770,808
p08,day31/0334.jpg,1344,836
p08,day31/0335.jpg,337,126
p08,day31/0337.jpg,20,20
p08,day31/0340.jpg,1303,240
p08,day31/0343.jpg,1129,321
p08,day31/0346.jpg,274,429
p08,day31/0348.jpg,120,808
p08,day31/0352.jpg,431,397
p08,day31/0357.jpg,1412,699
p08,day31/0359.jpg,339,390
p08,day31/0365.jpg,740,692
p08,day31/0367.jpg,1293,462
p08,day31/0368.jpg,1245,179
p08,day31/0371.jpg,1003,361
p08,day31/0376.jpg,554,752
p08,day31/0377.jpg,742,290
p08,day31/0382.jpg,893,833
p08,day31/0386.jpg,1267,607
p08,day31/0387.jpg,149,371
p08,day31/0388.jpg,1419,142
p08,day31/0390.jpg,1081,345
p08,day31/0396.jpg,940,673
p08,day31/0397.jpg,1257,484
p08,day31/0398.jpg,342,450
p08,day31/0400.jpg,1010,577
p08,day31/0404.jpg,494,720
p08,day32/0006.jpg,185,420
p08,day32/0009.jpg,327,631
p08,day32/0010.jpg,376,550
p08,day32/0024.jpg,622,171
p08,day32/0025.jpg,940,353
p08,day32/0027.jpg,403,780
p08,day33/0002.jpg,474,401
p08,day33/0003.jpg,584,616
p08,day33/0007.jpg,1242,79
p08,day33/0008.jpg,621,189
p08,day33/0009.jpg,1074,285
p08,day33/0015.jpg,243,873
p08,day33/0023.jpg,575,136
p08,day33/0027.jpg,718,557
p08,day33/0034.jpg,947,340
p08,day33/0035.jpg,579,328
p08,day33/0039.jpg,849,559
p08,day33/0043.jpg,989,250
p08,day33/0045.jpg,1388,280
p08,day33/0049.jpg,827,860
p08,day33/0062.jpg,1387,28
p08,day33/0065.jpg,840,723
p08,day33/0066.jpg,284,573
p08,day33/0068.jpg,1186,639
p08,day33/0073.jpg,515,745
p08,day33/0077.jpg,1322,506
p08,day33/0087.jpg,1067,857
p08,day33/0099.jpg,560,415
p08,day33/0100.jpg,786,821
p08,day33/0103.jpg,1237,708
p08,day33/0106.jpg,748,407
p08,day33/0109.jpg,366,665
p08,day33/0111.jpg,751,357
p08,day33/0113.jpg,868,413
p08,day33/0115.jpg,1129,818
p08,day33/0124.jpg,28,857
p08,day33/0125.jpg,235,237
p08,day33/0126.jpg,728,741
p08,day33/0130.jpg,780,127
p08,day33/0135.jpg,1403,511
p08,day33/0137.jpg,710,589
p08,day33/0138.jpg,1351,443
p08,day33/0141.jpg,599,527
p08,day33/0147.jpg,1270,538
p08,day33/0156.jpg,714,74
p08,day33/0162.jpg,710,6
p08,day33/0165.jpg,794,119
p08,day33/0168.jpg,1186,275
p08,day33/0173.jpg,922,133
p08,day33/0175.jpg,1118,346
p08,day33/0176.jpg,322,221
p08,day33/0177.jpg,263,684
p08,day33/0182.jpg,844,617
p08,day33/0183.jpg,1403,823
p08,day33/0186.jpg,379,413
p08,day33/0190.jpg,1020,255
p08,day33/0194.jpg,29,764
p08,day33/0199.jpg,813,89
p08,day33/0206.jpg,530,67
p08,day33/0218.jpg,978,816
p08,day33/0233.jpg,129,538
p08,day33/0237.jpg,1066,560
p08,day33/0241.jpg,1008,49
p08,day33/0243.jpg,767,84
p08,day33/0247.jpg,977,17
p08,day33/0249.jpg,1050,449
p08,day33/0256.jpg,1010,27
p08,day33/0258.jpg,734,736
p08,day33/0259.jpg,689,488
p08,day34/0004.jpg,1373,870
p08,day34/0005.jpg,664,592
p08,day34/0008.jpg,57,629
p08,day34/0013.jpg,620,147
p08,day34/0018.jpg,233,766
p08,day34/0022.jpg,733,739
p08,day34/0025.jpg,555,235
p08,day34/0027.jpg,1059,31
p08,day34/0029.jpg,820,423
p08,day34/0034.jpg,901,340
p08,day34/0035.jpg,967,187
p08,day34/0038.jpg,181,396
p08,day34/0039.jpg,867,807
p08,day34/0040.jpg,882,61
p08,day34/0043.jpg,47,675
p08,day34/0049.jpg,1148,606
p08,day34/0051.jpg,249,447
p08,day34/0061.jpg,1196,127
p08,day34/0071.jpg,401,792
p08,day34/0077.jpg,493,889
p08,day34/0083.jpg,764,222
p08,day34/0087.jpg,1146,791
p08,day34/0091.jpg,89,797
p08,day34/0093.jpg,876,128
p08,day34/0101.jpg,590,77
p08,day34/0102.jpg,308,566
p08,day35/0003.jpg,533,689
p08,day35/0006.jpg,277,378
p08,day35/0012.jpg,62,237
p08,day35/0013.jpg,687,696
p08,day35/0015.jpg,551,355
p08,day35/0017.jpg,515,22
p08,day35/0024.jpg,247,199
p08,day35/0029.jpg,1011,186
p08,day35/0031.jpg,229,340
p08,day35/0041.jpg,670,261
p08,day35/0043.jpg,985,809
p08,day35/0050.jpg,167,774
p08,day35/0057.jpg,465,837
p08,day35/0059.jpg,1382,652
p08,day35/0063.jpg,1098,839
p08,day35/0067.jpg,5,326
p08,day35/0071.jpg,535,356
p08,day35/0076.jpg,824,280
p08,day35/0086.jpg,215,85
p08,day35/0087.jpg,587,423
p08,day35/0093.jpg,1422,46
p08,day35/0097.jpg,390,263
p08,day35/0101.jpg,248,595
p08,day35/0104.jpg,1,504
p08,day35/0108.jpg,724,573
p08,day36/0002.jpg,623,412
p08,day36/0003.jpg,851,807
p08,day36/0004.jpg,243,94
p08,day36/0012.jpg,314,18
p08,day36/0013.jpg,1136,528
p08,day36/0026.jpg,521,488
p08,day36/0028.jpg,1284,729
p08,day36/0029.jpg,832,513
p08,day36/0031.jpg,977,196
p08,day36/0032.jpg,68,681
p08,day36/0039.jpg,652,699
p08,day36/0040.jpg,882,737
p08,day36/0042.jpg,435,479
p08,day36/0043.jpg,601,240
p08,day36/0047.jpg,323,573
p08,day36/0055.jpg,355,865
p08,day36/0057.jpg,702,621
p08,day36/0063.jpg,329,189
p08,day36/0066.jpg,372,807
p08,day36/0071.jpg,334,647
p08,day36/0076.jpg,214,81
p08,day36/0080.jpg,8,163
p08,day36/0081.jpg,4,774
p08,day37/0003.jpg,1380,323
p08,day37/0004.jpg,279,391
p08,day37/0005.jpg,984,811
p08,day37/0007.jpg,861,718
p08,day37/0010.jpg,1188,826
p08,day37/0017.jpg,1155,390
p08,day37/0018.jpg,723,502
p08,day38/0001.jpg,1304,7
p08,day38/0002.jpg,1193,14
p08,day38/0004.jpg,939,34
p08,day38/0007.jpg,530,656
p08,day38/0008.jpg,1119,309
p08,day38/0018.jpg,403,876
p08,day38/0020.jpg,959,43
p08,day38/0023.jpg,686,265
p08,day38/0024.jpg,102,565
p08,day38/0027.jpg,1375,589
p08,day38/0041.jpg,344,12
p08,day38/0043.jpg,1366,410
p08,day38/0044.jpg,271,619
p08,day38/0046.jpg,25,779
p08,day38/0050.jpg,129,673
p08,day38/0052.jpg,1294,217
p08,day38/0055.jpg,769,144
p08,day38/0062.jpg,311,663
p08,day38/0067.jpg,1029,401
p08,day38/0068.jpg,1225,531
p08,day38/0077.jpg,1082,370
p08,day38/0087.jpg,1365,352
p08,day38/0090.jpg,1076,118
p08,day38/0092.jpg,1234,50
p08,day38/0093.jpg,1322,88
p08,day38/0095.jpg,197,374
p08,day38/0096.jpg,932,651
p08,day38/0103.jpg,513,382
p08,day38/0106.jpg,74,654
p08,day38/0114.jpg,628,734
p08,day38/0116.jpg,705,312
p08,day38/0118.jpg,266,375
p08,day38/0119.jpg,267,639
p08,day38/0121.jpg,1012,881
p08,day38/0127.jpg,1285,112
p08,day38/0132.jpg,415,502
p08,day38/0134.jpg,584,585
p08,day38/0140.jpg,622,39
p08,day38/0148.jpg,194,309
p08,day38/0149.jpg,1376,458
p08,day38/0150.jpg,353,713
p08,day38/0151.jpg,1268,667
p08,day38/0152.jpg,1101,51
p08,day38/0160.jpg,683,221
p08,day38/0163.jpg,970,473
p08,day38/0167.jpg,337,348
p08,day38/0177.jpg,699,684
p08,day38/0185.jpg,947,349
p08,day38/0189.jpg,341,217
p08,day38/0191.jpg,1150,44
p08,day38/0204.jpg,1437,775
p08,day38/0208.jpg,1347,490
p08,day38/0210.jpg,721,578
p08,day38/0216.jpg,649,252
p08,day38/0218.jpg,1168,132
p08,day38/0220.jpg,1132,331
p08,day38/0223.jpg,1214,133
p08,day38/0226.jpg,428,632
p08,day38/0233.jpg,388,17
p08,day38/0235.jpg,522,218
p08,day38/0236.jpg,84,350
p08,day38/0238.jpg,107,98
p08,day38/0243.jpg,532,710
p08,day38/0244.jpg,267,713
p08,day38/0259.jpg,1421,551
p08,day38/0268.jpg,1009,394
p08,day38/0269.jpg,869,495
p08,day38/0270.jpg,71,753
p08,day38/0271.jpg,845,832
p08,day38/0273.jpg,1292,518
p08,day38/0274.jpg,460,874
p08,day38/0275.jpg,207,478
p08,day38/0278.jpg,31,817
p08,day38/0279.jpg,1427,601
p08,day38/0280.jpg,442,612
p08,day38/0281.jpg,393,615
p08,day38/0291.jpg,1308,897
p08,day38/0293.jpg,1131,446
p08,day38/0302.jpg,173,678
p08,day38/0303.jpg,1287,452
p08,day38/0304.jpg,1299,654
p08,day38/0306.jpg,387,269
p08,day38/0311.jpg,1267,370
p08,day38/0313.jpg,486,447
p08,day38/0317.jpg,421,746
p08,day38/0322.jpg,923,104
p08,day38/0324.jpg,695,361
p08,day38/0325.jpg,1250,790
p08,day38/0327.jpg,1161,402
p08,day38/0329.jpg,965,617
p08,day38/0333.jpg,918,313
p08,day38/0336.jpg,154,471
p08,day38/0340.jpg,244,684
p08,day38/0341.jpg,1335,3
p08,day38/0356.jpg,425,417
p08,day38/0357.jpg,218,750
p08,day38/0362.jpg,491,596
p08,day38/0366.jpg,1138,686
p08,day38/0367.jpg,447,778
p08,day38/0369.jpg,870,48
p08,day38/0370.jpg,1232,162
p08,day38/0371.jpg,1413,537
p08,day38/0376.jpg,1177,504
p08,day38/0379.jpg,187,730
p08,day38/0385.jpg,101,524
p08,day38/0388.jpg,495,783
p08,day38/0390.jpg,557,887
p08,day38/0391.jpg,1011,51
p08,day38/0395.jpg,1368,402
p08,day38/0397.jpg,1241,587
p08,day38/0400.jpg,1160,873
p08,day38/0403.jpg,426,354
p08,day38/0410.jpg,1064,458
p08,day38/0415.jpg,1425,145
p08,day38/0420.jpg,1201,54
p08,day38/0422.jpg,445,451
p08,day38/0430.jpg,40,56
p08,day38/0433.jpg,417,120
p08,day38/0435.jpg,1201,490
p08,day38/0438.jpg,319,729
p08,day38/0439.jpg,197,336
p08,day38/0441.jpg,1350,615
p08,day38/0445.jpg,1197,767
p08,day38/0446.jpg,1022,577
p08,day38/0449.jpg,522,221
p08,day38/0450.jpg,1312,308
p08,day39/0003.jpg,645,587
p08,day39/0004.jpg,1289,300
p08,day39/0012.jpg,322,282
p08,day39/0014.jpg,1275,391
p08,day39/0015.jpg,1286,219
p08,day39/0021.jpg,77,472
p08,day39/0025.jpg,400,662
p08,day39/0026.jpg,99,343
p08,day39/0034.jpg,359,94
p08,day39/0035.jpg,549,280
p08,day39/0037.jpg,969,531
p08,day39/0041.jpg,1388,359
p08,day39/0050.jpg,698,26
p08,day39/0053.jpg,1232,749
p08,day39/0081.jpg,1400,670
p08,day39/0083.jpg,802,747
p08,day39/0088.jpg,1300,866
p08,day39/0089.jpg,1421,124
p08,day39/0092.jpg,465,104
p08,day39/0095.jpg,1270,892
p08,day39/0106.jpg,148,12
p08,day39/0108.jpg,751,41
p08,day39/0110.jpg,874,464
p08,day39/0111.jpg,975,661
p08,day39/0113.jpg,971,764
p08,day39/0116.jpg,1357,381
p08,day39/0119.jpg,772,583
p08,day39/0123.jpg,140,444
p08,day39/0132.jpg,996,30
p08,day39/0134.jpg,818,595
p08,day39/0137.jpg,1053,749
p08,day39/0138.jpg,1205,172
p08,day39/0149.jpg,4,150
p08,day39/0150.jpg,392,100
p08,day39/0155.jpg,3,620
p08,day39/0159.jpg,7,457
p08,day39/0160.jpg,320,849
p08,day39/0161.jpg,1307,192
p08,day39/0164.jpg,743,664
p08,day39/0166.jpg,694,127
p08,day39/0170.jpg,309,259
p08,day39/0172.jpg,777,361
p08,day39/0189.jpg,72,397
p08,day39/0192.jpg,890,183
p08,day39/0193.jpg,1133,233
p08,day39/0195.jpg,885,739
p08,day39/0199.jpg,1330,520
p08,day39/0207.jpg,1345,501
p08,day39/0214.jpg,719,236
p08,day39/0217.jpg,457,868
p08,day39/0221.jpg,1062,519
p08,day39/0224.jpg,629,133
p08,day39/0227.jpg,961,118
p08,day39/0229.jpg,16,314
p08,day39/0230.jpg,1208,822
p08,day39/0232.jpg,1194,333
p08,day39/0240.jpg,961,616
p08,day39/0245.jpg,1245,281
p08,day39/0247.jpg,419,638
p08,day39/0252.jpg,1080,555
p08,day39/0253.jpg,442,789
p08,day39/0254.jpg,1193,250
p08,day39/0255.jpg,466,697
p08,day39/0268.jpg,1172,676
p08,day39/0276.jpg,652,341
p08,day39/0277.jpg,1109,558
p08,day39/0278.jpg,858,851
p08,day39/0280.jpg,117,719
p08,day39/0286.jpg,1211,405
p08,day39/0292.jpg,180,292
p08,day39/0304.jpg,821,148
p08,day39/0306.jpg,74,368
p08,day39/0313.jpg,1129,226
p08,day39/0317.jpg,106,435
p08,day39/0320.jpg,362,246
p08,day39/0327.jpg,341,733
p08,day39/0330.jpg,317,556
p08,day39/0331.jpg,1259,337
p08,day39/0333.jpg,364,321
p08,day39/0338.jpg,320,420
p08,day39/0343.jpg,703,400
p08,day39/0348.jpg,620,98
p08,day39/0350.jpg,1295,382
p08,day39/0360.jpg,910,807
p08,day39/0361.jpg,374,407
p08,day39/0364.jpg,446,58
p08,day39/0368.jpg,440,473
p08,day39/0371.jpg,117,343
p08,day39/0372.jpg,1091,392
p08,day39/0380.jpg,431,562
p08,day39/0384.jpg,933,136
p08,day39/0387.jpg,1066,104
p08,day39/0394.jpg,1342,381
p08,day39/0395.jpg,1254,11
p08,day39/0398.jpg,769,464
p08,day39/0399.jpg,857,220
p08,day39/0400.jpg,563,337
p08,day39/0402.jpg,1437,312
p08,day39/0403.jpg,1234,223
p08,day39/0407.jpg,1004,779
p08,day39/0412.jpg,302,130
p08,day39/0416.jpg,364,841
p08,day39/0419.jpg,1376,149
p08,day39/0424.jpg,896,659
p08,day39/0425.jpg,1057,811
p08,day39/0432.jpg,820,625
p08,day39/0435.jpg,578,282
p08,day39/0437.jpg,950,0
p08,day39/0439.jpg,731,113
p08,day39/0446.jpg,941,339
p08,day39/0453.jpg,885,467
p08,day39/0460.jpg,1099,540
p08,day39/0463.jpg,1045,376
p08,day39/0464.jpg,872,877
p08,day39/0473.jpg,31,884
p08,day39/0475.jpg,1066,389
p08,day39/0476.jpg,1072,796
p08,day39/0478.jpg,917,49
p08,day39/0483.jpg,183,803
p08,day39/0485.jpg,424,622
p08,day39/0491.jpg,1192,45
p08,day39/0492.jpg,165,215
p08,day39/0499.jpg,678,813
p08,day39/0500.jpg,893,258
p08,day39/0506.jpg,189,701
p08,day39/0507.jpg,529,311
p08,day39/0509.jpg,262,509
p08,day39/0517.jpg,1417,54
p08,day39/0518.jpg,315,681
p08,day39/0519.jpg,674,537
p08,day39/0520.jpg,184,513
p08,day39/0522.jpg,926,745
p08,day39/0523.jpg,1175,694
p08,day39/0524.jpg,457,150
p08,day39/0534.jpg,1028,817
p08,day39/0537.jpg,580,245
p08,day39/0539.jpg,432,764
p08,day39/0540.jpg,442,217
p08,day39/0543.jpg,1414,838
p08,day39/0544.jpg,1231,319
p08,day39/0548.jpg,1028,602
p08,day39/0554.jpg,228,581
p08,day39/0563.jpg,76,200
p08,day39/0564.jpg,781,559
p08,day39/0565.jpg,490,335
p08,day39/0566.jpg,729,52
p08,day39/0570.jpg,975,481
p08,day39/0577.jpg,65,224
p08,day39/0578.jpg,167,706
p08,day39/0581.jpg,76,301
p08,day39/0584.jpg,1013,512
p08,day39/0589.jpg,306,757
p08,day39/0593.jpg,327,506
p08,day39/0603.jpg,561,739
p08,day39/0607.jpg,1102,189
p08,day39/0614.jpg,994,751
p08,day39/0616.jpg,782,507
p08,day39/0625.jpg,1000,840
p08,day39/0630.jpg,1245,733
p08,day39/0640.jpg,216,244
p08,day39/0641.jpg,287,447
p08,day39/0642.jpg,89,785
p08,day39/0653.jpg,594,632
p08,day40/0003.jpg,1427,446
p08,day40/0004.jpg,972,430
p08,day40/0012.jpg,793,311
p08,day40/0016.jpg,525,749
p08,day40/0018.jpg,273,717
p08,day40/0026.jpg,897,686
p08,day40/0027.jpg,603,473
p08,day40/0028.jpg,696,342
p08,day40/0032.jpg,1239,64
p08,day40/0034.jpg,639,788
p08,day40/0038.jpg,900,72
p08,day40/0043.jpg,1047,324
p08,day40/0048.jpg,969,162
p08,day40/0056.jpg,730,656
p08,day40/0063.jpg,182,288
p08,day40/0067.jpg,502,115
p08,day40/0069.jpg,117,788
p08,day40/0073.jpg,868,534
p08,day40/0074.jpg,1336,811
p08,day40/0078.jpg,1306,595
p08,day40/0079.jpg,739,691
p08,day40/0089.jpg,266,662
p08,day40/0091.jpg,715,364
p08,day40/0101.jpg,961,383
p08,day40/0103.jpg,596,665
p08,day40/0105.jpg,951,547
p08,day40/0108.jpg,1233,294
p08,day40/0111.jpg,831,874
p08,day40/0113.jpg,92,600
p08,day40/0119.jpg,615,247
p08,day40/0123.jpg,883,685
p08,day40/0128.jpg,585,333
p08,day40/0129.jpg,509,146
p08,day40/0130.jpg,1376,512
p08,day40/0133.jpg,897,507
p08,day40/0136.jpg,48,461
p08,day40/0139.jpg,358,764
p08,day40/0143.jpg,1216,848
p08,day40/0144.jpg,80,873
p08,day40/0145.jpg,1170,681
p08,day40/0146.jpg,833,663
p08,day40/0157.jpg,181,129
p08,day40/0161.jpg,490,452
p08,day40/0162.jpg,540,151
p08,day40/0167.jpg,783,366
p08,day40/0168.jpg,1049,608
p08,day40/0171.jpg,129,827
p08,day40/0177.jpg,1142,493
p08,day40/0179.jpg,438,306
p08,day40/0193.jpg,1289,565
p08,day40/0195.jpg,1224,247
p08,day40/0199.jpg,659,409
p08,day40/0200.jpg,791,267
p08,day40/0206.jpg,216,304
p08,day40/0214.jpg,371,293
p08,day40/0215.jpg,855,626
p08,day40/0219.jpg,1301,331
p08,day40/0220.jpg,503,749
p08,day40/0235.jpg,964,239
p08,day40/0241.jpg,347,499
p08,day40/0253.jpg,621,161
p08,day40/0260.jpg,1145,863
p08,day40/0262.jpg,928,179
p08,day40/0266.jpg,946,122
p08,day40/0267.jpg,1098,292
p08,day40/0270.jpg,1283,467
p08,day40/0271.jpg,1357,411
p08,day40/0272.jpg,523,209
p08,day40/0273.jpg,162,818
p08,day40/0281.jpg,1249,830
p08,day40/0290.jpg,535,712
p08,day40/0295.jpg,916,542
p08,day40/0298.jpg,538,462
p08,day40/0300.jpg,330,729
p08,day40/0303.jpg,966,146
p08,day40/0309.jpg,557,409
p08,day40/0312.jpg,1094,31
p08,day40/0319.jpg,642,176
p08,day40/0322.jpg,1160,424
p08,day40/0326.jpg,53,635
p08,day40/0332.jpg,1389,59
p08,day40/0338.jpg,1068,767
p08,day40/0339.jpg,767,506
p08,day40/0343.jpg,687,393
p08,day40/0347.jpg,1316,818
p08,day40/0350.jpg,511,596
p08,day40/0351.jpg,71,646
p08,day40/0362.jpg,1236,520
p08,day40/0364.jpg,1213,73
p08,day40/0372.jpg,1369,220
p08,day40/0373.jpg,1022,475
p08,day40/0378.jpg,938,855
p08,day40/0382.jpg,1066,101
p08,day40/0390.jpg,1131,252
p08,day40/0391.jpg,1192,856
p08,day40/0408.jpg,1105,813
p08,day40/0420.jpg,1013,458
p08,day40/0423.jpg,341,530
p08,day40/0425.jpg,701,339
p08,day40/0426.jpg,1282,0
p08,day40/0427.jpg,178,430
p08,day40/0430.jpg,1217,389
p08,day40/0435.jpg,317,64
p08,day40/0438.jpg,799,14
p08,day40/0443.jpg,272,529
p08,day40/0452.jpg,434,528
p08,day40/0454.jpg,1112,143
p08,day40/0455.jpg,1027,119
p08,day40/0459.jpg,1198,73
p08,day40/0472.jpg,421,620
p08,day40/0474.jpg,827,254
p08,day40/0475.jpg,276,80
p08,day40/0476.jpg,698,674
p08,day40/0477.jpg,1109,29
p08,day40/0482.jpg,1411,586
p08,day40/0483.jpg,254,472
p08,day40/0486.jpg,741,575
p08,day40/0492.jpg,1180,24
p08,day40/0494.jpg,456,708
p08,day40/0503.jpg,445,230
p08,day40/0506.jpg,1152,105
p08,day40/0507.jpg,332,184
p08,day40/0509.jpg,557,444
p08,day40/0511.jpg,566,591
p08,day40/0513.jpg,261,58
p08,day40/0515.jpg,233,721
p08,day40/0517.jpg,1298,689
p08,day40/0518.jpg,581,772
p08,day40/0520.jpg,1097,147
p08,day40/0526.jpg,1347,312
p08,day40/0527.jpg,129,556
p08,day40/0535.jpg,1094,333
p08,day40/0540.jpg,1313,714
p08,day40/0541.jpg,1111,817
p08,day40/0549.jpg,976,516
p08,day40/0552.jpg,999,484
p08,day40/0553.jpg,1388,437
p08,day40/0559.jpg,568,461
p08,day40/0560.jpg,19,899
p08,day40/0568.jpg,1286,8
p08,day40/0576.jpg,189,618
p08,day40/0577.jpg,101,496
p08,day40/0580.jpg,1327,292
p08,day40/0581.jpg,1349,342
p08,day40/0583.jpg,1109,571
p08,day40/0585.jpg,142,563
p08,day40/0587.jpg,944,132
p08,day40/0589.jpg,503,870
p08,day40/0606.jpg,19,486
p08,day40/0607.jpg,240,523
p08,day40/0609.jpg,1185,281
p08,day40/0610.jpg,703,328
p08,day40/0620.jpg,1382,695
p08,day40/0624.jpg,552,320
p08,day40/0630.jpg,1423,613
p08,day40/0632.jpg,939,252
p08,day40/0634.jpg,1329,760
p08,day40/0637.jpg,129,490
p08,day40/0640.jpg,1425,622
p08,day40/0642.jpg,649,861
p08,day40/0644.jpg,798,216
p08,day40/0646.jpg,722,245
p08,day40/0647.jpg,87,23
p08,day40/0648.jpg,545,290
p08,day40/0649.jpg,641,138
p08,day40/0654.jpg,435,60
p08,day40/0655.jpg,1031,371
p08,day40/0656.jpg,642,488
p08,day40/0658.jpg,1231,258
p08,day40/0662.jpg,1325,19
p08,day40/0675.jpg,494,696
p08,day40/0678.jpg,504,451
p08,day40/0690.jpg,1320,547
p08,day40/0692.jpg,373,92
p08,day40/0693.jpg,230,217
p08,day40/0695.jpg,887,15
p08,day40/0699.jpg,810,859
p08,day40/0701.jpg,658,110
p08,day40/0704.jpg,897,819
p08,day40/0709.jpg,63,614
p08,day40/0710.jpg,1312,425
p08,day40/0712.jpg,633,340
p08,day40/0713.jpg,888,245
p08,day40/0718.jpg,1209,345
p08,day40/0725.jpg,786,677
p08,day40/0734.jpg,1024,823
p08,day40/0736.jpg,347,214
p08,day40/0738.jpg,254,202
p08,day40/0740.jpg,1419,885
p08,day40/0742.jpg,1005,819
p08,day40/0745.jpg,774,780
p08,day40/0751.jpg,659,895
p08,day40/0759.jpg,36,467
p08,day40/0761.jpg,614,404
p08,day40/0765.jpg,854,849
p08,day40/0768.jpg,539,343
p08,day40/0771.jpg,1340,37
p08,day40/0773.jpg,519,303
p08,day40/0775.jpg,1020,710
p08,day40/0777.jpg,769,434
p08,day40/0778.jpg,455,230
p08,day40/0781.jpg,226,869
p08,day40/0783.jpg,923,536
p08,day40/0784.jpg,1087,818
p08,day40/0789.jpg,521,296
p08,day40/0790.jpg,635,689
p08,day40/0792.jpg,1163,94
p08,day40/0796.jpg,306,455
p08,day40/0799.jpg,611,836
p08,day40/0801.jpg,924,334
p08,day40/0807.jpg,193,279
p08,day40/0821.jpg,438,897
p08,day40/0823.jpg,1109,744
p08,day40/0826.jpg,9,635
p08,day40/0827.jpg,366,870
p08,day40/0834.jpg,344,719
p08,day40/0841.jpg,1384,219
p08,day40/0842.jpg,346,867
p08,day40/0854.jpg,888,81
p08,day40/0855.jpg,1370,155
p08,day40/0857.jpg,1374,439
p08,day40/0858.jpg,909,167
p08,day40/0860.jpg,818,619
p08,day40/0864.jpg,41,660
p08,day40/0866.jpg,937,855
p08,day40/0875.jpg,1238,227
p08,day40/0880.jpg,1083,293
p08,day40/0881.jpg,251,102
p08,day40/0884.jpg,936,589
p08,day40/0885.jpg,935,713
p08,day40/0888.jpg,1146,201
p08,day40/0891.jpg,1129,847
p08,day40/0893.jpg,351,28
p08,day40/0895.jpg,212,388
p08,day40/0898.jpg,257,314
p08,day40/0903.jpg,564,593
p08,day40/0908.jpg,993,258
p08,day40/0916.jpg,49,813
p08,day40/0925.jpg,495,71
p08,day40/0927.jpg,252,891
p08,day40/0928.jpg,980,763
p08,day40/0933.jpg,652,556
p08,day40/0934.jpg,98,144
p08,day40/0936.jpg,1359,3
p08,day41/0004.jpg,835,260
p08,day41/0014.jpg,656,116
p08,day41/0018.jpg,1335,569
p08,day41/0020.jpg,1173,188
p08,day41/0021.jpg,997,746
p08,day41/0025.jpg,76,296
p08,day41/0027.jpg,1322,118
p08,day41/0030.jpg,146,311
p08,day41/0037.jpg,1168,208
p08,day41/0043.jpg,854,383
p08,day41/0049.jpg,782,858
p08,day41/0051.jpg,525,817
p08,day41/0055.jpg,771,446
p08,day41/0057.jpg,971,701
p08,day41/0058.jpg,947,495
p08,day41/0059.jpg,1373,472
p08,day41/0062.jpg,959,565
p08,day41/0065.jpg,1221,44
p08,day41/0072.jpg,1037,886
p08,day41/0073.jpg,438,842
p08,day41/0075.jpg,1425,379
p08,day41/0076.jpg,117,707
p08,day41/0078.jpg,622,594
p08,day41/0084.jpg,275,354
p08,day41/0085.jpg,1211,673
p08,day41/0088.jpg,561,796
p08,day41/0089.jpg,937,58
p08,day41/0090.jpg,574,330
p08,day41/0097.jpg,249,840
p08,day41/0099.jpg,379,458
p08,day41/0104.jpg,700,0
p08,day41/0106.jpg,806,884
p08,day41/0108.jpg,843,354
p08,day41/0110.jpg,245,890
p08,day41/0112.jpg,933,297
p08,day41/0113.jpg,625,248
p08,day41/0115.jpg,903,19
p08,day41/0116.jpg,601,344
p08,day41/0117.jpg,278,466
p08,day41/0120.jpg,797,832
p08,day41/0125.jpg,1366,463
p08,day41/0127.jpg,1015,534
p08,day41/0128.jpg,1208,53
p08,day41/0136.jpg,1199,127
p08,day41/0138.jpg,672,564
p08,day41/0149.jpg,1138,602
p08,day41/0154.jpg,288,125
p08,day41/0161.jpg,193,680
p08,day41/0170.jpg,405,687
p08,day41/0175.jpg,122,339
p08,day41/0176.jpg,531,150
p08,day41/0181.jpg,388,737
p08,day41/0189.jpg,1189,506
p08,day41/0196.jpg,749,343
p08,day41/0201.jpg,751,382
p08,day41/0213.jpg,1131,411
p08,day41/0218.jpg,955,583
p08,day41/0222.jpg,934,498
p08,day41/0229.jpg,1384,852
p08,day41/0233.jpg,6,579
p08,day41/0237.jpg,1144,756
p08,day41/0244.jpg,90,655
p08,day41/0245.jpg,247,433
p08,day41/0246.jpg,949,413
p08,day41/0263.jpg,1243,606
p08,day41/0264.jpg,240,271
p08,day41/0268.jpg,343,275
p08,day41/0273.jpg,161,397
p08,day41/0277.jpg,564,811
p08,day41/0279.jpg,1228,204
p08,day41/0280.jpg,1000,414
p08,day41/0282.jpg,1422,233
p08,day41/0295.jpg,264,714
p08,day41/0298.jpg,1106,115
p08,day41/0300.jpg,160,423
p08,day41/0302.jpg,618,241
p08,day41/0308.jpg,301,34
p08,day41/0310.jpg,779,326
p08,day41/0321.jpg,163,4
p08,day41/0323.jpg,318,600
p08,day41/0325.jpg,1148,848
p08,day41/0336.jpg,637,204
p08,day41/0337.jpg,978,514
p08,day41/0349.jpg,1322,202
p08,day41/0350.jpg,865,286
p08,day41/0351.jpg,116,580
p08,day41/0354.jpg,976,180
p08,day41/0355.jpg,370,606
p08,day41/0356.jpg,1333,793
p08,day41/0358.jpg,757,857
p08,day41/0367.jpg,1114,673
p08,day41/0368.jpg,1358,307
p08,day41/0371.jpg,1233,174
p08,day41/0377.jpg,379,27
p08,day41/0394.jpg,365,321
p08,day41/0396.jpg,885,311
p08,day41/0397.jpg,174,698
p08,day41/0399.jpg,1043,144
p08,day41/0401.jpg,428,658
p08,day41/0402.jpg,312,329
p08,day41/0404.jpg,1137,447
p08,day41/0408.jpg,982,530
p08,day41/0409.jpg,769,618
p08,day41/0412.jpg,1240,282
p08,day41/0416.jpg,496,58
p08,day41/0429.jpg,1333,784
p08,day41/0436.jpg,422,443
p08,day41/0437.jpg,1190,487
p08,day41/0440.jpg,79,548
p08,day41/0442.jpg,62,284
p08,day41/0445.jpg,625,188
p08,day41/0450.jpg,63,865
p08,day41/0451.jpg,785,232
p08,day41/0454.jpg,457,106
p08,day41/0455.jpg,1003,367
p08,day41/0456.jpg,1060,577
p08,day41/0458.jpg,362,134
p08,day41/0459.jpg,486,56
p08,day41/0460.jpg,1157,326
p08,day41/0461.jpg,89,134
p08,day41/0462.jpg,647,342
p08,day41/0465.jpg,664,138
p08,day41/0467.jpg,1080,870
p08,day41/0470.jpg,874,762
p08,day41/0485.jpg,556,278
p08,day41/0486.jpg,1172,511
p08,day41/0490.jpg,296,606
p08,day41/0497.jpg,653,31
p08,day41/0499.jpg,379,560
p08,day41/0501.jpg,643,533
p08,day41/0510.jpg,1209,34
p08,day41/0512.jpg,16,603
p08,day41/0513.jpg,1049,762
p08,day41/0522.jpg,1339,805
p08,day41/0523.jpg,657,723
p08,day41/0525.jpg,1392,404
p08,day41/0531.jpg,601,458
p08,day41/0532.jpg,862,81
p08,day41/0533.jpg,502,478
p08,day41/0534.jpg,1009,406
p08,day41/0535.jpg,823,821
p08,day41/0542.jpg,73,207
p08,day41/0545.jpg,230,455
p08,day41/0548.jpg,1414,434
p08,day41/0550.jpg,172,249
p08,day41/0552.jpg,956,710
p08,day41/0553.jpg,728,450
p08,day41/0556.jpg,96,154
p08,day41/0557.jpg,356,354
p08,day41/0559.jpg,1155,194
p08,day41/0561.jpg,1167,466
p08,day41/0567.jpg,520,701
p08,day41/0569.jpg,1086,373
p08,day41/0574.jpg,1414,792
p08,day41/0576.jpg,639,114
p08,day41/0578.jpg,179,608
p08,day41/0588.jpg,324,604
p08,day41/0591.jpg,1408,475
p08,day41/0592.jpg,1004,404
p08,day41/0593.jpg,93,94
p08,day41/0603.jpg,1138,876
p08,day41/0606.jpg,1132,403
p08,day41/0611.jpg,881,729
p08,day41/0615.jpg,28,58
p08,day42/0002.jpg,689,362
p08,day42/0003.jpg,1397,828
p08,day42/0011.jpg,542,685
p08,day42/0012.jpg,1008,321
p08,day42/0015.jpg,1249,773
p08,day42/0020.jpg,294,719
p08,day42/0021.jpg,1101,693
p08,day42/0022.jpg,976,215
p08,day42/0026.jpg,417,563
p08,day42/0030.jpg,766,42
p08,day42/0037.jpg,488,105
p08,day42/0039.jpg,908,282
p08,day43/0003.jpg,1188,516
p08,day43/0005.jpg,49,319
p08,day43/0008.jpg,557,342
p08,day43/0011.jpg,1209,217
p08,day43/0016.jpg,684,863
p08,day43/0031.jpg,649,363
p08,day43/0034.jpg,1016,128
p08,day43/0035.jpg,1396,614
p08,day43/0041.jpg,886,782
p08,day43/0043.jpg,956,759
p08,day43/0053.jpg,1310,811
p08,day43/0058.jpg,214,313
p08,day43/0064.jpg,1387,124
p08,day43/0067.jpg,201,143
p08,day43/0073.jpg,642,496
p08,day43/0082.jpg,520,604
p08,day43/0093.jpg,521,349
p08,day43/0099.jpg,469,695
p08,day43/0102.jpg,816,1
p08,day43/0114.jpg,1161,166
p08,day43/0115.jpg,941,417
p08,day43/0117.jpg,338,394
p08,day43/0120.jpg,840,533
p08,day43/0123.jpg,875,257
p08,day43/0124.jpg,11,165
p08,day43/0125.jpg,681,600
p08,day43/0131.jpg,277,41
p08,day43/0132.jpg,707,305
p08,day43/0136.jpg,502,242
p08,day43/0142.jpg,605,463
p08,day43/0145.jpg,1098,529
p08,day43/0149.jpg,294,770
p08,day43/0152.jpg,690,367
p08,day43/0153.jpg,866,398
p08,day43/0154.jpg,919,874
p08,day43/0156.jpg,697,502
p08,day43/0160.jpg,1314,494
p08,day43/0166.jpg,275,636
p08,day43/0170.jpg,626,191
p08,day43/0171.jpg,673,429
p08,day43/0175.jpg,892,762
p08,day43/0177.jpg,306,71
p08,day43/0181.jpg,45,587
p08,day43/0182.jpg,111,278
p08,day43/0186.jpg,610,27
p08,day43/0191.jpg,1269,556
p08,day43/0194.jpg,764,690
p08,day43/0195.jpg,582,50
p08,day43/0197.jpg,1247,223
p08,day43/0200.jpg,411,102
p08,day43/0201.jpg,480,504
p08,day43/0203.jpg,825,408
p08,day43/0211.jpg,830,215
p08,day43/0214.jpg,258,690
p08,day43/0220.jpg,773,498
p08,day43/0221.jpg,788,843
p08,day43/0222.jpg,716,566
p08,day43/0229.jpg,428,847
p08,day43/0237.jpg,366,567
p08,day43/0240.jpg,1379,761
p08,day43/0242.jpg,955,710
p08,day43/0243.jpg,1087,660
p08,day43/0252.jpg,1410,139
p08,day43/0254.jpg,1213,240
p08,day43/0264.jpg,669,320
p08,day43/0267.jpg,517,751
p08,day43/0277.jpg,1381,868
p08,day43/0281.jpg,425,894
p08,day43/0283.jpg,1316,542
p08,day43/0288.jpg,463,323
p08,day43/0291.jpg,320,92
p08,day43/0296.jpg,109,649
p08,day43/0298.jpg,1,652
p08,day43/0300.jpg,1165,277
p08,day43/0303.jpg,263,771
p08,day43/0304.jpg,1179,63
p08,day43/0310.jpg,1114,657
p08,day43/0312.jpg,1110,68
p08,day43/0321.jpg,1351,362
p08,day43/0327.jpg,585,157
p08,day43/0339.jpg,890,610
p08,day44/0003.jpg,152,513
p08,day44/0006.jpg,610,255
p08,day44/0010.jpg,610,112
p08,day44/0013.jpg,529,448
p08,day44/0016.jpg,1339,242
p08,day44/0023.jpg,17,209
p08,day44/0026.jpg,1352,568
p08,day44/0029.jpg,772,155
p08,day44/0032.jpg,576,899
p08,day44/0038.jpg,438,804
p08,day44/0041.jpg,139,356
p08,day44/0055.jpg,241,166
p08,day44/0056.jpg,506,456
p08,day44/0063.jpg,177,136
p08,day44/0068.jpg,1389,146
p08,day44/0069.jpg,716,548
p08,day44/0070.jpg,610,841
p08,day44/0071.jpg,1020,166
p08,day44/0074.jpg,1277,429
p08,day44/0078.jpg,116,302
p08,day44/0082.jpg,175,551
p08,day44/0089.jpg,880,671
p08,day44/0092.jpg,691,359
p08,day44/0094.jpg,897,44
p08,day44/0099.jpg,1347,354
p08,day44/0106.jpg,98,52
p08,day44/0107.jpg,212,491
p08,day44/0108.jpg,1288,800
p08,day44/0111.jpg,1370,674
p08,day44/0117.jpg,570,2
p08,day44/0122.jpg,1122,373
p08,day44/0131.jpg,398,428
p08,day44/0132.jpg,1324,838
p08,day44/0135.jpg,700,828
p08,day44/0138.jpg,320,731
p08,day44/0139.jpg,925,437
p08,day44/0149.jpg,1148,609
p08,day44/0152.jpg,435,559
p08,day44/0154.jpg,66,308
p08,day44/0157.jpg,1296,517
p08,day44/0161.jpg,458,856
p08,day44/0171.jpg,484,55
p08,day44/0174.jpg,1050,510
p08,day44/0175.jpg,1175,571
p08,day44/0176.jpg,631,787
p08,day44/0178.jpg,126,791
p08,day44/0184.jpg,235,141
p08,day44/0196.jpg,356,716
p08,day44/0197.jpg,500,29
p08,day44/0199.jpg,506,564
p08,day44/0200.jpg,1184,667
p08,day44/0202.jpg,680,9
p08,day44/0223.jpg,921,107
p08,day44/0224.jpg,624,309
p08,day44/0227.jpg,1293,439
p08,day44/0228.jpg,652,320
p08,day44/0229.jpg,867,650
p08,day44/0230.jpg,314,373
p08,day44/0231.jpg,151,821
p08,day44/0236.jpg,1085,560
p08,day44/0238.jpg,960,236
p08,day44/0251.jpg,1196,455
p08,day44/0254.jpg,1264,842
p08,day44/0255.jpg,447,138
p08,day44/0256.jpg,639,111
p08,day44/0260.jpg,1289,889
p08,day44/0267.jpg,975,518
p08,day44/0272.jpg,378,197
p08,day44/0274.jpg,322,165
p08,day44/0278.jpg,536,104
p08,day44/0283.jpg,603,392
p08,day44/0284.jpg,1396,701
p08,day44/0286.jpg,158,632
p08,day44/0287.jpg,925,221
p08,day44/0291.jpg,1398,679
p08,day44/0297.jpg,16,862
p08,day44/0301.jpg,993,106
p08,day44/0302.jpg,1240,456
p08,day44/0305.jpg,1401,392
p08,day44/0311.jpg,1353,354
p08,day44/0314.jpg,1166,599
p08,day44/0318.jpg,900,383
p08,day45/0003.jpg,452,647
p08,day45/0007.jpg,832,367
p08,day45/0010.jpg,1393,775
p08,day45/0018.jpg,479,686
p08,day45/0019.jpg,1049,459
p08,day45/0020.jpg,793,555
p08,day45/0022.jpg,1418,692
p08,day45/0023.jpg,294,860
p08,day45/0027.jpg,980,123
p08,day45/0038.jpg,484,807
p08,day45/0040.jpg,775,508
p08,day45/0043.jpg,309,160
p08,day45/0045.jpg,756,27
p08,day45/0046.jpg,1047,123
p08,day45/0050.jpg,1378,642
p08,day45/0051.jpg,1322,870
p08,day45/0052.jpg,871,263
p08,day45/0053.jpg,806,471
p08,day45/0059.jpg,1381,860
p08,day45/0062.jpg,512,526
p08,day45/0064.jpg,59,546
p08,day45/0069.jpg,64,501
p08,day45/0071.jpg,167,687
p08,day45/0072.jpg,1378,346
p08,day45/0077.jpg,536,764
p08,day45/0079.jpg,539,37
p08,day45/0081.jpg,212,57
p08,day45/0085.jpg,663,720
p08,day45/0094.jpg,1297,885
p08,day45/0097.jpg,1025,357
p08,day45/0100.jpg,1354,322
p08,day45/0101.jpg,14,299
p08,day45/0108.jpg,79,128
p08,day45/0111.jpg,735,285
p08,day45/0112.jpg,1056,518
p08,day45/0113.jpg,5,716
p08,day45/0115.jpg,1258,45
p08,day45/0120.jpg,1419,720
p08,day45/0125.jpg,1196,68
p08,day45/0129.jpg,693,797
p08,day45/0139.jpg,898,808
p08,day45/0142.jpg,987,850
p08,day45/0143.jpg,825,453
p08,day45/0144.jpg,1153,116
p08,day45/0155.jpg,57,253
p08,day45/0168.jpg,505,363
p08,day45/0171.jpg,170,186
p08,day45/0178.jpg,481,278
p08,day45/0180.jpg,251,268
p08,day46/0005.jpg,942,1
p08,day46/0008.jpg,961,184
p08,day46/0009.jpg,161,189
p08,day46/0020.jpg,6,513
p08,day46/0023.jpg,47,393
p08,day46/0027.jpg,1069,65
p08,day46/0030.jpg,989,480
p08,day46/0035.jpg,463,443
p08,day46/0049.jpg,1231,761
p08,day46/0050.jpg,319,71
p08,day46/0052.jpg,676,490
p08,day46/0056.jpg,179,457
p08,day46/0061.jpg,1291,812
p08,day46/0067.jpg,115,865
p08,day46/0068.jpg,185,572
p08,day46/0071.jpg,361,322
p08,day46/0073.jpg,865,763
p08,day46/0082.jpg,1324,587
p08,day46/0083.jpg,54,394
p08,day46/0086.jpg,1182,279
p08,day46/0088.jpg,1189,4
p08,day46/0091.jpg,363,832
p08,day46/0096.jpg,1204,647
p08,day46/0097.jpg,233,780
p08,day46/0098.jpg,373,844
p08,day46/0104.jpg,834,624
p08,day46/0109.jpg,18,559
p08,day46/0110.jpg,465,155
p08,day46/0113.jpg,1214,761
p08,day46/0117.jpg,81,558
p08,day46/0121.jpg,781,760
p08,day46/0130.jpg,1065,0
p08,day46/0133.jpg,728,245
p08,day46/0138.jpg,1128,236
p08,day46/0139.jpg,155,875
p08,day46/0141.jpg,573,869
p08,day46/0142.jpg,1116,442
p08,day46/0148.jpg,35,151
p08,day46/0149.jpg,430,883
p08,day46/0151.jpg,1256,751
p08,day46/0155.jpg,726,832
p08,day47/0004.jpg,630,94
p08,day47/0005.jpg,942,587
p08,day47/0011.jpg,8,755
p08,day47/0013.jpg,554,210
p08,day47/0016.jpg,507,735
p08,day47/0018.jpg,482,156
p08,day47/0028.jpg,644,271
p08,day47/0032.jpg,572,443
p08,day47/0035.jpg,701,74
p08,day47/0036.jpg,38,747
p08,day47/0044.jpg,1054,220
p08,day47/0046.jpg,1090,441
p08,day47/0049.jpg,733,249
p08,day47/0050.jpg,1307,848
p08,day47/0052.jpg,966,550
p08,day47/0053.jpg,1194,50
p08,day47/0054.jpg,1199,686
p08,day47/0058.jpg,1205,752
p08,day47/0073.jpg,763,529
p08,day47/0074.jpg,1019,166
p08,day47/0081.jpg,525,868
p08,day47/0083.jpg,590,596
p08,day47/0087.jpg,929,845
p08,day47/0093.jpg,464,90
p08,day47/0096.jpg,148,433
p08,day47/0099.jpg,516,261
p08,day47/0102.jpg,1240,543
p08,day47/0104.jpg,1212,441
p08,day47/0106.jpg,793,53
p08,day47/0108.jpg,88,294
p08,day47/0121.jpg,219,363
p08,day47/0127.jpg,1300,92
p08,day47/0129.jpg,1058,678
p08,day47/0136.jpg,526,828
p08,day47/0139.jpg,279,522
p09,day01/0001.jpg,1194,506
p09,day01/0006.jpg,1020,262
p09,day01/0008.jpg,742,113
p09,day01/0011.jpg,158,187
p09,day01/0012.jpg,950,322
p09,day01/0014.jpg,553,764
p09,day01/0016.jpg,1421,63
p09,day01/0018.jpg,1419,107
p09,day01/0019.jpg,551,651
p09,day01/0029.jpg,394,470
p09,day01/0030.jpg,93,792
p09,day01/0031.jpg,1042,651
p09,day01/0032.jpg,754,321
p09,day01/0036.jpg,1119,754
p09,day01/0037.jpg,859,159
p09,day01/0039.jpg,777,623
p09,day01/0040.jpg,825,211
p09,day01/0042.jpg,1174,569
p09,day01/0044.jpg,362,255
p09,day01/0046.jpg,743,780
p09,day01/0049.jpg,792,487
p09,day01/0054.jpg,909,612
p09,day01/0055.jpg,731,82
p09,day01/0058.jpg,380,71
p09,day01/0060.jpg,354,543
p09,day01/0065.jpg,152,158
p09,day01/0066.jpg,132,78
p09,day01/0068.jpg,471,812
p09,day01/0069.jpg,490,492
p09,day01/0071.jpg,103,372
p09,day01/0073.jpg,808,220
p09,day01/0081.jpg,490,639
p09,day01/0082.jpg,521,550
p09,day01/0090.jpg,463,469
p09,day01/0091.jpg,1134,140
p09,day01/0092.jpg,1373,694
p09,day01/0094.jpg,698,351
p09,day01/0100.jpg,330,456
p09,day01/0105.jpg,579,68
p09,day01/0109.jpg,1385,719
p09,day01/0112.jpg,577,164
p09,day01/0113.jpg,721,872
p09,day01/0114.jpg,690,535
p09,day01/0115.jpg,993,744
p09,day01/0116.jpg,921,860
p09,day01/0121.jpg,820,409
p09,day01/0124.jpg,483,497
p09,day01/0129.jpg,1336,99
p09,day01/0131.jpg,561,309
p09,day01/0135.jpg,478,309
p09,day01/0138.jpg,228,283
p09,day01/0140.jpg,717,119
p09,day01/0141.jpg,825,477
p09,day01/0145.jpg,550,222
p09,day01/0146.jpg,469,283
p09,day01/0147.jpg,897,856
p09,day01/0148.jpg,911,550
p09,day01/0152.jpg,1025,533
p09,day01/0156.jpg,997,356
p09,day01/0157.jpg,1427,587
p09,day01/0160.jpg,646,644
p09,day01/0161.jpg,513,31
p09,day01/0165.jpg,355,382
p09,day01/0166.jpg,45,555
p09,day01/0168.jpg,1382,466
p09,day01/0170.jpg,1273,620
p09,day01/0173.jpg,1174,893
p09,day01/0174.jpg,1197,421
p09,day01/0175.jpg,1295,309
p09,day01/0184.jpg,1089,74
p09,day01/0185.jpg,994,287
p09,day01/0190.jpg,858,81
p09,day01/0191.jpg,206,801
p09,day01/0193.jpg,631,537
p09,day01/0197.jpg,942,48
p09,day01/0198.jpg,634,340
p09,day01/0204.jpg,853,827
p09,day01/0210.jpg,808,631
p09,day01/0211.jpg,405,895
p09,day01/0215.jpg,1113,469
p09,day01/0221.jpg,936,850
p09,day01/0222.jpg,501,545
p09,day01/0225.jpg,1107,417
p09,day01/0226.jpg,759,86
p09,day01/0228.jpg,844,35
p09,day01/0231.jpg,829,415
p09,day01/0236.jpg,1086,704
p09,day01/0238.jpg,1198,188
p09,day01/0239.jpg,248,803
p09,day01/0242.jpg,1044,18
p09,day01/0244.jpg,191,145
p09,day01/0249.jpg,386,478
p09,day01/0257.jpg,682,683
p09,day01/0262.jpg,166,140
p09,day01/0263.jpg,876,528
p09,day01/0264.jpg,407,402
p09,day01/0267.jpg,384,9
p09,day01/0268.jpg,845,282
p09,day01/0270.jpg,106,141
p09,day01/0271.jpg,1138,161
p09,day01/0273.jpg,386,646
p09,day01/0280.jpg,890,225
p09,day01/0283.jpg,774,544
p09,day01/0284.jpg,1075,163
p09,day01/0290.jpg,1329,555
p09,day01/0291.jpg,1121,766
p09,day01/0292.jpg,55,787
p09,day01/0296.jpg,1319,90
p09,day01/0297.jpg,197,144
p09,day01/0299.jpg,146,630
p09,day01/0301.jpg,558,118
p09,day01/0302.jpg,155,329
p09,day01/0303.jpg,784,476
p09,day01/0304.jpg,1270,220
p09,day01/0307.jpg,660,626
p09,day01/0309.jpg,705,1
p09,day01/0310.jpg,37,311
p09,day01/0317.jpg,759,820
p09,day01/0319.jpg,762,223
p09,day01/0321.jpg,563,186
p09,day01/0327.jpg,635,888
p09,day01/0330.jpg,1341,176
p09,day01/0331.jpg,143,469
p09,day01/0332.jpg,839,720
p09,day01/0340.jpg,1202,488
p09,day01/0343.jpg,766,239
p09,day01/0347.jpg,602,414
p09,day01/0350.jpg,658,693
p09,day01/0351.jpg,1387,468
p09,day01/0360.jpg,890,42
p09,day01/0365.jpg,748,204
p09,day01/0368.jpg,1190,402
p09,day01/0369.jpg,1384,659
p09,day01/0374.jpg,323,252
p09,day01/0381.jpg,388,882
p09,day01/0382.jpg,203,454
p09,day01/0385.jpg,1372,133
p09,day01/0400.jpg,81,633
p09,day01/0401.jpg,1027,284
p09,day01/0402.jpg,1051,772
p09,day01/0403.jpg,468,61
p09,day01/0405.jpg,1405,630
p09,day01/0406.jpg,921,861
p09,day01/0408.jpg,1244,100
p09,day01/0412.jpg,67,453
p09,day01/0413.jpg,780,516
p09,day01/0422.jpg,2,668
p09,day01/0424.jpg,159,619
p09,day01/0425.jpg,533,97
p09,day01/0426.jpg,1023,171
p09,day01/0428.jpg,721,80
p09,day01/0432.jpg,1252,670
p09,day01/0459.jpg,41,680
p09,day01/0460.jpg,277,650
p09,day01/0465.jpg,300,316
p09,day01/0466.jpg,1239,479
p09,day01/0467.jpg,512,516
p09,day01/0474.jpg,271,729
p09,day01/0476.jpg,1215,220
p09,day01/0478.jpg,387,89
p09,day01/0480.jpg,1021,797
p09,day01/0481.jpg,1109,129
p09,day01/0486.jpg,1214,689
p09,day01/0487.jpg,583,249
p09,day01/0488.jpg,389,639
p09,day01/0489.jpg,286,518
p09,day01/0496.jpg,1352,520
p09,day01/0497.jpg,168,805
p09,day01/0502.jpg,1034,891
p09,day01/0504.jpg,371,435
p09,day01/0507.jpg,286,714
p09,day01/0517.jpg,1066,690
p09,day01/0519.jpg,1419,720
p09,day01/0521.jpg,506,321
p09,day01/0524.jpg,578,831
p09,day01/0525.jpg,516,320
p09,day01/0526.jpg,477,249
p09,day01/0531.jpg,357,19
p09,day01/0533.jpg,582,814
p09,day01/0535.jpg,1354,624
p09,day01/0536.jpg,839,134
p09,day01/0538.jpg,687,508
p09,day01/0539.jpg,1426,179
p09,day01/0547.jpg,716,393
p09,day01/0551.jpg,72,688
p09,day01/0557.jpg,160,520
p09,day01/0560.jpg,491,69
p09,day01/0561.jpg,399,756
p09,day01/0563.jpg,1401,790
p09,day01/0565.jpg,756,102
p09,day01/0567.jpg,1099,617
p09,day01/0569.jpg,370,239
p09,day01/0572.jpg,1221,855
p09,day01/0573.jpg,1080,169
p09,day01/0574.jpg,975,670
p09,day01/0575.jpg,870,131
p09,day01/0578.jpg,761,490
p09,day01/0579.jpg,71,130
p09,day01/0582.jpg,820,33
p09,day01/0588.jpg,3,60
p09,day01/0589.jpg,321,519
p09,day01/0590.jpg,326,454
p09,day01/0596.jpg,556,41
p09,day02/0001.jpg,911,774
p09,day02/0002.jpg,503,440
p09,day02/0003.jpg,1283,712
p09,day02/0006.jpg,767,178
p09,day02/0009.jpg,955,241
p09,day02/0010.jpg,1218,200
p09,day02/0011.jpg,75,616
p09,day02/0013.jpg,92,729
p09,day02/0019.jpg,89,1
p09,day02/0023.jpg,1122,53
p09,day02/0028.jpg,560,196
p09,day02/0031.jpg,1331,331
p09,day02/0032.jpg,451,736
p09,day02/0034.jpg,67,218
p09,day02/0038.jpg,1281,881
p09,day02/0042.jpg,1018,43
p09,day02/0043.jpg,53,176
p09,day02/0044.jpg,455,446
p09,day02/0045.jpg,1061,156
p09,day02/0046.jpg,1008,440
p09,day02/0050.jpg,19,563
p09,day02/0056.jpg,1104,786
p09,day02/0060.jpg,9,779
p09,day02/0064.jpg,725,219
p09,day02/0065.jpg,924,577
p09,day02/0066.jpg,218,551
p09,day02/0067.jpg,724,563
p09,day02/0071.jpg,1309,451
p09,day02/0072.jpg,927,833
p09,day02/0074.jpg,685,230
p09,day02/0080.jpg,1164,43
p09,day02/0082.jpg,93,493
p09,day02/0093.jpg,814,263
p09,day02/0094.jpg,1226,384
p09,day02/0095.jpg,827,266
p09,day02/0096.jpg,1436,446
p09,day02/0097.jpg,283,104
p09,day02/0101.jpg,509,18
p09,day02/0105.jpg,543,481
p09,day02/0106.jpg,967,628
p09,day02/0112.jpg,1086,843
p09,day02/0115.jpg,1430,386
p09,day02/0118.jpg,1392,301
p09,day02/0119.jpg,413,105
p09,day02/0121.jpg,1219,73
p09,day02/0122.jpg,410,558
p09,day02/0124.jpg,993,331
p09,day02/0125.jpg,279,55
p09,day02/0132.jpg,415,458
p09,day02/0138.jpg,66,340
p09,day02/0146.jpg,128,172
p09,day02/0149.jpg,98,337
p09,day02/0151.jpg,492,0
p09,day02/0155.jpg,937,335
p09,day02/0156.jpg,1064,36
p09,day02/0163.jpg,163,427
p09,day02/0166.jpg,418,101
p09,day02/0169.jpg,276,281
p09,day02/0171.jpg,481,510
p09,day02/0174.jpg,172,24
p09,day02/0182.jpg,124,13
p09,day02/0193.jpg,554,468
p09,day02/0196.jpg,1381,579
p09,day02/0197.jpg,1105,411
p09,day02/0198.jpg,935,450
p09,day02/0200.jpg,1174,792
p09,day02/0202.jpg,1094,700
p09,day02/0203.jpg,243,766
p09,day02/0208.jpg,653,606
p09,day02/0209.jpg,498,66
p09,day02/0213.jpg,299,140
p09,day02/0217.jpg,526,617
p09,day02/0222.jpg,497,540
p09,day02/0226.jpg,17,107
p09,day02/0228.jpg,763,311
p09,day02/0232.jpg,535,183
p09,day02/0234.jpg,80,70
p09,day02/0237.jpg,1111,708
p09,day02/0248.jpg,99,157
p09,day02/0249.jpg,699,490
p09,day02/0253.jpg,1403,159
p09,day02/0256.jpg,912,312
p09,day02/0259.jpg,595,730
p09,day02/0264.jpg,397,155
p09,day02/0265.jpg,1154,674
p09,day02/0266.jpg,173,535
p09,day02/0268.jpg,1414,144
p09,day02/0270.jpg,1391,398
p09,day02/0276.jpg,973,311
p09,day02/0277.jpg,56,435
p09,day02/0278.jpg,1161,0
p09,day02/0281.jpg,1423,694
p09,day02/0283.jpg,1308,743
p09,day02/0284.jpg,660,630
p09,day02/0286.jpg,336,530
p09,day02/0290.jpg,1234,190
p09,day02/0291.jpg,303,140
p09,day02/0294.jpg,157,207
p09,day02/0295.jpg,188,355
p09,day02/0296.jpg,696,41
p09,day02/0297.jpg,252,663
p09,day02/0301.jpg,998,126
p09,day02/0302.jpg,467,264
p09,day02/0305.jpg,240,774
p09,day02/0306.jpg,1433,656
p09,day02/0309.jpg,218,488
p09,day02/0310.jpg,856,610
p09,day02/0311.jpg,439,516
p09,day02/0312.jpg,190,90
p09,day02/0313.jpg,323,712
p09,day02/0317.jpg,1287,803
p09,day02/0324.jpg,887,68
p09,day02/0330.jpg,1174,92
p09,day02/0332.jpg,521,191
p09,day02/0333.jpg,527,517
p09,day02/0336.jpg,1066,246
p09,day02/0338.jpg,1225,624
p09,day02/0340.jpg,48,746
p09,day02/0344.jpg,1102,781
p09,day02/0346.jpg,679,881
p09,day02/0349.jpg,871,128
p09,day02/0351.jpg,1134,678
p09,day02/0352.jpg,883,683
p09,day02/0356.jpg,786,277
p09,day02/0358.jpg,229,490
p09,day02/0359.jpg,680,608
p09,day02/0361.jpg,784,542
p09,day02/0364.jpg,1348,276
p09,day02/0367.jpg,1113,191
p09,day02/0369.jpg,1162,814
p09,day02/0375.jpg,1379,310
p09,day02/0376.jpg,1282,486
p09,day02/0377.jpg,385,132
p09,day02/0378.jpg,660,196
p09,day02/0381.jpg,1063,393
p09,day02/0385.jpg,6,441
p09,day02/0386.jpg,1132,805
p09,day02/0388.jpg,1087,651
p09,day02/0389.jpg,874,332
p09,day02/0391.jpg,757,133
p09,day02/0393.jpg,139,119
p09,day02/0396.jpg,225,868
p09,day02/0397.jpg,1238,794
p09,day02/0399.jpg,1232,566
p09,day02/0400.jpg,499,458
p09,day02/0402.jpg,578,701
p09,day02/0405.jpg,594,429
p09,day02/0409.jpg,1405,860
p09,day02/0421.jpg,507,411
p09,day02/0422.jpg,454,346
p09,day02/0423.jpg,687,329
p09,day02/0426.jpg,187,48
p09,day02/0430.jpg,572,758
p09,day02/0432.jpg,955,870
p09,day02/0433.jpg,848,548
p09,day02/0434.jpg,843,173
p09,day02/0435.jpg,86,23
p09,day02/0436.jpg,677,865
p09,day02/0439.jpg,1221,808
p09,day02/0443.jpg,260,629
p09,day02/0445.jpg,938,747
p09,day02/0448.jpg,1290,666
p09,day02/0451.jpg,1391,72
p09,day02/0453.jpg,814,829
p09,day02/0456.jpg,236,469
p09,day02/0457.jpg,113,114
p09,day02/0462.jpg,283,577
p09,day02/0465.jpg,488,87
p09,day02/0466.jpg,1423,294
p09,day02/0473.jpg,1366,415
p09,day02/0480.jpg,440,6
p09,day02/0483.jpg,246,893
p09,day02/0485.jpg,378,55
p09,day02/0491.jpg,180,292
p09,day02/0492.jpg,394,768
p09,day02/0493.jpg,324,211
p09,day02/0494.jpg,704,117
p09,day02/0495.jpg,718,198
p09,day02/0497.jpg,431,397
p09,day02/0501.jpg,8,28
p09,day02/0503.jpg,1155,842
p09,day02/0505.jpg,221,567
p09,day02/0506.jpg,437,353
p09,day02/0507.jpg,154,456
p09,day02/0509.jpg,1174,39
p09,day02/0511.jpg,114,32
p09,day02/0512.jpg,1102,450
p09,day02/0515.jpg,465,660
p09,day02/0517.jpg,237,847
p09,day02/0520.jpg,1218,858
p09,day02/0522.jpg,1011,488
p09,day02/0524.jpg,959,743
p09,day02/0526.jpg,1045,364
p09,day02/0527.jpg,565,431
p09,day02/0528.jpg,978,471
p09,day02/0529.jpg,794,876
p09,day02/0533.jpg,1369,254
p09,day02/0538.jpg,797,690
p09,day02/0540.jpg,556,818
p09,day02/0542.jpg,1233,44
p09,day02/0547.jpg,1078,482
p09,day02/0551.jpg,213,857
p09,day02/0552.jpg,1390,667
p09,day02/0556.jpg,1425,860
p09,day02/0558.jpg,612,244
p09,day02/0559.jpg,1227,112
p09,day02/0561.jpg,782,40
p09,day02/0562.jpg,707,269
p09,day02/0563.jpg,1100,196
p09,day02/0567.jpg,881,64
p09,day02/0570.jpg,1172,447
p09,day02/0579.jpg,349,234
p09,day02/0580.jpg,408,861
p09,day02/0586.jpg,1364,787
p09,day02/0587.jpg,1173,344
p09,day02/0588.jpg,1043,642
p09,day02/0590.jpg,1142,707
p09,day02/0598.jpg,319,719
p09,day02/0599.jpg,616,857
p09,day02/0607.jpg,614,181
p09,day02/0609.jpg,1238,446
p09,day02/0611.jpg,841,548
p09,day02/0614.jpg,824,416
p09,day02/0617.jpg,948,495
p09,day02/0618.jpg,1035,110
p09,day02/0619.jpg,33,531
p09,day02/0621.jpg,1409,717
p09,day02/0630.jpg,757,576
p09,day02/0633.jpg,1203,221
p09,day02/0637.jpg,485,353
p09,day02/0638.jpg,1040,231
p09,day02/0639.jpg,792,347
p09,day03/0004.jpg,1070,102
p09,day03/0005.jpg,1267,660
p09,day03/0006.jpg,63,445
p09,day03/0010.jpg,923,856
p09,day03/0012.jpg,895,245
p09,day03/0013.jpg,354,532
p09,day03/0015.jpg,1031,404
p09,day03/0019.jpg,1053,239
p09,day03/0025.jpg,288,595
p09,day03/0028.jpg,718,313
p09,day03/0029.jpg,1275,261
p09,day03/0031.jpg,1146,731
p09,day03/0038.jpg,874,63
p09,day03/0050.jpg,764,843
p09,day03/0055.jpg,1299,317
p09,day03/0056.jpg,806,481
p09,day03/0057.jpg,1104,305
p09,day03/0058.jpg,671,488
p09,day03/0061.jpg,365,188
p09,day03/0062.jpg,137,775
p09,day03/0065.jpg,83,805
p09,day03/0066.jpg,234,401
p09,day03/0069.jpg,1031,520
p09,day03/0070.jpg,294,622
p09,day03/0073.jpg,18,447
p09,day03/0075.jpg,1009,182
p09,day03/0086.jpg,58,681
p09,day03/0089.jpg,235,890
p09,day03/0091.jpg,940,513
p09,day03/0093.jpg,396,99
p09,day03/0096.jpg,88,662
p09,day03/0097.jpg,444,603
p09,day03/0098.jpg,663,648
p09,day03/0103.jpg,539,13
p09,day03/0110.jpg,1403,824
p09,day03/0111.jpg,150,84
p09,day03/0113.jpg,188,552
p09,day03/0115.jpg,1409,386
p09,day03/0117.jpg,245,260
p09,day03/0119.jpg,1269,145
p09,day03/0122.jpg,55,165
p09,day03/0125.jpg,84,554
p09,day03/0132.jpg,64,515
p09,day03/0133.jpg,124,733
p09,day03/0135.jpg,440,215
p09,day03/0136.jpg,810,843
p09,day03/0141.jpg,1187,22
p09,day03/0145.jpg,349,380
p09,day03/0147.jpg,572,475
p09,day03/0151.jpg,786,491
p09,day03/0152.jpg,331,90
p09,day03/0155.jpg,533,234
p09,day03/0160.jpg,1293,677
p09,day03/0161.jpg,867,187
p09,day03/0172.jpg,1412,505
p09,day03/0174.jpg,227,822
p09,day03/0177.jpg,170,649
p09,day03/0179.jpg,488,707
p09,day03/0180.jpg,1415,419
p09,day03/0181.jpg,1083,444
p09,day03/0182.jpg,650,248
p09,day03/0183.jpg,563,828
p09,day03/0185.jpg,1408,284
p09,day03/0189.jpg,259,637
p09,day03/0194.jpg,1241,785
p09,day03/0195.jpg,1050,829
p09,day03/0196.jpg,1186,435
p09,day03/0200.jpg,1289,153
p09,day03/0202.jpg,1174,278
p09,day03/0207.jpg,527,300
p09,day03/0209.jpg,280,378
p09,day03/0214.jpg,1324,263
p09,day03/0220.jpg,488,5
p09,day03/0221.jpg,1045,177
p09,day03/0223.jpg,1399,550
p09,day03/0229.jpg,269,888
p09,day03/0233.jpg,1114,132
p09,day03/0235.jpg,1273,275
p09,day03/0236.jpg,708,682
p09,day03/0238.jpg,814,805
p09,day03/0239.jpg,503,300
p09,day03/0247.jpg,591,354
p09,day03/0253.jpg,1026,405
p09,day03/0254.jpg,1127,289
p09,day03/0255.jpg,50,528
p09,day03/0259.jpg,432,19
p09,day03/0260.jpg,368,534
p09,day03/0263.jpg,87,771
p09,day03/0273.jpg,296,47
p09,day03/0275.jpg,559,822
p09,day03/0281.jpg,351,444
p09,day03/0287.jpg,1343,176
p09,day03/0296.jpg,946,703
p09,day03/0297.jpg,322,242
p09,day03/0302.jpg,1030,814
p09,day03/0303.jpg,235,27
p09,day03/0304.jpg,522,80
p09,day03/0308.jpg,516,730
p09,day03/0309.jpg,1109,410
p09,day03/0311.jpg,460,593
p09,day03/0315.jpg,652,339
p09,day03/0316.jpg,1259,56
p09,day03/0317.jpg,614,362
p09,day03/0322.jpg,1180,838
p09,day03/0323.jpg,304,591
p09,day03/0325.jpg,955,634
p09,day03/0327.jpg,104,600
p09,day03/0334.jpg,981,77
p09,day03/0335.jpg,1265,841
p09,day03/0336.jpg,657,460
p09,day03/0338.jpg,596,315
p09,day03/0339.jpg,1149,812
p09,day03/0341.jpg,1042,326
p09,day03/0343.jpg,971,669
p09,day03/0347.jpg,58,32
p09,day03/0350.jpg,896,330
p09,day03/0352.jpg,462,491
p09,day03/0355.jpg,173,376
p09,day03/0357.jpg,662,99
p09,day03/0358.jpg,889,800
p09,day03/0363.jpg,15,672
p09,day03/0366.jpg,905,653
p09,day03/0368.jpg,303,349
p09,day03/0370.jpg,1274,35
p09,day03/0371.jpg,642,428
p09,day03/0381.jpg,590,836
p09,day03/0383.jpg,394,411
p09,day03/0385.jpg,522,250
p09,day03/0386.jpg,318,42
p09,day03/0387.jpg,1062,336
p09,day03/0388.jpg,1167,234
p09,day03/0392.jpg,1267,764
p09,day03/0394.jpg,722,394
p09,day03/0395.jpg,531,807
p09,day03/0408.jpg,1024,254
p09,day03/0410.jpg,920,616
p09,day03/0413.jpg,403,572
p09,day03/0414.jpg,1218,550
p09,day03/0415.jpg,1382,633
p09,day03/0418.jpg,453,879
p09,day03/0420.jpg,27,895
p09,day03/0431.jpg,195,545
p09,day03/0436.jpg,991,790
p09,day03/0439.jpg,831,697
p09,day03/0442.jpg,691,269
p09,day03/0446.jpg,1356,880
p09,day03/0448.jpg,710,685
p09,day03/0453.jpg,708,129
p09,day03/0461.jpg,1415,493
p09,day03/0463.jpg,1032,454
p09,day03/0472.jpg,1274,864
p09,day03/0480.jpg,1172,824
p09,day03/0481.jpg,1254,734
p09,day03/0487.jpg,731,537
p09,day03/0488.jpg,779,363
p09,day03/0490.jpg,1399,826
p09,day03/0492.jpg,417,209
p09,day03/0495.jpg,455,117
p09,day03/0496.jpg,218,410
p09,day03/0503.jpg,1366,791
p09,day03/0504.jpg,689,679
p09,day03/0505.jpg,943,427
p09,day03/0506.jpg,119,48
p09,day03/0516.jpg,664,11
p09,day03/0519.jpg,1117,386
p09,day03/0520.jpg,522,747
p09,day03/0523.jpg,191,617
p09,day03/0525.jpg,16,425
p09,day03/0526.jpg,876,512
p09,day03/0529.jpg,279,621
p09,day03/0530.jpg,1402,886
p09,day03/0533.jpg,1125,330
p09,day03/0536.jpg,844,804
p09,day03/0538.jpg,1154,287
p09,day03/0541.jpg,777,501
p09,day03/0542.jpg,1043,309
p09,day03/0546.jpg,545,402
p09,day03/0547.jpg,623,218
p09,day03/0552.jpg,557,6
p09,day03/0562.jpg,1049,200
p09,day03/0563.jpg,868,125
p09,day03/0567.jpg,293,114
p09,day03/0568.jpg,190,55
p09,day03/0571.jpg,1179,294
p09,day03/0575.jpg,890,204
p09,day03/0580.jpg,1392,250
p09,day03/0581.jpg,588,80
p09,day03/0583.jpg,800,761
p09,day03/0588.jpg,1087,599
p09,day03/0590.jpg,922,441
p09,day03/0596.jpg,1017,134
p09,day03/0597.jpg,1085,803
p09,day03/0600.jpg,795,90
p09,day03/0606.jpg,82,329
p09,day03/0608.jpg,758,606
p09,day03/0609.jpg,299,653
p09,day03/0610.jpg,938,49
p09,day03/0613.jpg,908,673
p09,day03/0615.jpg,1086,525
p09,day03/0616.jpg,882,364
p09,day03/0617.jpg,317,201
p09,day03/0620.jpg,946,108
p09,day03/0621.jpg,133,618
p09,day03/0624.jpg,35,245
p09,day03/0625.jpg,589,22
p09,day03/0626.jpg,731,175
p09,day03/0631.jpg,1322,139
p09,day03/0635.jpg,1273,664
p09,day03/0636.jpg,1161,519
p09,day03/0640.jpg,504,688
p09,day03/0645.jpg,10,55
p09,day03/0647.jpg,1241,303
p09,day03/0649.jpg,2,523
p09,day03/0650.jpg,170,73
p09,day03/0651.jpg,246,634
p09,day03/0652.jpg,1318,191
p09,day03/0655.jpg,346,54
p09,day03/0656.jpg,321,440
p09,day03/0657.jpg,351,750
p09,day03/0664.jpg,1335,584
p09,day03/0669.jpg,1011,14
p09,day03/0670.jpg,1323,312
p09,day03/0673.jpg,249,717
p09,day03/0675.jpg,52,298
p09,day03/0676.jpg,399,424
p09,day03/0677.jpg,1145,828
p09,day03/0682.jpg,1068,594
p09,day03/0686.jpg,1357,185
p09,day03/0688.jpg,1375,476
p09,day03/0691.jpg,492,326
p09,day03/0692.jpg,13,570
p09,day03/0694.jpg,423,421
p09,day03/0695.jpg,590,806
p09,day03/0702.jpg,735,190
p09,day03/0708.jpg,1399,545
p09,day03/0711.jpg,654,721
p09,day03/0712.jpg,187,533
p09,day03/0717.jpg,891,510
p09,day03/0718.jpg,433,264
p09,day03/0720.jpg,1385,661
p09,day03/0723.jpg,830,455
p09,day03/0724.jpg,1424,799
p09,day03/0726.jpg,1327,202
p09,day03/0728.jpg,265,119
p09,day03/0729.jpg,720,505
p09,day03/0732.jpg,855,241
p09,day03/0733.jpg,1184,108
p09,day03/0737.jpg,906,492
p09,day03/0743.jpg,842,644
p09,day03/0747.jpg,613,445
p09,day03/0748.jpg,472,240
p09,day03/0750.jpg,1132,186
p09,day03/0753.jpg,989,268
p09,day03/0754.jpg,984,331
p09,day03/0756.jpg,1098,222
p09,day03/0761.jpg,592,111
p09,day03/0766.jpg,46,127
p09,day03/0767.jpg,1222,375
p09,day03/0772.jpg,278,112
p09,day03/0776.jpg,442,372
p09,day03/0781.jpg,755,169
p09,day03/0783.jpg,702,119
p09,day03/0784.jpg,991,721
p09,day03/0785.jpg,604,69
p09,day03/0789.jpg,1191,122
p09,day03/0791.jpg,175,531
p09,day03/0794.jpg,1197,667
p09,day03/0795.jpg,1189,595
p09,day03/0797.jpg,865,680
p09,day03/0799.jpg,519,760
p09,day03/0800.jpg,16,102
p09,day03/0801.jpg,506,233
p09,day03/0802.jpg,265,588
p09,day03/0803.jpg,330,269
p09,day03/0805.jpg,1342,315
p09,day03/0806.jpg,18,52
p09,day03/0811.jpg,465,359
p09,day03/0812.jpg,710,679
p09,day03/0815.jpg,443,619
p09,day03/0822.jpg,66,754
p09,day03/0823.jpg,1190,786
p09,day03/0824.jpg,422,0
p09,day03/0830.jpg,160,265
p09,day03/0831.jpg,661,899
p09,day03/0833.jpg,1215,528
p09,day03/0840.jpg,933,556
p09,day03/0842.jpg,1337,409
p09,day03/0843.jpg,192,153
p09,day03/0844.jpg,668,796
p09,day03/0847.jpg,130,715
p09,day03/0849.jpg,1043,147
p09,day03/0850.jpg,121,655
p09,day03/0853.jpg,1142,868
p09,day03/0857.jpg,792,13
p09,day03/0864.jpg,640,850
p09,day03/0865.jpg,498,297
p09,day03/0866.jpg,63,161
p09,day03/0867.jpg,984,498
p09,day03/0868.jpg,333,183
p09,day03/0870.jpg,1095,362
p09,day03/0871.jpg,969,693
p09,day03/0872.jpg,86,196
p09,day03/0873.jpg,848,265
p09,day03/0876.jpg,712,449
p09,day03/0878.jpg,1334,359
p09,day03/0879.jpg,728,778
p09,day03/0883.jpg,918,310
p09,day03/0885.jpg,1101,417
p09,day03/0889.jpg,352,699
p09,day03/0890.jpg,1034,146
p09,day03/0891.jpg,1185,50
p09,day03/0895.jpg,875,519
p09,day03/0899.jpg,546,35
p09,day03/0903.jpg,197,402
p09,day03/0908.jpg,932,215
p09,day03/0912.jpg,128,788
p09,day03/0913.jpg,928,604
p09,day03/0914.jpg,837,808
p09,day03/0921.jpg,717,87
p09,day03/0922.jpg,608,366
p09,day03/0924.jpg,252,400
p09,day03/0926.jpg,144,294
p09,day03/0928.jpg,143,244
p09,day03/0929.jpg,87,321
p09,day03/0933.jpg,521,250
p09,day03/0936.jpg,349,290
p09,day03/0937.jpg,284,487
p09,day03/0938.jpg,1437,888
p09,day03/0939.jpg,312,29
p09,day03/0947.jpg,31,259
p09,day03/0948.jpg,930,575
p09,day03/0950.jpg,261,601
p09,day03/0952.jpg,1249,758
p09,day03/0953.jpg,1126,401
p09,day03/0961.jpg,1301,462
p09,day03/0965.jpg,338,425
p09,day03/0966.jpg,103,712
p09,day03/0967.jpg,1197,538
p09,day03/0969.jpg,829,257
p09,day03/0970.jpg,624,861
p09,day03/0971.jpg,439,607
p09,day03/0972.jpg,1301,469
p09,day03/0973.jpg,1399,412
p09,day03/0979.jpg,1042,762
p09,day03/0981.jpg,5,356
p09,day03/0982.jpg,1077,137
p09,day03/0985.jpg,1396,524
p09,day03/0987.jpg,506,443
p09,day03/0991.jpg,634,717
p09,day03/0993.jpg,1241,678
p09,day03/0994.jpg,270,13
p09,day03/1000.jpg,1154,872
p09,day03/1005.jpg,308,72
p09,day03/1006.jpg,572,170
p09,day03/1011.jpg,1203,649
p09,day03/1018.jpg,1116,91
p09,day03/1020.jpg,576,892
p09,day03/1021.jpg,610,682
p09,day03/1025.jpg,408,776
p09,day03/1030.jpg,1278,791
p09,day03/1036.jpg,512,505
p09,day03/1042.jpg,675,216
p09,day03/1050.jpg,1076,820
p09,day03/1051.jpg,132,669
p09,day03/1053.jpg,904,766
p09,day03/1055.jpg,477,731
p09,day03/1056.jpg,1310,302
p09,day03/1060.jpg,118,194
p09,day03/1064.jpg,1175,79
p09,day03/1065.jpg,808,80
p09,day03/1067.jpg,566,115
p09,day03/1068.jpg,96,96
p09,day03/1069.jpg,1102,126
p09,day03/1078.jpg,212,203
p09,day03/1079.jpg,1188,695
p09,day03/1080.jpg,1229,201
p09,day03/1081.jpg,941,152
p09,day03/1084.jpg,318,377
p09,day03/1095.jpg,1330,545
p09,day03/1097.jpg,808,542
p09,day03/1099.jpg,39,481
p09,day03/1103.jpg,1121,279
p09,day03/1110.jpg,1079,497
p09,day03/1112.jpg,921,464
p09,day03/1116.jpg,1248,857
p09,day03/1122.jpg,1059,356
p09,day03/1130.jpg,865,703
p09,day03/1131.jpg,1038,297
p09,day03/1132.jpg,812,138
p09,day03/1133.jpg,156,479
p09,day03/1138.jpg,162,520
p09,day03/1139.jpg,882,156
p09,day03/1140.jpg,586,692
p09,day03/1142.jpg,1421,1
p09,day03/1143.jpg,106,608
p09,day03/1153.jpg,397,630
p09,day03/1154.jpg,977,574
p09,day03/1155.jpg,655,133
p09,day03/1157.jpg,785,445
p09,day03/1159.jpg,1060,100
p09,day03/1163.jpg,104,201
p09,day03/1166.jpg,568,648
p09,day03/1167.jpg,437,268
p09,day03/1171.jpg,233,499
p09,day03/1172.jpg,369,815
p09,day03/1175.jpg,572,396
p09,day03/1177.jpg,11,222
p09,day03/1178.jpg,991,99
p09,day03/1179.jpg,627,867
p09,day03/1182.jpg,1227,408
p09,day03/1185.jpg,330,173
p09,day03/1186.jpg,812,585
p09,day03/1187.jpg,417,465
p09,day03/1190.jpg,155,883
p09,day03/1191.jpg,761,166
p09,day03/1205.jpg,1223,566
p09,day03/1206.jpg,1272,612
p09,day03/1208.jpg,36,496
p09,day03/1213.jpg,585,223
p09,day03/1215.jpg,0,530
p09,day03/1217.jpg,321,197
p09,day03/1218.jpg,1094,780
p09,day03/1224.jpg,1336,121
p09,day03/1228.jpg,4,422
p09,day03/1229.jpg,255,454
p09,day03/1230.jpg,1176,418
p09,day03/1233.jpg,982,429
p09,day03/1234.jpg,410,494
p09,day03/1236.jpg,1217,719
p09,day03/1238.jpg,747,562
p09,day03/1248.jpg,1099,895
p09,day03/1251.jpg,403,410
p09,day03/1253.jpg,438,287
p09,day03/1255.jpg,558,552
p09,day03/1256.jpg,1289,755
p09,day03/1259.jpg,1343,686
p09,day03/1260.jpg,1122,784
p09,day03/1263.jpg,231,713
p09,day03/1264.jpg,1298,523
p09,day04/0001.jpg,957,216
p09,day04/0004.jpg,414,375
p09,day04/0006.jpg,1129,90
p09,day04/0007.jpg,239,43
p09,day04/0008.jpg,1019,762
p09,day04/0012.jpg,1113,408
p09,day04/0013.jpg,774,865
p09,day04/0020.jpg,984,50
p09,day04/0022.jpg,1094,855
p09,day04/0030.jpg,171,542
p09,day04/0035.jpg,821,691
p09,day04/0036.jpg,801,645
p09,day04/0037.jpg,1306,162
p09,day04/0038.jpg,70,204
p09,day04/0039.jpg,1403,405
p09,day04/0042.jpg,545,258
p09,day04/0044.jpg,994,418
p09,day04/0049.jpg,95,549
p09,day04/0051.jpg,816,131
p09,day04/0052.jpg,894,305
p09,day04/0054.jpg,43,22
p09,day04/0055.jpg,159,783
p09,day04/0056.jpg,916,331
p09,day04/0062.jpg,767,714
p09,day04/0063.jpg,296,406
p09,day04/0066.jpg,1274,610
p09,day04/0068.jpg,513,723
p09,day04/0078.jpg,840,354
p09,day04/0081.jpg,1176,620
p09,day04/0087.jpg,690,299
p09,day04/0089.jpg,557,176
p09,day04/0091.jpg,15,212
p09,day04/0093.jpg,479,127
p09,day04/0106.jpg,1396,600
p09,day04/0113.jpg,978,600
p09,day04/0117.jpg,823,674
p09,day04/0122.jpg,681,830
p09,day04/0123.jpg,673,327
p09,day04/0124.jpg,446,834
p09,day04/0125.jpg,364,795
p09,day04/0128.jpg,1283,347
p09,day04/0130.jpg,911,529
p09,day04/0133.jpg,521,614
p09,day04/0138.jpg,1254,708
p09,day04/0142.jpg,775,439
p09,day04/0145.jpg,626,76
p09,day04/0146.jpg,536,22
p09,day04/0148.jpg,734,440
p09,day04/0150.jpg,520,17
p09,day04/0155.jpg,257,140
p09,day04/0160.jpg,172,694
p09,day04/0165.jpg,1420,154
p09,day04/0168.jpg,1383,286
p09,day04/0169.jpg,664,437
p09,day04/0170.jpg,718,400
p09,day04/0172.jpg,208,284
p09,day04/0173.jpg,465,689
p09,day04/0177.jpg,348,349
p09,day04/0179.jpg,508,405
p09,day04/0180.jpg,238,531
p09,day04/0182.jpg,598,220
p09,day04/0186.jpg,184,648
p09,day04/0187.jpg,178,823
p09,day04/0189.jpg,2,10
p09,day04/0190.jpg,1288,756
p09,day04/0192.jpg,1228,819
p09,day04/0193.jpg,1035,101
p09,day04/0194.jpg,462,812
p09,day04/0196.jpg,598,192
p09,day04/0197.jpg,765,635
p09,day04/0199.jpg,952,269
p09,day04/0202.jpg,1,60
p09,day04/0207.jpg,1401,337
p09,day04/0211.jpg,1130,818
p09,day04/0213.jpg,953,456
p09,day04/0214.jpg,1101,55
p09,day04/0216.jpg,28,79
p09,day04/0221.jpg,252,223
p09,day04/0224.jpg,587,648
p09,day04/0226.jpg,512,523
p09,day04/0233.jpg,714,115
p09,day04/0239.jpg,738,198
p09,day04/0241.jpg,611,277
p09,day04/0242.jpg,1321,277
p09,day04/0243.jpg,679,528
p09,day04/0247.jpg,1213,642
p09,day04/0250.jpg,851,590
p09,day04/0253.jpg,134,27
p09,day04/0260.jpg,49,247
p09,day04/0263.jpg,414,387
p09,day04/0264.jpg,1113,635
p09,day04/0269.jpg,1379,689
p09,day04/0272.jpg,1372,868
p09,day04/0275.jpg,840,473
p09,day04/0280.jpg,680,438
p09,day04/0283.jpg,1316,673
p09,day04/0289.jpg,1439,214
p09,day04/0292.jpg,431,706
p09,day04/0296.jpg,759,762
p09,day04/0299.jpg,442,121
p09,day04/0300.jpg,1148,610
p09,day04/0302.jpg,1352,512
p09,day04/0308.jpg,737,477
p09,day04/0309.jpg,856,633
p09,day04/0311.jpg,1275,616
p09,day04/0313.jpg,674,51
p09,day04/0314.jpg,275,7
p09,day04/0316.jpg,589,424
p09,day04/0324.jpg,1283,465
p09,day04/0325.jpg,1321,627
p09,day04/0332.jpg,368,594
p09,day04/0337.jpg,1153,432
p09,day04/0338.jpg,159,351
p09,day04/0339.jpg,897,261
p09,day04/0342.jpg,1119,731
p09,day04/0346.jpg,1151,757
p09,day04/0356.jpg,141,842
p09,day04/0357.jpg,299,438
p09,day04/0358.jpg,780,571
p09,day04/0362.jpg,1066,867
p09,day04/0372.jpg,873,694
p09,day04/0375.jpg,406,498
p09,day04/0376.jpg,637,98
p09,day04/0378.jpg,1084,277
p09,day04/0380.jpg,959,384
p09,day04/0386.jpg,1138,132
p09,day04/0388.jpg,797,499
p09,day04/0395.jpg,285,404
p09,day04/0398.jpg,881,702
p09,day04/0400.jpg,773,569
p09,day04/0401.jpg,1382,897
p09,day04/0405.jpg,529,545
p09,day04/0408.jpg,114,63
p09,day04/0409.jpg,525,834
p09,day04/0412.jpg,1378,794
p09,day04/0416.jpg,706,137
p09,day04/0418.jpg,569,256
p09,day04/0420.jpg,727,543
p09,day04/0421.jpg,116,807
p09,day04/0423.jpg,922,138
p09,day04/0425.jpg,1323,676
p09,day04/0427.jpg,1427,744
p09,day04/0428.jpg,890,809
p09,day04/0432.jpg,1270,329
p09,day04/0443.jpg,147,90
p09,day04/0444.jpg,1194,768
p09,day04/0452.jpg,1005,83
p09,day04/0453.jpg,1389,146
p09,day04/0455.jpg,1420,822
p09,day04/0456.jpg,623,535
p09,day04/0461.jpg,1210,707
p09,day04/0466.jpg,11,450
p09,day04/0468.jpg,927,575
p09,day04/0469.jpg,967,185
p09,day04/0475.jpg,10,644
p09,day04/0482.jpg,1124,487
p09,day04/0484.jpg,120,344
p09,day04/0490.jpg,1252,272
p09,day04/0492.jpg,324,188
p09,day04/0494.jpg,324,821
p09,day04/0496.jpg,244,277
p09,day04/0498.jpg,1161,892
p09,day04/0500.jpg,1016,752
p09,day04/0509.jpg,836,286
p09,day04/0512.jpg,311,693
p09,day04/0514.jpg,675,468
p09,day04/0516.jpg,740,486
p09,day04/0518.jpg,25,598
p09,day04/0521.jpg,870,82
p09,day04/0525.jpg,237,331
p09,day04/0531.jpg,1111,605
p09,day04/0535.jpg,881,624
p09,day04/0539.jpg,1142,458
p09,day04/0540.jpg,980,605
p09,day04/0542.jpg,1042,777
p09,day04/0547.jpg,1254,603
p09,day04/0550.jpg,1164,589
p09,day04/0556.jpg,142,104
p09,day04/0565.jpg,228,597
p09,day04/0567.jpg,1204,306
p09,day04/0568.jpg,970,355
p09,day04/0569.jpg,749,228
p09,day04/0570.jpg,421,45
p09,day04/0572.jpg,1210,368
p09,day04/0577.jpg,864,842
p09,day04/0585.jpg,826,566
p09,day04/0587.jpg,1205,894
p09,day04/0590.jpg,819,616
p09,day04/0596.jpg,471,614
p09,day04/0597.jpg,56,175
p09,day04/0598.jpg,456,307
p09,day05/0003.jpg,997,267
p09,day05/0012.jpg,901,475
p09,day05/0013.jpg,23,267
p09,day05/0019.jpg,1181,66
p09,day05/0022.jpg,647,753
p09,day05/0023.jpg,839,480
p09,day05/0030.jpg,1232,711
p09,day05/0035.jpg,693,550
p09,day05/0036.jpg,1183,34
p09,day05/0037.jpg,47,482
p09,day05/0042.jpg,807,350
p09,day05/0043.jpg,305,457
p09,day05/0045.jpg,131,245
p09,day05/0046.jpg,503,632
p09,day05/0049.jpg,395,849
p09,day05/0055.jpg,68,688
p09,day05/0061.jpg,1368,711
p09,day05/0062.jpg,961,54
p09,day05/0063.jpg,608,652
p09,day05/0064.jpg,267,872
p09,day05/0066.jpg,297,446
p09,day05/0076.jpg,351,203
p09,day05/0077.jpg,517,865
p09,day05/0081.jpg,918,771
p09,day05/0082.jpg,407,181
p09,day05/0085.jpg,1396,68
p09,day05/0086.jpg,1323,84
p09,day05/0091.jpg,502,64
p09,day05/0092.jpg,290,261
p09,day05/0094.jpg,529,536
p09,day05/0096.jpg,1411,844
p09,day05/0099.jpg,1101,799
p09,day05/0102.jpg,797,216
p09,day05/0103.jpg,9,679
p09,day05/0111.jpg,1267,675
p09,day05/0113.jpg,149,458
p09,day05/0114.jpg,1253,260
p09,day05/0118.jpg,1125,758
p09,day05/0121.jpg,10,212
p09,day05/0123.jpg,1288,20
p09,day05/0126.jpg,706,240
p09,day05/0132.jpg,1350,1
p09,day05/0140.jpg,1026,132
p09,day05/0142.jpg,1399,199
p09,day05/0143.jpg,431,27
p09,day05/0151.jpg,679,463
p09,day05/0154.jpg,48,357
p09,day05/0156.jpg,704,534
p09,day06/0001.jpg,637,734
p09,day06/0007.jpg,1338,707
p09,day06/0008.jpg,138,571
p09,day06/0010.jpg,941,623
p09,day06/0014.jpg,301,521
p09,day06/0017.jpg,716,569
p09,day06/0019.jpg,141,284
p09,day06/0021.jpg,1417,751
p09,day06/0024.jpg,878,172
p09,day06/0027.jpg,1111,814
p09,day06/0031.jpg,961,423
p09,day06/0035.jpg,1244,622
p09,day06/0039.jpg,1240,184
p09,day06/0059.jpg,1300,667
p09,day06/0060.jpg,82,828
p09,day06/0062.jpg,412,117
p09,day06/0065.jpg,645,875
p09,day06/0069.jpg,18,350
p09,day06/0070.jpg,1104,95
p09,day06/0071.jpg,588,567
p09,day06/0072.jpg,962,471
p09,day06/0073.jpg,287,560
p09,day06/0075.jpg,1097,414
p09,day06/0076.jpg,160,254
p09,day06/0077.jpg,349,439
p09,day06/0080.jpg,1355,623
p09,day06/0082.jpg,46,327
p09,day06/0083.jpg,802,593
p09,day06/0091.jpg,1062,38
p09,day06/0092.jpg,1306,463
p09,day06/0097.jpg,1260,478
p09,day06/0098.jpg,429,219
p09,day06/0102.jpg,1080,589
p09,day06/0106.jpg,353,20
p09,day06/0116.jpg,345,805
p09,day06/0119.jpg,860,33
p09,day06/0121.jpg,1074,715
p09,day06/0123.jpg,986,697
p09,day06/0125.jpg,485,476
p09,day06/0127.jpg,1265,469
p09,day06/0129.jpg,346,129
p09,day06/0137.jpg,567,223
p09,day06/0139.jpg,439,203
p09,day06/0140.jpg,176,788
p09,day06/0143.jpg,598,316
p09,day06/0144.jpg,993,353
p09,day06/0146.jpg,1375,868
p09,day06/0147.jpg,1347,534
p09,day06/0152.jpg,550,197
p09,day06/0155.jpg,868,746
p09,day06/0156.jpg,290,427
p09,day06/0157.jpg,284,201
p09,day06/0158.jpg,241,614
p09,day06/0159.jpg,670,8
p09,day06/0161.jpg,355,61
p09,day06/0163.jpg,848,90
p09,day06/0165.jpg,1177,296
p09,day06/0170.jpg,457,97
p09,day06/0172.jpg,701,268
p09,day06/0176.jpg,1321,406
p09,day06/0177.jpg,777,184
p09,day06/0179.jpg,827,591
p09,day06/0182.jpg,563,158
p09,day06/0185.jpg,340,416
p09,day06/0189.jpg,1188,674
p09,day06/0196.jpg,224,696
p09,day06/0198.jpg,476,749
p09,day06/0199.jpg,1375,543
p09,day06/0202.jpg,1263,328
p09,day06/0208.jpg,913,196
p09,day06/0210.jpg,412,639
p09,day06/0212.jpg,940,489
p09,day06/0213.jpg,892,458
p09,day06/0218.jpg,694,172
p09,day06/0219.jpg,1193,700
p09,day06/0223.jpg,108,670
p09,day06/0224.jpg,475,747
p09,day06/0225.jpg,839,489
p09,day06/0226.jpg,763,456
p09,day06/0227.jpg,1221,392
p09,day06/0228.jpg,94,469
p09,day06/0229.jpg,482,490
p09,day06/0234.jpg,266,463
p09,day06/0235.jpg,196,381
p09,day06/0237.jpg,1358,229
p09,day06/0239.jpg,623,754
p09,day06/0243.jpg,834,84
p09,day06/0245.jpg,1372,386
p09,day06/0247.jpg,1240,52
p09,day06/0248.jpg,106,304
p09,day07/0003.jpg,440,68
p09,day07/0007.jpg,431,227
p09,day07/0009.jpg,554,753
p09,day07/0012.jpg,1158,876
p09,day07/0016.jpg,158,411
p09,day07/0019.jpg,757,822
p09,day07/0020.jpg,358,445
p09,day07/0027.jpg,878,858
p09,day07/0030.jpg,322,457
p09,day07/0032.jpg,562,718
p09,day07/0038.jpg,1211,746
p09,day07/0039.jpg,228,535
p09,day07/0047.jpg,382,518
p09,day07/0053.jpg,307,337
p09,day07/0056.jpg,220,734
p09,day07/0060.jpg,111,414
p09,day07/0062.jpg,483,122
p09,day07/0066.jpg,735,708
p09,day07/0069.jpg,467,695
p09,day07/0072.jpg,617,498
p09,day07/0077.jpg,612,264
p09,day07/0079.jpg,1111,539
p09,day07/0080.jpg,1393,578
p09,day07/0084.jpg,404,520
p09,day07/0086.jpg,95,567
p09,day07/0088.jpg,624,378
p09,day07/0089.jpg,869,440
p09,day07/0091.jpg,509,86
p09,day07/0092.jpg,1016,766
p09,day07/0094.jpg,594,704
p09,day07/0100.jpg,528,532
p09,day07/0103.jpg,309,168
p09,day07/0106.jpg,510,368
p09,day07/0111.jpg,1121,475
p09,day07/0114.jpg,1043,222
p09,day07/0115.jpg,1152,646
p09,day07/0120.jpg,1357,431
p09,day07/0122.jpg,1078,205
p09,day07/0127.jpg,1121,563
p09,day07/0131.jpg,937,137
p09,day07/0136.jpg,144,865
p09,day07/0140.jpg,259,713
p09,day07/0142.jpg,482,810
p09,day07/0144.jpg,54,246
p09,day07/0148.jpg,495,23
p09,day07/0151.jpg,339,225
p09,day07/0153.jpg,854,719
p09,day07/0154.jpg,1054,495
p09,day07/0155.jpg,569,205
p09,day07/0159.jpg,701,100
p09,day07/0160.jpg,192,344
p09,day07/0161.jpg,380,348
p09,day07/0167.jpg,1148,816
p09,day07/0173.jpg,77,538
p09,day07/0181.jpg,1027,809
p09,day07/0183.jpg,466,874
p09,day07/0184.jpg,123,890
p09,day07/0185.jpg,602,731
p09,day07/0188.jpg,17,697
p09,day07/0191.jpg,428,350
p09,day07/0192.jpg,753,731
p09,day07/0194.jpg,1408,293
p09,day07/0195.jpg,1437,609
p09,day07/0196.jpg,639,544
p09,day07/0200.jpg,906,538
p09,day07/0203.jpg,438,212
p09,day07/0204.jpg,297,345
p09,day07/0213.jpg,374,643
p09,day07/0221.jpg,1396,829
p09,day07/0224.jpg,351,898
p09,day07/0225.jpg,25,473
p09,day07/0229.jpg,960,529
p09,day07/0231.jpg,943,105
p09,day07/0242.jpg,1118,667
p09,day07/0245.jpg,496,389
p09,day07/0246.jpg,506,111
p09,day07/0248.jpg,112,94
p09,day07/0251.jpg,1417,54
p09,day07/0256.jpg,643,482
p09,day07/0257.jpg,1168,108
p09,day07/0258.jpg,20,788
p09,day07/0259.jpg,526,711
p09,day07/0265.jpg,142,103
p09,day07/0270.jpg,1345,626
p09,day07/0272.jpg,537,675
p09,day07/0273.jpg,694,554
p09,day07/0275.jpg,1031,129
p09,day07/0282.jpg,1425,460
p09,day07/0287.jpg,539,443
p09,day07/0290.jpg,429,210
p09,day07/0291.jpg,920,219
p09,day07/0295.jpg,995,221
p09,day07/0296.jpg,157,70
p09,day07/0298.jpg,959,45
p09,day07/0310.jpg,1119,364
p09,day07/0311.jpg,416,715
p09,day07/0312.jpg,950,162
p09,day07/0314.jpg,236,537
p09,day07/0317.jpg,588,676
p09,day07/0318.jpg,557,718
p09,day07/0326.jpg,976,863
p09,day07/0327.jpg,1131,13
p09,day07/0329.jpg,857,620
p09,day07/0330.jpg,1108,27
p09,day07/0333.jpg,242,443
p09,day07/0336.jpg,385,201
p09,day07/0339.jpg,449,812
p09,day07/0340.jpg,179,88
p09,day07/0344.jpg,1329,254
p09,day07/0346.jpg,29,793
p09,day07/0347.jpg,467,759
p09,day07/0352.jpg,852,624
p09,day07/0363.jpg,450,464
p09,day07/0365.jpg,726,110
p09,day07/0370.jpg,61,237
p09,day07/0372.jpg,96,805
p09,day07/0373.jpg,1305,829
p09,day07/0381.jpg,325,358
p09,day07/0389.jpg,566,625
p09,day07/0394.jpg,546,10
p09,day07/0395.jpg,914,510
p09,day07/0399.jpg,10,291
p09,day07/0401.jpg,991,244
p09,day07/0402.jpg,411,717
p09,day07/0403.jpg,984,104
p09,day07/0404.jpg,1237,208
p09,day07/0405.jpg,28,55
p09,day07/0407.jpg,77,734
p09,day07/0410.jpg,1202,338
p09,day07/0412.jpg,570,637
p09,day07/0413.jpg,632,889
p09,day07/0416.jpg,906,641
p09,day07/0419.jpg,1391,842
p09,day07/0420.jpg,134,480
p09,day07/0430.jpg,768,854
p09,day07/0434.jpg,1120,812
p09,day07/0435.jpg,242,510
p09,day07/0436.jpg,871,239
p09,day07/0440.jpg,560,181
p09,day07/0447.jpg,90,34
p09,day07/0448.jpg,328,66
p09,day07/0449.jpg,187,770
p09,day07/0451.jpg,364,310
p09,day07/0453.jpg,1336,231
p09,day07/0455.jpg,1043,561
p09,day07/0460.jpg,110,421
p09,day07/0466.jpg,1004,293
p09,day07/0467.jpg,764,479
p09,day07/0468.jpg,880,552
p09,day07/0470.jpg,1222,673
p09,day07/0471.jpg,320,98
p09,day07/0476.jpg,1261,406
p09,day07/0477.jpg,223,387
p09,day07/0478.jpg,1117,111
p09,day07/0482.jpg,1304,891
p09,day07/0486.jpg,35,568
p09,day07/0487.jpg,500,64
p09,day07/0494.jpg,872,836
p09,day07/0495.jpg,1007,414
p09,day07/0496.jpg,1412,85
p09,day07/0497.jpg,959,377
p09,day07/0498.jpg,252,739
p09,day07/0500.jpg,500,330
p09,day07/0504.jpg,464,433
p09,day07/0506.jpg,1425,529
p09,day07/0513.jpg,191,705
p09,day07/0516.jpg,942,772
p09,day07/0517.jpg,798,618
p09,day07/0518.jpg,378,432
p09,day07/0519.jpg,513,422
p09,day07/0520.jpg,811,845
p09,day07/0524.jpg,135,440
p09,day07/0527.jpg,1334,600
p09,day07/0536.jpg,141,677
p09,day07/0541.jpg,820,522
p09,day07/0543.jpg,521,816
p09,day07/0552.jpg,157,701
p09,day07/0553.jpg,1423,247
p09,day07/0556.jpg,984,464
p09,day07/0557.jpg,878,57
p09,day07/0559.jpg,318,560
p09,day07/0561.jpg,603,36
p09,day07/0568.jpg,341,144
p09,day07/0571.jpg,633,442
p09,day07/0573.jpg,723,367
p09,day07/0580.jpg,50,550
p09,day07/0581.jpg,604,677
p09,day07/0582.jpg,431,502
p09,day07/0584.jpg,974,662
p09,day07/0588.jpg,987,49
p09,day07/0589.jpg,977,888
p09,day07/0594.jpg,823,377
p09,day07/0595.jpg,3,517
p09,day07/0597.jpg,779,488
p09,day07/0598.jpg,1387,392
p09,day07/0599.jpg,255,764
p09,day07/0600.jpg,605,365
p09,day07/0601.jpg,100,445
p09,day07/0608.jpg,1284,120
p09,day07/0610.jpg,1018,116
p09,day07/0611.jpg,1331,555
p09,day07/0612.jpg,1284,842
p09,day07/0613.jpg,884,789
p09,day07/0614.jpg,244,219
p09,day07/0619.jpg,741,470
p09,day07/0623.jpg,1149,395
p09,day07/0626.jpg,1247,602
p09,day07/0627.jpg,866,515
p09,day07/0628.jpg,818,290
p09,day07/0630.jpg,1184,718
p09,day07/0631.jpg,946,673
p09,day07/0636.jpg,1171,346
p09,day07/0641.jpg,369,399
p09,day07/0644.jpg,1182,710
p09,day07/0647.jpg,199,763
p09,day07/0648.jpg,66,286
p09,day07/0649.jpg,289,449
p09,day07/0650.jpg,1133,843
p09,day07/0652.jpg,1060,288
p09,day07/0654.jpg,973,294
p09,day07/0655.jpg,10,302
p09,day07/0658.jpg,766,638
p09,day07/0660.jpg,1336,23
p09,day07/0666.jpg,1187,575
p09,day07/0670.jpg,819,394
p09,day07/0673.jpg,118,680
p09,day07/0678.jpg,844,569
p09,day07/0685.jpg,1030,766
p09,day07/0692.jpg,363,29
p09,day07/0696.jpg,959,616
p09,day07/0705.jpg,693,854
p09,day07/0707.jpg,1159,94
p09,day07/0708.jpg,1157,265
p09,day07/0709.jpg,281,498
p09,day07/0714.jpg,1284,291
p09,day07/0715.jpg,55,513
p09,day07/0718.jpg,420,423
p09,day07/0719.jpg,798,811
p09,day07/0724.jpg,1015,453
p09,day07/0725.jpg,1320,896
p09,day07/0726.jpg,303,64
p09,day07/0728.jpg,927,821
p09,day07/0730.jpg,420,305
p09,day07/0731.jpg,798,23
p09,day07/0737.jpg,1343,427
p09,day07/0739.jpg,1202,439
p09,day07/0741.jpg,477,717
p09,day07/0742.jpg,506,584
p09,day07/0744.jpg,95,138
p09,day07/0746.jpg,139,415
p09,day07/0754.jpg,1409,577
p09,day07/0755.jpg,1114,417
p09,day07/0758.jpg,513,733
p09,day07/0761.jpg,824,719
p09,day07/0762.jpg,929,109
p09,day07/0767.jpg,228,577
p09,day07/0772.jpg,1383,234
p09,day07/0775.jpg,1067,416
p09,day07/0780.jpg,1298,668
p09,day07/0781.jpg,39,587
p09,day07/0784.jpg,883,267
p09,day07/0785.jpg,44,328
p09,day07/0786.jpg,1204,414
p09,day07/0790.jpg,377,323
p09,day07/0793.jpg,897,71
p09,day07/0795.jpg,174,179
p09,day07/0797.jpg,681,73
p09,day07/0800.jpg,1213,138
p09,day07/0802.jpg,842,286
p09,day07/0807.jpg,747,133
p09,day07/0809.jpg,1398,278
p09,day07/0810.jpg,1157,760
p09,day07/0813.jpg,869,256
p09,day07/0814.jpg,669,29
p09,day07/0817.jpg,1321,71
p09,day07/0818.jpg,1110,9
p09,day07/0819.jpg,340,112
p09,day07/0825.jpg,974,558
p09,day07/0832.jpg,442,556
p09,day07/0836.jpg,957,417
p09,day07/0838.jpg,737,537
p09,day07/0839.jpg,1082,528
p09,day07/0843.jpg,1112,755
p09,day07/0850.jpg,23,815
p09,day07/0851.jpg,1106,222
p09,day07/0858.jpg,223,416
p09,day07/0862.jpg,486,814
p09,day07/0867.jpg,1327,120
p09,day07/0878.jpg,410,367
p09,day07/0882.jpg,450,716
p09,day07/0886.jpg,338,133
p09,day07/0890.jpg,1176,27
p09,day07/0895.jpg,935,754
p09,day07/0904.jpg,1094,144
p09,day07/0909.jpg,471,791
p09,day07/0910.jpg,301,476
p09,day07/0911.jpg,692,810
p09,day07/0912.jpg,632,528
p09,day07/0913.jpg,673,59
p09,day07/0914.jpg,806,180
p09,day07/0915.jpg,1106,234
p09,day07/0917.jpg,514,35
p09,day07/0919.jpg,216,109
p09,day07/0925.jpg,1350,464
p09,day07/0929.jpg,379,690
p09,day07/0932.jpg,1249,403
p09,day07/0935.jpg,1058,168
p09,day07/0938.jpg,1156,801
p09,day07/0942.jpg,861,583
p09,day07/0944.jpg,1325,462
p09,day07/0948.jpg,1058,319
p09,day07/0951.jpg,556,220
p09,day07/0952.jpg,899,67
p09,day07/0957.jpg,218,498
p09,day07/0958.jpg,522,698
p09,day07/0962.jpg,897,395
p09,day07/0966.jpg,1124,633
p09,day07/0968.jpg,130,633
p09,day07/0972.jpg,1318,459
p09,day07/0976.jpg,510,683
p09,day07/0977.jpg,1109,781
p09,day07/0980.jpg,1339,409
p09,day07/0981.jpg,298,419
p09,day07/0983.jpg,231,292
p09,day07/0986.jpg,122,467
p09,day07/0988.jpg,894,247
p09,day07/0989.jpg,716,692
p09,day07/0990.jpg,1017,42
p09,day07/0991.jpg,911,431
p09,day07/0992.jpg,331,690
p09,day07/0993.jpg,1310,790
p09,day07/0994.jpg,647,571
p09,day07/0996.jpg,564,336
p09,day07/0998.jpg,480,340
p09,day07/1001.jpg,1168,473
p09,day07/1005.jpg,1393,359
p09,day07/1006.jpg,768,372
p09,day07/1008.jpg,63,177
p09,day07/1010.jpg,723,525
p09,day07/1011.jpg,408,245
p09,day07/1015.jpg,310,728
p09,day07/1016.jpg,659,400
p09,day07/1020.jpg,1099,675
p09,day07/1024.jpg,1270,649
p09,day07/1025.jpg,917,269
p09,day07/1027.jpg,1234,755
p09,day07/1029.jpg,838,588
p09,day07/1031.jpg,970,367
p09,day07/1033.jpg,796,255
p09,day07/1048.jpg,1055,542
p09,day07/1052.jpg,38,633
p09,day07/1053.jpg,3,716
p09,day07/1066.jpg,1251,805
p09,day07/1067.jpg,351,525
p09,day07/1073.jpg,240,273
p09,day07/1077.jpg,1317,20
p09,day07/1083.jpg,61,638
p09,day07/1086.jpg,985,821
p09,day07/1091.jpg,1432,282
p09,day08/0001.jpg,1381,532
p09,day08/0008.jpg,1168,687
p09,day08/0012.jpg,621,759
p09,day08/0013.jpg,88,260
p09,day08/0014.jpg,149,688
p09,day08/0016.jpg,23,327
p09,day08/0024.jpg,1323,878
p09,day08/0025.jpg,15,248
p09,day08/0029.jpg,20,783
p09,day08/0040.jpg,1350,487
p09,day08/0044.jpg,1401,862
p09,day08/0045.jpg,809,326
p09,day08/0046.jpg,1302,867
p09,day08/0048.jpg,928,53
p09,day08/0052.jpg,249,779
p09,day08/0055.jpg,14,893
p09,day08/0056.jpg,205,140
p09,day08/0059.jpg,899,536
p09,day08/0061.jpg,785,340
p09,day08/0062.jpg,1028,497
p09,day08/0064.jpg,163,404
p09,day08/0065.jpg,1020,899
p09,day08/0067.jpg,264,799
p09,day08/0068.jpg,461,96
p09,day08/0069.jpg,1365,526
p09,day08/0071.jpg,141,367
p09,day08/0072.jpg,130,884
p09,day08/0073.jpg,479,145
p09,day08/0076.jpg,615,102
p09,day08/0085.jpg,1329,897
p09,day08/0089.jpg,886,885
p09,day08/0093.jpg,525,370
p09,day08/0096.jpg,1197,505
p09,day08/0100.jpg,1029,451
p09,day08/0103.jpg,1374,830
p09,day08/0110.jpg,879,325
p09,day08/0111.jpg,541,502
p09,day08/0113.jpg,950,856
p09,day08/0114.jpg,1160,664
p09,day08/0115.jpg,1181,861
p09,day08/0116.jpg,1153,293
p09,day08/0119.jpg,1342,649
p09,day08/0120.jpg,1067,309
p09,day08/0125.jpg,1271,63
p09,day08/0127.jpg,372,884
p09,day08/0131.jpg,709,308
p09,day08/0134.jpg,261,818
p09,day08/0137.jpg,1198,46
p09,day08/0139.jpg,680,267
p09,day08/0142.jpg,1413,20
p09,day08/0145.jpg,1007,537
p09,day08/0146.jpg,168,665
p09,day08/0149.jpg,1152,511
p09,day08/0151.jpg,522,296
p09,day08/0153.jpg,1438,623
p09,day08/0155.jpg,984,798
p09,day08/0157.jpg,1128,486
p09,day08/0158.jpg,96,363
p09,day08/0162.jpg,788,381
p09,day08/0163.jpg,661,211
p09,day08/0166.jpg,435,240
p09,day08/0176.jpg,611,693
p09,day08/0179.jpg,1188,772
p09,day08/0181.jpg,600,415
p09,day08/0186.jpg,1005,339
p09,day08/0187.jpg,653,238
p09,day08/0200.jpg,1233,769
p09,day08/0202.jpg,1156,342
p09,day08/0204.jpg,431,455
p09,day08/0210.jpg,873,226
p09,day08/0214.jpg,1274,698
p09,day08/0215.jpg,791,285
p09,day08/0216.jpg,299,261
p09,day08/0217.jpg,607,590
p09,day08/0221.jpg,853,248
p09,day08/0224.jpg,728,560
p09,day08/0227.jpg,274,165
p09,day08/0228.jpg,60,712
p09,day08/0230.jpg,1148,558
p09,day08/0232.jpg,502,487
p09,day08/0233.jpg,358,683
p09,day08/0235.jpg,1037,680
p09,day08/0238.jpg,179,484
p09,day08/0242.jpg,1308,463
p09,day08/0245.jpg,1403,526
p09,day08/0247.jpg,1038,485
p09,day08/0248.jpg,162,482
p09,day08/0249.jpg,475,312
p09,day08/0256.jpg,129,187
p09,day08/0264.jpg,1290,529
p09,day08/0266.jpg,34,557
p09,day08/0269.jpg,424,11
p09,day08/0271.jpg,768,867
p09,day08/0274.jpg,1182,578
p09,day08/0281.jpg,1000,583
p09,day08/0284.jpg,1166,227
p09,day08/0292.jpg,608,357
p09,day08/0298.jpg,1335,569
p09,day08/0302.jpg,1426,561
p09,day08/0305.jpg,96,739
p09,day08/0310.jpg,1326,849
p09,day08/0313.jpg,312,769
p09,day08/0314.jpg,559,578
p09,day08/0318.jpg,114,878
p09,day08/0321.jpg,1275,68
p09,day08/0322.jpg,52,398
p09,day08/0325.jpg,4,878
p09,day08/0326.jpg,816,881
p09,day08/0330.jpg,1314,704
p09,day08/0337.jpg,181,322
p09,day08/0340.jpg,1012,246
p09,day08/0343.jpg,1246,639
p09,day08/0347.jpg,1174,794
p09,day08/0357.jpg,356,163
p09,day08/0358.jpg,688,511
p09,day08/0361.jpg,186,116
p09,day08/0362.jpg,248,249
p09,day08/0366.jpg,390,635
p09,day08/0367.jpg,1049,541
p09,day08/0368.jpg,469,136
p09,day08/0373.jpg,971,852
p09,day08/0374.jpg,45,128
p09,day08/0376.jpg,1087,253
p09,day08/0377.jpg,124,128
p09,day08/0379.jpg,23,553
p09,day08/0381.jpg,791,281
p09,day08/0383.jpg,900,593
p09,day08/0385.jpg,202,505
p09,day08/0386.jpg,516,328
p09,day08/0398.jpg,987,222
p09,day08/0401.jpg,218,401
p09,day08/0402.jpg,1178,646
p09,day08/0404.jpg,343,47
p09,day08/0408.jpg,477,44
p09,day08/0412.jpg,530,402
p09,day08/0413.jpg,170,33
p09,day08/0414.jpg,175,188
p09,day08/0415.jpg,1211,424
p09,day08/0416.jpg,581,92
p09,day08/0419.jpg,485,663
p09,day08/0423.jpg,817,262
p09,day08/0425.jpg,16,56
p09,day08/0427.jpg,1256,433
p09,day08/0428.jpg,195,76
p09,day08/0429.jpg,550,844
p09,day08/0439.jpg,1387,74
p09,day08/0440.jpg,1,632
p09,day08/0441.jpg,188,788
p09,day08/0444.jpg,1062,432
p09,day08/0445.jpg,1431,213
p09,day08/0450.jpg,230,521
p09,day08/0454.jpg,1243,261
p09,day08/0456.jpg,286,113
p09,day08/0463.jpg,938,130
p09,day08/0465.jpg,934,464
p09,day08/0468.jpg,263,893
p09,day08/0469.jpg,7,182
p09,day08/0472.jpg,1156,63
p09,day08/0477.jpg,714,737
p09,day08/0479.jpg,944,640
p09,day08/0482.jpg,1423,739
p09,day08/0487.jpg,154,264
p09,day08/0492.jpg,11,769
p09,day08/0494.jpg,1410,144
p09,day08/0498.jpg,632,194
p09,day08/0499.jpg,828,648
p09,day08/0503.jpg,505,213
p09,day08/0504.jpg,1251,812
p09,day08/0505.jpg,296,157
p09,day08/0507.jpg,1370,445
p09,day08/0511.jpg,783,885
p09,day08/0520.jpg,175,810
p09,day08/0525.jpg,374,141
p09,day08/0527.jpg,961,424
p09,day08/0529.jpg,669,761
p09,day08/0532.jpg,109,861
p09,day08/0537.jpg,452,125
p09,day08/0538.jpg,1021,83
p09,day08/0541.jpg,1318,607
p09,day08/0543.jpg,1179,751
p09,day08/0547.jpg,1385,156
p09,day08/0548.jpg,89,117
p09,day08/0555.jpg,1304,231
p09,day08/0557.jpg,554,387
p09,day08/0558.jpg,571,323
p09,day08/0563.jpg,1177,46
p09,day08/0566.jpg,366,668
p09,day08/0567.jpg,549,870
p09,day08/0571.jpg,320,625
p09,day08/0574.jpg,698,280
p09,day08/0577.jpg,673,782
p09,day08/0578.jpg,111,582
p09,day08/0588.jpg,275,155
p09,day08/0590.jpg,1394,55
p09,day08/0593.jpg,88,379
p09,day08/0598.jpg,895,732
p09,day08/0601.jpg,297,58
p09,day08/0604.jpg,429,788
p09,day08/0605.jpg,1422,199
p09,day08/0606.jpg,47,468
p09,day08/0608.jpg,833,150
p09,day08/0609.jpg,1200,696
p09,day08/0611.jpg,537,292
p09,day08/0615.jpg,1420,59
p09,day08/0616.jpg,687,368
p09,day08/0617.jpg,966,579
p09,day08/0618.jpg,1356,720
p09,day08/0623.jpg,35,564
p09,day08/0624.jpg,900,216
p09,day08/0625.jpg,1158,684
p09,day08/0628.jpg,1222,104
p09,day08/0639.jpg,32,489
p09,day08/0643.jpg,1332,531
p09,day08/0648.jpg,636,87
p09,day08/0652.jpg,1095,533
p09,day08/0659.jpg,703,286
p09,day08/0662.jpg,457,76
p09,day08/0663.jpg,1330,726
p09,day08/0666.jpg,960,721
p09,day08/0669.jpg,465,503
p09,day08/0670.jpg,246,499
p09,day08/0672.jpg,1133,391
p09,day08/0673.jpg,105,675
p09,day08/0676.jpg,10,861
p09,day08/0677.jpg,124,866
p09,day08/0686.jpg,893,533
p09,day08/0691.jpg,37,340
p09,day08/0695.jpg,119,380
p09,day08/0697.jpg,338,225
p09,day08/0703.jpg,596,94
p09,day08/0709.jpg,1238,746
p09,day08/0710.jpg,753,821
p09,day08/0715.jpg,350,456
p09,day08/0716.jpg,728,700
p09,day08/0718.jpg,1252,133
p09,day08/0719.jpg,1410,46
p09,day08/0723.jpg,505,743
p09,day08/0725.jpg,921,823
p09,day08/0726.jpg,961,423
p09,day08/0728.jpg,1241,463
p09,day08/0731.jpg,578,368
p09,day08/0733.jpg,751,724
p09,day08/0735.jpg,1203,413
p09,day08/0739.jpg,1350,605
p09,day08/0741.jpg,117,361
p09,day08/0750.jpg,1039,213
p09,day08/0758.jpg,1115,856
p09,day08/0759.jpg,1207,572
p09,day08/0760.jpg,90,716
p09,day08/0762.jpg,713,858
p09,day08/0765.jpg,633,225
p09,day08/0769.jpg,1232,832
p09,day08/0771.jpg,760,529
p09,day08/0775.jpg,486,696
p09,day08/0776.jpg,842,678
p09,day08/0782.jpg,618,285
p09,day08/0789.jpg,1097,525
p09,day08/0793.jpg,376,144
p09,day08/0796.jpg,238,334
p09,day08/0798.jpg,1168,843
p09,day08/0799.jpg,1307,480
p09,day08/0803.jpg,572,62
p09,day08/0804.jpg,1096,200
p09,day08/0805.jpg,970,668
p09,day08/0806.jpg,432,565
p09,day08/0808.jpg,854,538
p09,day08/0812.jpg,476,859
p09,day08/0815.jpg,1186,333
p09,day08/0816.jpg,926,787
p09,day08/0820.jpg,910,385
p09,day08/0823.jpg,340,278
p09,day08/0824.jpg,1432,577
p09,day08/0829.jpg,40,593
p09,day08/0831.jpg,36,33
p09,day08/0833.jpg,139,438
p09,day08/0834.jpg,192,440
p09,day08/0835.jpg,615,374
p09,day08/0836.jpg,420,56
p09,day08/0838.jpg,357,306
p09,day08/0840.jpg,104,247
p09,day08/0852.jpg,712,426
p09,day08/0856.jpg,87,124
p09,day08/0860.jpg,705,618
p09,day08/0861.jpg,1137,752
p09,day08/0866.jpg,802,632
p09,day08/0869.jpg,642,899
p09,day08/0871.jpg,1315,253
p09,day08/0878.jpg,1384,91
p09,day08/0879.jpg,822,724
p09,day08/0881.jpg,81,848
p09,day08/0883.jpg,551,682
p09,day08/0884.jpg,949,212
p09,day08/0885.jpg,696,213
p09,day08/0888.jpg,387,730
p09,day08/0889.jpg,490,546
p09,day08/0890.jpg,942,80
p09,day08/0891.jpg,917,199
p09,day08/0892.jpg,1336,427
p09,day08/0893.jpg,614,674
p09,day08/0897.jpg,665,1
p09,day08/0898.jpg,359,891
p09,day08/0902.jpg,1092,606
p09,day08/0905.jpg,1286,144
p09,day08/0907.jpg,653,760
p09,day08/0910.jpg,889,216
p09,day08/0911.jpg,1025,353
p09,day08/0914.jpg,1189,551
p09,day08/0917.jpg,1083,687
p09,day08/0922.jpg,3,253
p09,day08/0923.jpg,177,97
p09,day08/0924.jpg,538,650
p09,day08/0925.jpg,824,870
p09,day08/0926.jpg,1063,36
p09,day08/0930.jpg,1386,145
p09,day08/0932.jpg,117,184
p09,day08/0936.jpg,214,206
p09,day08/0944.jpg,262,338
p09,day08/0945.jpg,642,102
p09,day08/0946.jpg,258,128
p09,day08/0948.jpg,184,590
p09,day08/0949.jpg,1159,617
p09,day08/0952.jpg,380,659
p09,day08/0953.jpg,674,657
p09,day08/0955.jpg,778,663
p09,day08/0959.jpg,1205,12
p09,day08/0962.jpg,705,341
p09,day08/0966.jpg,231,348
p09,day08/0967.jpg,829,532
p09,day08/0978.jpg,0,867
p09,day08/0981.jpg,1246,252
p09,day08/0985.jpg,1227,299
p09,day08/0986.jpg,61,841
p09,day08/0988.jpg,404,775
p09,day08/0997.jpg,1371,612
p09,day08/0998.jpg,487,375
p09,day08/0999.jpg,943,824
p09,day08/1005.jpg,170,871
p09,day08/1006.jpg,478,199
p09,day08/1008.jpg,1329,503
p09,day08/1009.jpg,810,225
p09,day08/1012.jpg,13,16
p09,day08/1013.jpg,1135,257
p09,day08/1014.jpg,200,876
p09,day08/1015.jpg,863,489
p09,day08/1018.jpg,474,478
p09,day08/1019.jpg,902,413
p09,day08/1021.jpg,977,11
p09,day08/1026.jpg,116,319
p09,day08/1032.jpg,259,411
p09,day08/1034.jpg,1337,322
p09,day08/1037.jpg,462,530
p09,day08/1038.jpg,331,445
p09,day08/1046.jpg,420,25
p09,day09/0005.jpg,1288,771
p09,day09/0006.jpg,806,329
p09,day09/0010.jpg,754,425
p09,day09/0015.jpg,73,3
p09,day09/0016.jpg,1099,731
p09,day09/0020.jpg,450,492
p09,day09/0021.jpg,556,434
p09,day09/0022.jpg,328,37
p09,day09/0024.jpg,240,597
p09,day09/0025.jpg,1019,601
p09,day09/0026.jpg,1319,327
p09,day09/0030.jpg,1234,66
p09,day09/0035.jpg,611,554
p09,day09/0037.jpg,914,285
p09,day09/0038.jpg,659,691
p09,day09/0042.jpg,1344,309
p09,day09/0043.jpg,1131,581
p09,day09/0045.jpg,1097,815
p09,day09/0049.jpg,439,196
p09,day09/0050.jpg,268,15
p09,day09/0052.jpg,1135,713
p09,day09/0055.jpg,1220,484
p09,day09/0056.jpg,851,365
p09,day09/0065.jpg,655,333
p09,day09/0072.jpg,1399,423
p09,day09/0075.jpg,1042,150
p09,day09/0076.jpg,1067,366
p09,day09/0078.jpg,932,839
p09,day09/0079.jpg,43,778
p09,day09/0083.jpg,298,422
p09,day09/0084.jpg,76,138
p09,day09/0085.jpg,608,790
p09,day09/0086.jpg,296,799
p09,day09/0088.jpg,1252,428
p09,day09/0089.jpg,1289,692
p09,day09/0103.jpg,1044,33
p09,day09/0106.jpg,696,780
p09,day09/0109.jpg,397,636
p09,day09/0110.jpg,776,648
p09,day09/0114.jpg,405,331
p09,day09/0116.jpg,586,741
p09,day09/0117.jpg,1163,150
p09,day09/0118.jpg,485,707
p09,day09/0121.jpg,935,764
p09,day09/0127.jpg,1143,722
p09,day09/0128.jpg,1407,883
p09,day09/0130.jpg,367,627
p09,day09/0133.jpg,585,269
p09,day09/0144.jpg,639,37
p09,day09/0145.jpg,1101,344
p09,day09/0146.jpg,592,302
p09,day09/0147.jpg,1365,278
p09,day09/0148.jpg,277,674
p09,day09/0149.jpg,14,285
p09,day09/0152.jpg,377,109
p09,day09/0153.jpg,288,307
p09,day09/0154.jpg,389,268
p09,day09/0155.jpg,1187,345
p09,day09/0156.jpg,53,542
p09,day09/0160.jpg,1322,195
p09,day09/0171.jpg,629,522
p09,day09/0172.jpg,1235,334
p09,day09/0180.jpg,781,303
p09,day09/0184.jpg,549,880
p09,day09/0185.jpg,631,769
p09,day09/0191.jpg,1071,704
p09,day09/0192.jpg,613,671
p09,day09/0195.jpg,507,714
p09,day09/0196.jpg,1037,142
p09,day09/0197.jpg,1054,217
p09,day09/0198.jpg,107,212
p09,day09/0201.jpg,1190,149
p09,day09/0203.jpg,853,809
p09,day09/0204.jpg,785,280
p09,day09/0206.jpg,907,393
p09,day09/0207.jpg,1436,507
p09,day09/0210.jpg,1218,406
p09,day09/0214.jpg,1301,84
p09,day09/0217.jpg,1165,689
p09,day09/0218.jpg,90,274
p09,day09/0221.jpg,906,163
p09,day09/0222.jpg,1032,777
p09,day09/0225.jpg,599,465
p09,day09/0228.jpg,510,584
p09,day09/0230.jpg,361,81
p09,day09/0233.jpg,54,279
p09,day09/0239.jpg,301,516
p09,day09/0243.jpg,193,774
p09,day09/0245.jpg,537,469
p09,day09/0247.jpg,151,168
p09,day09/0248.jpg,352,797
p09,day09/0251.jpg,1036,574
p09,day09/0254.jpg,205,870
p09,day09/0256.jpg,547,592
p09,day09/0257.jpg,764,753
p09,day09/0258.jpg,259,869
p09,day09/0261.jpg,742,728
p09,day09/0265.jpg,519,422
p09,day10/0001.jpg,6,63
p09,day10/0003.jpg,619,208
p09,day10/0009.jpg,175,0
p09,day10/0012.jpg,355,582
p09,day10/0013.jpg,25,378
p09,day10/0018.jpg,892,728
p09,day10/0021.jpg,674,724
p09,day10/0023.jpg,458,449
p09,day10/0025.jpg,593,199
p09,day10/0026.jpg,55,879
p09,day10/0027.jpg,1155,528
p09,day10/0028.jpg,1248,353
p09,day10/0030.jpg,1338,195
p09,day10/0035.jpg,216,787
p09,day10/0036.jpg,1310,661
p09,day10/0038.jpg,319,795
p09,day10/0040.jpg,574,138
p09,day10/0042.jpg,290,493
p09,day10/0050.jpg,1425,313
p09,day10/0055.jpg,118,898
p09,day10/0061.jpg,696,334
p09,day10/0062.jpg,654,25
p09,day10/0068.jpg,980,347
p09,day10/0072.jpg,1222,274
p09,day10/0073.jpg,955,412
p09,day10/0074.jpg,1025,822
p09,day10/0076.jpg,1222,531
p09,day10/0077.jpg,261,249
p09,day10/0080.jpg,1117,135
p09,day10/0081.jpg,1270,79
p09,day10/0082.jpg,922,531
p09,day10/0087.jpg,363,91
p09,day10/0095.jpg,298,428
p09,day10/0097.jpg,60,393
p09,day10/0098.jpg,935,236
p09,day10/0103.jpg,1396,581
p09,day10/0104.jpg,1211,852
p09,day10/0109.jpg,505,878
p09,day10/0110.jpg,542,268
p09,day10/0114.jpg,939,335
p09,day10/0118.jpg,146,754
p09,day10/0119.jpg,1155,350
p09,day11/0002.jpg,727,592
p09,day11/0003.jpg,815,674
p09,day11/0005.jpg,891,187
p09,day11/0008.jpg,1190,291
p09,day11/0012.jpg,194,467
p09,day11/0013.jpg,1354,854
p09,day11/0015.jpg,1085,819
p09,day11/0019.jpg,599,588
p09,day11/0026.jpg,451,602
p09,day11/0029.jpg,1296,153
p09,day11/0034.jpg,970,570
p09,day11/0038.jpg,673,648
p09,day11/0040.jpg,1235,94
p09,day11/0042.jpg,1028,110
p09,day11/0044.jpg,1215,596
p09,day11/0049.jpg,661,303
p09,day11/0050.jpg,199,468
p09,day11/0053.jpg,1342,686
p09,day11/0056.jpg,624,59
p09,day11/0059.jpg,1133,163
p09,day11/0062.jpg,991,740
p09,day11/0063.jpg,867,351
p09,day11/0064.jpg,490,302
p09,day11/0066.jpg,946,745
p09,day11/0079.jpg,1042,701
p09,day11/0085.jpg,824,519
p09,day11/0089.jpg,609,466
p09,day11/0091.jpg,1141,171
p09,day11/0095.jpg,395,705
p09,day11/0096.jpg,481,555
p09,day11/0100.jpg,858,206
p09,day11/0101.jpg,505,442
p09,day11/0104.jpg,550,120
p09,day11/0105.jpg,382,416
p09,day11/0106.jpg,1340,460
p09,day11/0107.jpg,1217,815
p09,day11/0110.jpg,1173,491
p09,day11/0111.jpg,346,152
p09,day11/0112.jpg,438,389
p09,day11/0118.jpg,449,389
p09,day11/0122.jpg,1418,500
p09,day11/0130.jpg,995,873
p09,day11/0132.jpg,1163,673
p09,day11/0134.jpg,982,352
p09,day11/0137.jpg,925,345
p09,day12/0001.jpg,823,460
p09,day12/0005.jpg,27,361
p09,day12/0007.jpg,274,485
p09,day12/0011.jpg,783,158
p09,day12/0013.jpg,1171,634
p09,day12/0014.jpg,1038,281
p09,day12/0015.jpg,172,350
p09,day12/0018.jpg,854,488
p09,day12/0019.jpg,514,111
p09,day12/0021.jpg,72,368
p09,day12/0024.jpg,724,471
p09,day12/0025.jpg,886,205
p09,day12/0026.jpg,1150,51
p09,day12/0029.jpg,664,1
p09,day12/0033.jpg,1139,838
p09,day12/0034.jpg,632,396
p09,day12/0036.jpg,1363,89
p09,day12/0037.jpg,270,34
p09,day12/0042.jpg,1371,85
p09,day12/0044.jpg,726,376
p09,day12/0046.jpg,1190,346
p09,day12/0049.jpg,808,198
p09,day12/0052.jpg,679,40
p09,day12/0053.jpg,425,305
p09,day12/0054.jpg,1278,301
p09,day12/0055.jpg,1323,267
p09,day12/0061.jpg,861,520
p09,day12/0062.jpg,1065,219
p09,day12/0066.jpg,1150,196
p09,day12/0067.jpg,243,475
p09,day12/0069.jpg,217,705
p09,day12/0072.jpg,878,381
p09,day12/0073.jpg,1047,428
p09,day12/0075.jpg,825,281
p09,day12/0076.jpg,816,629
p09,day12/0082.jpg,743,33
p09,day12/0087.jpg,1366,731
p09,day12/0089.jpg,538,491
p09,day12/0090.jpg,966,350
p09,day12/0093.jpg,639,614
p09,day12/0095.jpg,670,131
p09,day12/0096.jpg,808,259
p09,day12/0100.jpg,857,726
p09,day12/0101.jpg,243,755
p09,day12/0104.jpg,726,101
p09,day12/0112.jpg,1120,334
p09,day12/0117.jpg,499,570
p09,day12/0119.jpg,279,311
p09,day12/0120.jpg,1255,344
p09,day12/0125.jpg,56,453
p09,day12/0126.jpg,419,572
p09,day12/0130.jpg,291,360
p09,day12/0134.jpg,189,718
p09,day12/0136.jpg,477,571
p09,day12/0138.jpg,1327,698
p09,day12/0141.jpg,758,510
p09,day12/0142.jpg,1268,146
p09,day12/0143.jpg,460,131
p09,day12/0144.jpg,149,472
p09,day12/0147.jpg,882,729
p09,day12/0150.jpg,4,734
p09,day12/0152.jpg,124,399
p09,day12/0154.jpg,212,619
p09,day12/0156.jpg,14,309
p09,day12/0157.jpg,1110,559
p09,day12/0158.jpg,1053,316
p09,day12/0167.jpg,199,308
p09,day12/0169.jpg,137,764
p09,day12/0175.jpg,1142,696
p09,day12/0177.jpg,15,201
p09,day12/0178.jpg,862,638
p09,day12/0179.jpg,1145,466
p09,day12/0180.jpg,1167,714
p09,day12/0181.jpg,260,213
p09,day12/0185.jpg,927,433
p09,day12/0189.jpg,97,377
p09,day12/0193.jpg,372,745
p09,day12/0196.jpg,1262,643
p09,day12/0199.jpg,123,252
p09,day12/0206.jpg,940,555
p09,day12/0207.jpg,574,477
p09,day12/0209.jpg,1269,485
p09,day12/0210.jpg,45,407
p09,day12/0217.jpg,311,666
p09,day12/0222.jpg,1150,246
p09,day12/0229.jpg,893,299
p09,day12/0233.jpg,318,613
p09,day12/0240.jpg,421,766
p09,day12/0243.jpg,363,784
p09,day12/0244.jpg,252,812
p09,day12/0246.jpg,1417,311
p09,day12/0247.jpg,850,125
p09,day12/0248.jpg,1260,707
p09,day12/0249.jpg,894,9
p09,day12/0251.jpg,22,569
p09,day12/0252.jpg,1262,749
p09,day12/0257.jpg,1087,476
p09,day12/0258.jpg,862,417
p09,day12/0266.jpg,642,620
p09,day12/0267.jpg,1084,771
p09,day12/0270.jpg,319,678
p09,day12/0275.jpg,7,715
p09,day12/0276.jpg,1403,278
p09,day12/0278.jpg,860,612
p09,day12/0284.jpg,930,781
p09,day12/0287.jpg,50,885
p09,day12/0288.jpg,995,629
p09,day12/0290.jpg,1131,794
p09,day12/0295.jpg,64,547
p09,day12/0296.jpg,685,871
p09,day12/0298.jpg,1179,762
p09,day12/0300.jpg,181,629
p09,day12/0306.jpg,387,545
p09,day12/0307.jpg,526,671
p09,day12/0316.jpg,443,250
p09,day12/0320.jpg,168,234
p09,day12/0321.jpg,754,556
p09,day12/0323.jpg,917,182
p09,day12/0328.jpg,1209,422
p09,day12/0330.jpg,697,245
p09,day12/0332.jpg,418,424
p09,day12/0333.jpg,571,117
p09,day12/0337.jpg,907,24
p09,day12/0338.jpg,268,45
p09,day12/0343.jpg,655,895
p09,day12/0347.jpg,1247,280
p09,day12/0349.jpg,29,694
p09,day12/0351.jpg,641,538
p09,day12/0354.jpg,323,840
p09,day12/0356.jpg,1248,604
p09,day12/0358.jpg,354,284
p09,day12/0361.jpg,26,503
p09,day12/0364.jpg,441,175
p09,day12/0366.jpg,1272,588
p09,day13/0001.jpg,516,683
p09,day13/0002.jpg,1292,614
p09,day13/0012.jpg,36,92
p09,day13/0014.jpg,920,344
p09,day13/0018.jpg,1262,764
p09,day13/0019.jpg,349,888
p09,day13/0021.jpg,1184,391
p09,day13/0025.jpg,493,516
p09,day13/0029.jpg,117,571
p09,day13/0032.jpg,63,589
p09,day13/0034.jpg,307,837
p09,day13/0039.jpg,167,845
p09,day14/0001.jpg,418,262
p09,day14/0010.jpg,244,579
p09,day14/0011.jpg,244,671
p09,day14/0012.jpg,977,18
p09,day14/0013.jpg,894,484
p09,day14/0014.jpg,234,685
p09,day14/0016.jpg,841,72
p09,day14/0020.jpg,1309,356
p09,day14/0022.jpg,573,21
p09,day14/0024.jpg,820,686
p09,day14/0027.jpg,38,462
p09,day14/0029.jpg,214,854
p09,day14/0039.jpg,869,61
p09,day14/0042.jpg,724,39
p09,day14/0054.jpg,616,106
p09,day14/0056.jpg,509,847
p09,day14/0057.jpg,571,201
p09,day14/0058.jpg,93,110
p09,day15/0006.jpg,699,668
p09,day15/0009.jpg,1274,711
p09,day15/0010.jpg,1183,676
p09,day15/0012.jpg,345,187
p09,day15/0014.jpg,52,15
p09,day15/0016.jpg,1076,596
p09,day15/0017.jpg,514,658
p09,day15/0024.jpg,676,606
p09,day15/0025.jpg,1137,164
p09,day15/0028.jpg,231,236
p09,day15/0029.jpg,468,535
p09,day15/0031.jpg,1108,665
p09,day15/0038.jpg,1040,767
p09,day15/0044.jpg,906,644
p09,day15/0050.jpg,866,206
p09,day15/0051.jpg,185,490
p09,day15/0053.jpg,1037,835
p09,day15/0054.jpg,330,645
p09,day15/0055.jpg,83,635
p09,day15/0056.jpg,1196,556
p09,day15/0059.jpg,1039,395
p09,day15/0064.jpg,929,668
p09,day15/0067.jpg,853,572
p09,day15/0069.jpg,337,25
p09,day15/0075.jpg,1296,450
p09,day15/0076.jpg,894,295
p09,day15/0079.jpg,653,643
p09,day15/0081.jpg,1141,416
p09,day15/0083.jpg,736,52
p09,day15/0084.jpg,1319,243
p09,day15/0090.jpg,180,717
p09,day15/0092.jpg,1177,840
p09,day15/0093.jpg,1117,695
p09,day15/0094.jpg,1230,127
p09,day15/0096.jpg,929,642
p09,day15/0099.jpg,596,670
p09,day15/0104.jpg,1438,585
p09,day15/0109.jpg,548,706
p09,day15/0117.jpg,340,468
p09,day15/0123.jpg,813,472
p09,day15/0130.jpg,821,503
p09,day15/0136.jpg,1317,273
p09,day15/0138.jpg,1256,673
p09,day15/0139.jpg,448,713
p09,day15/0143.jpg,386,772
p09,day15/0145.jpg,757,247
p09,day15/0147.jpg,664,27
p09,day15/0148.jpg,1358,857
p09,day15/0153.jpg,365,769
p09,day15/0160.jpg,1324,435
p09,day15/0163.jpg,717,868
p09,day15/0167.jpg,207,786
p09,day15/0168.jpg,295,864
p09,day15/0171.jpg,23,64
p09,day15/0175.jpg,787,537
p09,day15/0178.jpg,859,357
p09,day15/0180.jpg,457,602
p09,day15/0181.jpg,230,37
p09,day15/0187.jpg,1210,271
p09,day15/0193.jpg,152,322
p09,day15/0194.jpg,652,609
p09,day15/0200.jpg,1324,258
p09,day15/0201.jpg,467,494
p09,day15/0205.jpg,15,864
p09,day15/0210.jpg,385,793
p09,day15/0211.jpg,872,398
p09,day15/0212.jpg,1248,864
p09,day15/0213.jpg,135,384
p09,day15/0217.jpg,1358,697
p09,day15/0218.jpg,1067,684
p09,day15/0223.jpg,1400,385
p09,day15/0231.jpg,358,389
p09,day15/0232.jpg,861,751
p09,day15/0236.jpg,894,587
p09,day15/0237.jpg,773,320
p09,day15/0243.jpg,1242,651
p09,day15/0246.jpg,1071,76
p09,day15/0248.jpg,1331,341
p09,day15/0249.jpg,254,283
p09,day15/0250.jpg,1211,584
p09,day15/0259.jpg,768,123
p09,day15/0260.jpg,857,734
p09,day15/0261.jpg,43,75
p09,day15/0270.jpg,452,666
p09,day15/0273.jpg,1158,856
p09,day15/0277.jpg,315,87
p09,day15/0278.jpg,278,848
p09,day15/0284.jpg,668,452
p09,day15/0286.jpg,1171,703
p09,day15/0290.jpg,58,521
p09,day15/0293.jpg,869,285
p09,day15/0297.jpg,704,50
p09,day16/0004.jpg,509,332
p09,day16/0005.jpg,664,139
p09,day16/0008.jpg,148,629
p09,day16/0010.jpg,681,451
p09,day16/0011.jpg,891,630
p09,day16/0013.jpg,1253,473
p09,day16/0015.jpg,567,472
p09,day16/0017.jpg,156,417
p09,day16/0018.jpg,183,639
p09,day16/0020.jpg,973,648
p09,day17/0001.jpg,430,274
p09,day17/0003.jpg,416,644
p09,day17/0010.jpg,989,483
p09,day17/0014.jpg,354,676
p09,day17/0015.jpg,1167,362
p09,day17/0017.jpg,1223,105
p09,day17/0019.jpg,883,416
p09,day17/0020.jpg,1122,300
p09,day17/0022.jpg,1129,664
p09,day17/0023.jpg,1429,44
p09,day17/0027.jpg,498,399
p09,day17/0030.jpg,147,342
p09,day17/0031.jpg,1293,7
p09,day17/0035.jpg,1305,559
p09,day17/0038.jpg,1037,765
p09,day17/0042.jpg,115,155
p09,day17/0046.jpg,82,2
p09,day17/0047.jpg,1209,503
p09,day17/0048.jpg,817,529
p09,day17/0049.jpg,1270,543
p09,day17/0052.jpg,1175,4
p09,day17/0060.jpg,622,130
p09,day17/0062.jpg,1360,315
p09,day17/0063.jpg,575,644
p09,day17/0065.jpg,818,164
p09,day17/0068.jpg,486,419
p09,day17/0076.jpg,616,0
p09,day17/0083.jpg,151,69
p09,day17/0095.jpg,1225,830
p09,day17/0100.jpg,1434,705
p09,day17/0101.jpg,97,387
p09,day17/0102.jpg,184,463
p09,day17/0107.jpg,853,381
p09,day17/0108.jpg,1182,189
p09,day17/0109.jpg,168,692
p09,day17/0111.jpg,677,344
p09,day17/0121.jpg,803,425
p09,day17/0123.jpg,1031,325
p09,day17/0127.jpg,1397,857
p09,day17/0131.jpg,999,604
p09,day18/0001.jpg,337,219
p09,day18/0004.jpg,729,58
p09,day18/0005.jpg,742,367
p09,day18/0008.jpg,1210,440
p09,day18/0009.jpg,729,832
p09,day18/0011.jpg,165,26
p09,day18/0013.jpg,1369,575
p09,day18/0015.jpg,989,745
p09,day18/0017.jpg,812,262
p09,day18/0021.jpg,282,626
p09,day18/0022.jpg,1168,24
p09,day18/0025.jpg,1020,618
p09,day18/0031.jpg,197,199
p09,day18/0033.jpg,847,854
p09,day18/0035.jpg,237,443
p09,day18/0036.jpg,495,764
p09,day18/0038.jpg,134,256
p09,day18/0040.jpg,1325,258
p09,day18/0043.jpg,1200,192
p09,day18/0047.jpg,163,857
p09,day18/0049.jpg,1311,404
p09,day18/0051.jpg,772,39
p09,day18/0052.jpg,12,83
p09,day18/0055.jpg,1051,129
p09,day18/0058.jpg,1420,574
p09,day18/0070.jpg,282,405
p09,day18/0071.jpg,1439,588
p09,day18/0075.jpg,1363,506
p09,day18/0076.jpg,284,280
p09,day18/0079.jpg,869,333
p09,day18/0082.jpg,146,266
p09,day18/0085.jpg,1184,195
p09,day18/0087.jpg,408,384
p09,day18/0090.jpg,1109,419
p09,day18/0092.jpg,1019,223
p09,day18/0093.jpg,1213,762
p09,day18/0096.jpg,490,812
p09,day18/0098.jpg,1331,138
p09,day18/0101.jpg,1417,657
p09,day18/0103.jpg,1382,794
p09,day18/0104.jpg,145,325
p09,day18/0109.jpg,624,717
p09,day18/0112.jpg,129,648
p09,day18/0113.jpg,499,229
p09,day18/0117.jpg,1359,370
p09,day18/0118.jpg,1037,621
p09,day18/0119.jpg,1153,282
p09,day18/0120.jpg,1428,66
p09,day18/0122.jpg,377,817
p09,day18/0124.jpg,151,269
p09,day18/0125.jpg,294,603
p09,day18/0128.jpg,814,392
p09,day18/0130.jpg,992,84
p09,day18/0139.jpg,866,492
p09,day18/0140.jpg,138,634
p09,day18/0142.jpg,528,835
p09,day18/0144.jpg,1088,681
p09,day18/0151.jpg,193,641
p09,day18/0153.jpg,476,481
p09,day18/0155.jpg,1394,276
p09,day18/0156.jpg,39,330
p09,day18/0159.jpg,1004,131
p09,day18/0165.jpg,1157,345
p09,day18/0166.jpg,1164,667
p09,day18/0167.jpg,194,815
p09,day18/0170.jpg,534,286
p09,day18/0171.jpg,1431,99
p09,day18/0174.jpg,1038,257
p09,day18/0176.jpg,570,822
p09,day18/0178.jpg,771,475
p09,day18/0181.jpg,209,48
p09,day18/0183.jpg,1123,18
p09,day18/0184.jpg,181,233
p09,day18/0185.jpg,401,894
p09,day18/0187.jpg,343,824
p09,day18/0192.jpg,1011,84
p09,day18/0195.jpg,51,203
p09,day18/0197.jpg,526,758
p09,day18/0200.jpg,845,813
p09,day18/0203.jpg,1110,717
p09,day18/0208.jpg,1437,478
p09,day18/0210.jpg,496,668
p09,day18/0214.jpg,627,880
p09,day18/0215.jpg,1374,135
p09,day18/0218.jpg,1166,771
p09,day18/0219.jpg,199,891
p09,day18/0221.jpg,446,563
p09,day18/0222.jpg,544,348
p09,day18/0224.jpg,11,131
p09,day18/0225.jpg,781,269
p09,day18/0233.jpg,0,819
p09,day18/0238.jpg,731,264
p09,day18/0239.jpg,1385,393
p09,day18/0240.jpg,199,618
p09,day18/0242.jpg,429,268
p09,day18/0246.jpg,797,724
p09,day18/0249.jpg,103,378
p09,day18/0250.jpg,669,770
p09,day18/0255.jpg,122,647
p09,day18/0256.jpg,669,50
p09,day18/0257.jpg,1005,82
p09,day18/0261.jpg,334,719
p09,day18/0263.jpg,670,536
p09,day18/0269.jpg,736,282
p09,day18/0271.jpg,1068,325
p09,day18/0276.jpg,72,737
p09,day18/0277.jpg,844,323
p09,day18/0278.jpg,1283,431
p09,day18/0282.jpg,996,758
p09,day18/0285.jpg,1390,60
p09,day18/0289.jpg,640,204
p09,day18/0290.jpg,946,533
p09,day18/0294.jpg,995,526
p09,day18/0295.jpg,599,187
p09,day18/0296.jpg,1245,5
p09,day18/0297.jpg,1380,201
p09,day18/0300.jpg,368,504
p09,day18/0301.jpg,430,788
p09,day18/0307.jpg,257,620
p09,day18/0310.jpg,788,746
p09,day18/0317.jpg,1228,183
p09,day18/0318.jpg,1007,890
p09,day18/0319.jpg,746,156
p09,day18/0322.jpg,940,375
p09,day18/0327.jpg,244,143
p09,day18/0328.jpg,1417,132
p09,day18/0331.jpg,431,298
p09,day18/0337.jpg,708,40
p09,day18/0341.jpg,1343,158
p09,day18/0344.jpg,478,201
p09,day18/0348.jpg,172,242
p09,day18/0356.jpg,71,531
p09,day18/0359.jpg,479,60
p09,day18/0364.jpg,1328,59
p09,day18/0368.jpg,1376,148
p09,day18/0369.jpg,1197,346
p09,day18/0375.jpg,1423,676
p09,day18/0377.jpg,749,162
p09,day18/0379.jpg,59,595
p09,day18/0381.jpg,753,821
p09,day18/0385.jpg,682,653
p09,day18/0388.jpg,625,56
p09,day18/0389.jpg,325,713
p09,day18/0391.jpg,843,437
p09,day18/0393.jpg,69,866
p09,day18/0396.jpg,1380,632
p09,day18/0403.jpg,796,325
p09,day18/0405.jpg,303,70
p09,day18/0416.jpg,231,418
p09,day18/0417.jpg,990,525
p09,day18/0418.jpg,876,712
p09,day18/0419.jpg,1095,632
p09,day18/0422.jpg,1258,528
p09,day18/0424.jpg,207,151
p09,day18/0425.jpg,484,246
p09,day18/0426.jpg,884,894
p09,day18/0428.jpg,1036,423
p09,day18/0429.jpg,1115,636
p09,day18/0430.jpg,1088,525
p09,day18/0431.jpg,238,553
p09,day18/0432.jpg,77,827
p09,day18/0437.jpg,565,374
p09,day18/0438.jpg,1238,240
p09,day18/0444.jpg,806,34
p09,day18/0452.jpg,503,379
p09,day18/0461.jpg,1181,552
p09,day18/0463.jpg,1316,440
p09,day18/0465.jpg,621,488
p09,day18/0472.jpg,647,720
p09,day18/0475.jpg,418,538
p09,day18/0476.jpg,40,347
p09,day18/0480.jpg,887,666
p09,day18/0485.jpg,321,793
p09,day18/0486.jpg,1106,563
p09,day18/0489.jpg,691,297
p09,day18/0496.jpg,1308,749
p09,day18/0497.jpg,1139,419
p09,day18/0498.jpg,919,496
p09,day18/0500.jpg,1172,488
p09,day18/0501.jpg,594,344
p09,day18/0504.jpg,343,400
p09,day18/0507.jpg,1123,684
p09,day18/0508.jpg,1439,731
p09,day18/0515.jpg,1067,201
p09,day18/0516.jpg,1058,829
p09,day18/0517.jpg,1281,418
p09,day18/0518.jpg,109,857
p09,day18/0520.jpg,419,895
p09,day18/0522.jpg,698,20
p09,day18/0523.jpg,1150,394
p09,day18/0532.jpg,1052,43
p09,day18/0533.jpg,942,724
p09,day18/0534.jpg,1211,695
p09,day18/0535.jpg,951,799
p09,day18/0538.jpg,1012,467
p09,day18/0540.jpg,861,759
p09,day18/0541.jpg,259,557
p09,day18/0542.jpg,729,509
p09,day18/0544.jpg,274,144
p09,day18/0545.jpg,350,882
p09,day18/0548.jpg,1180,873
p09,day18/0549.jpg,1118,416
p09,day18/0550.jpg,678,436
p09,day18/0552.jpg,123,835
p09,day18/0554.jpg,712,840
p09,day18/0555.jpg,26,597
p09,day18/0556.jpg,861,876
p09,day18/0560.jpg,1321,824
p09,day18/0564.jpg,1167,338
p09,day18/0565.jpg,1305,506
p09,day18/0570.jpg,894,845
p09,day19/0005.jpg,509,860
p09,day19/0006.jpg,885,281
p09,day19/0016.jpg,479,789
p09,day19/0022.jpg,1332,18
p09,day19/0028.jpg,383,596
p09,day19/0032.jpg,1287,196
p09,day19/0033.jpg,655,793
p09,day19/0035.jpg,435,577
p09,day19/0037.jpg,1382,668
p09,day19/0040.jpg,172,705
p09,day19/0047.jpg,982,207
p09,day19/0048.jpg,1375,778
p09,day19/0049.jpg,1362,172
p09,day19/0053.jpg,637,172
p09,day19/0057.jpg,35,543
p09,day19/0058.jpg,56,760
p09,day19/0059.jpg,658,849
p09,day19/0060.jpg,973,620
p09,day19/0061.jpg,484,8
p09,day19/0072.jpg,314,653
p09,day19/0074.jpg,86,125
p09,day19/0075.jpg,467,1
p09,day19/0076.jpg,767,237
p09,day19/0078.jpg,1184,314
p09,day19/0080.jpg,927,594
p09,day19/0081.jpg,164,173
p09,day19/0084.jpg,254,811
p09,day19/0085.jpg,462,201
p09,day19/0088.jpg,694,329
p09,day19/0090.jpg,381,355
p09,day19/0092.jpg,82,168
p09,day19/0097.jpg,548,238
p09,day19/0099.jpg,1041,479
p09,day19/0104.jpg,308,464
p09,day19/0105.jpg,933,117
p09,day19/0107.jpg,1259,239
p09,day19/0109.jpg,1120,597
p09,day19/0117.jpg,84,128
p09,day19/0127.jpg,1062,774
p09,day19/0128.jpg,454,595
p09,day19/0132.jpg,1023,241
p09,day19/0135.jpg,157,325
p09,day19/0138.jpg,221,320
p09,day19/0144.jpg,433,466
p09,day19/0147.jpg,1219,833
p09,day19/0148.jpg,1081,138
p09,day19/0151.jpg,406,85
p09,day19/0153.jpg,1426,660
p09,day19/0155.jpg,517,405
p09,day19/0158.jpg,1090,803
p09,day20/0004.jpg,399,3
p09,day20/0007.jpg,482,899
p09,day20/0008.jpg,220,263
p09,day20/0010.jpg,1403,771
p09,day20/0011.jpg,729,538
p09,day20/0014.jpg,429,409
p09,day20/0016.jpg,65,610
p09,day20/0017.jpg,1001,740
p09,day20/0021.jpg,42,810
p09,day20/0023.jpg,432,611
p09,day20/0024.jpg,806,192
p09,day20/0026.jpg,1142,272
p09,day20/0031.jpg,418,843
p09,day20/0032.jpg,816,173
p09,day20/0035.jpg,998,827
p09,day20/0036.jpg,537,881
p09,day20/0042.jpg,1338,102
p09,day20/0046.jpg,140,668
p09,day20/0049.jpg,1219,220
p09,day20/0054.jpg,307,310
p09,day20/0056.jpg,96,485
p09,day20/0060.jpg,260,47
p09,day20/0061.jpg,1336,885
p09,day20/0062.jpg,49,173
p09,day20/0064.jpg,914,398
p09,day20/0068.jpg,1133,10
p09,day20/0074.jpg,932,646
p09,day20/0090.jpg,11,278
p09,day20/0092.jpg,85,608
p09,day20/0096.jpg,278,245
p09,day20/0098.jpg,1203,615
p09,day20/0105.jpg,1235,653
p09,day20/0106.jpg,247,476
p09,day20/0107.jpg,1288,602
p09,day20/0110.jpg,1136,460
p09,day20/0111.jpg,1275,405
p09,day20/0114.jpg,721,796
p09,day20/0117.jpg,847,548
p09,day20/0120.jpg,303,426
p09,day20/0121.jpg,1364,870
p09,day20/0122.jpg,1123,511
p09,day20/0128.jpg,1120,589
p09,day20/0138.jpg,633,763
p09,day20/0139.jpg,1066,562
p09,day20/0146.jpg,509,371
p09,day20/0150.jpg,278,339
p09,day20/0153.jpg,592,168
p09,day20/0154.jpg,426,817
p09,day20/0155.jpg,1226,546
p09,day20/0156.jpg,672,704
p09,day20/0157.jpg,969,497
p09,day20/0158.jpg,747,802
p12,day01/0001.jpg,759,650
p12,day01/0002.jpg,171,171
p12,day01/0003.jpg,99,779
p12,day01/0004.jpg,327,502
p12,day01/0005.jpg,236,442
p12,day01/0006.jpg,449,305
p12,day01/0007.jpg,277,549
p12,day01/0008.jpg,739,624
p12,day01/0009.jpg,436,484
p12,day01/0010.jpg,174,71
p12,day01/0011.jpg,51,398
p12,day01/0012.jpg,412,709
p12,day01/0013.jpg,185,371
p12,day01/0014.jpg,621,460
p12,day01/0015.jpg,1135,371
p12,day01/0016.jpg,535,404
p12,day01/0017.jpg,1078,36
p12,day01/0018.jpg,1229,640
p12,day01/0019.jpg,705,356
p12,day01/0020.jpg,393,787
p12,day01/0021.jpg,182,540
p12,day01/0022.jpg,621,67
p12,day01/0023.jpg,178,526
p12,day01/0024.jpg,552,166
p12,day01/0025.jpg,1142,664
p12,day01/0026.jpg,1032,463
p12,day01/0027.jpg,206,468
p12,day01/0028.jpg,327,578
p12,day01/0029.jpg,245,322
p12,day01/0030.jpg,99,239
p12,day01/0031.jpg,833,129
p12,day01/0032.jpg,920,501
p12,day01/0033.jpg,265,261
p12,day01/0034.jpg,670,228
p12,day01/0035.jpg,1267,592
p12,day01/0036.jpg,840,602
p12,day01/0037.jpg,1264,484
p12,day01/0038.jpg,407,179
p12,day01/0039.jpg,117,290
p12,day01/0040.jpg,407,221
p12,day01/0041.jpg,551,425
p12,day01/0042.jpg,951,647
p12,day01/0043.jpg,1247,767
p12,day01/0044.jpg,748,96
p12,day01/0045.jpg,1018,48
p12,day01/0046.jpg,321,730
p12,day01/0047.jpg,13,619
p12,day01/0048.jpg,1131,275
p12,day01/0049.jpg,297,15
p12,day01/0050.jpg,698,67
p12,day01/0051.jpg,834,42
p12,day01/0052.jpg,766,529
p12,day01/0053.jpg,794,254
p12,day01/0054.jpg,1135,392
p12,day01/0055.jpg,121,729
p12,day01/0056.jpg,914,30
p12,day01/0057.jpg,1050,128
p12,day01/0058.jpg,939,268
p12,day01/0059.jpg,1148,161
p12,day01/0060.jpg,685,334
p12,day02/0001.jpg,630,52
p12,day02/0002.jpg,47,779
p12,day02/0003.jpg,104,513
p12,day02/0004.jpg,685,674
p12,day02/0005.jpg,39,172
p12,day02/0006.jpg,871,267
p12,day02/0007.jpg,21,461
p12,day02/0008.jpg,603,546
p12,day02/0009.jpg,925,105
p12,day02/0010.jpg,388,548
p12,day02/0011.jpg,16,336
p12,day02/0012.jpg,251,533
p12,day02/0013.jpg,1212,684
p12,day02/0014.jpg,135,203
p12,day02/0015.jpg,394,366
p12,day02/0016.jpg,1112,7
p12,day02/0017.jpg,1123,236
p12,day02/0018.jpg,482,756
p12,day02/0019.jpg,182,535
p12,day02/0020.jpg,746,372
p12,day02/0021.jpg,1106,14
p12,day02/0022.jpg,50,655
p12,day02/0023.jpg,1161,604
p12,day02/0024.jpg,301,610
p12,day02/0025.jpg,552,565
p12,day02/0026.jpg,155,445
p12,day02/0027.jpg,418,257
p12,day02/0028.jpg,1035,600
p12,day02/0029.jpg,287,137
p12,day02/0030.jpg,637,106
p12,day02/0031.jpg,607,356
p12,day02/0032.jpg,948,788
p12,day02/0033.jpg,1271,415
p12,day02/0034.jpg,1015,438
p12,day02/0035.jpg,970,759
p12,day02/0036.jpg,446,705
p12,day02/0037.jpg,320,334
p12,day02/0038.jpg,735,334
p12,day02/0039.jpg,131,346
p12,day02/0040.jpg,650,700
p12,day02/0041.jpg,862,583
p12,day02/0042.jpg,1183,788
p12,day02/0043.jpg,24,81
p12,day02/0044.jpg,508,342
p12,day02/0045.jpg,79,379
p12,day02/0046.jpg,1240,205
p12,day02/0047.jpg,121,182
p12,day02/0048.jpg,918,653
p12,day02/0049.jpg,1035,620
p12,day02/0050.jpg,255,444
p12,day02/0051.jpg,10,431
p12,day02/0052.jpg,828,469
p12,day02/0053.jpg,900,309
p12,day02/0054.jpg,1157,608
p12,day02/0055.jpg,229,730
p12,day02/0056.jpg,1206,148
p12,day02/0057.jpg,261,39
p12,day02/0058.jpg,210,342
p12,day02/0059.jpg,227,629
p12,day02/0060.jpg,1146,590
p12,day02/0061.jpg,1175,666
p12,day02/0062.jpg,167,102
p12,day02/0063.jpg,1078,544
p12,day02/0064.jpg,122,284
p12,day02/0065.jpg,1081,650
p12,day02/0066.jpg,954,663
p12,day02/0067.jpg,819,767
p12,day02/0068.jpg,846,230
p12,day02/0069.jpg,896,482
p12,day02/0070.jpg,549,293
p12,day02/0071.jpg,769,99
p12,day02/0072.jpg,696,441
p12,day02/0073.jpg,744,773
p12,day02/0074.jpg,1030,120
p12,day02/0075.jpg,509,20
p12,day02/0077.jpg,12,405
p12,day02/0078.jpg,379,285
p12,day02/0079.jpg,406,70
p12,day02/0080.jpg,1027,660
p12,day02/0081.jpg,165,260
p12,day02/0082.jpg,459,613
p12,day02/0083.jpg,1109,258
p12,day02/0084.jpg,1157,550
p12,day02/0085.jpg,658,108
p12,day02/0086.jpg,972,723
p12,day02/0087.jpg,211,635
p12,day02/0088.jpg,735,776
p12,day02/0089.jpg,239,787
p12,day02/0090.jpg,433,334
p12,day02/0091.jpg,600,606
p12,day02/0092.jpg,1025,56
p12,day02/0093.jpg,920,528
p12,day02/0094.jpg,135,639
p12,day02/0095.jpg,1125,465
p12,day02/0096.jpg,69,454
p12,day02/0097.jpg,1130,252
p12,day02/0098.jpg,525,768
p12,day02/0099.jpg,438,128
p12,day02/0100.jpg,763,90
p12,day02/0101.jpg,427,187
p12,day02/0102.jpg,35,385
p12,day02/0103.jpg,919,257
p12,day02/0104.jpg,1077,537
p12,day02/0105.jpg,297,610
p12,day02/0106.jpg,924,91
p12,day02/0107.jpg,17,361
p12,day02/0108.jpg,519,253
p12,day02/0109.jpg,619,349
p12,day02/0110.jpg,1144,681
p12,day02/0111.jpg,914,196
p12,day02/0112.jpg,464,102
p12,day02/0113.jpg,1070,382
p12,day02/0114.jpg,229,731
p12,day02/0115.jpg,1052,174
p12,day02/0116.jpg,935,8
p12,day02/0117.jpg,1138,236
p12,day02/0118.jpg,1258,364
p12,day02/0119.jpg,317,496
p12,day02/0120.jpg,807,614
p12,day02/0121.jpg,917,57
p12,day02/0122.jpg,256,646
p12,day02/0123.jpg,1079,72
p12,day02/0124.jpg,416,20
p12,day02/0125.jpg,503,479
p12,day02/0126.jpg,92,38
p12,day02/0127.jpg,468,246
p12,day02/0128.jpg,643,161
p12,day02/0129.jpg,306,550
p12,day02/0130.jpg,590,173
p12,day02/0131.jpg,1199,234
p12,day02/0132.jpg,233,87
p12,day02/0133.jpg,781,750
p12,day02/0134.jpg,918,139
p12,day02/0135.jpg,423,729
p12,day02/0136.jpg,139,612
p12,day02/0137.jpg,368,603
p12,day02/0138.jpg,1095,326
p12,day02/0139.jpg,105,781
p12,day02/0140.jpg,1066,561
p12,day02/0141.jpg,787,196
p12,day02/0142.jpg,466,794
p12,day02/0143.jpg,87,471
p12,day02/0144.jpg,153,37
p12,day02/0145.jpg,36,188
p12,day02/0146.jpg,331,722
p12,day02/0147.jpg,136,382
p12,day02/0148.jpg,183,648
p12,day02/0149.jpg,800,481
p12,day02/0150.jpg,442,241
p12,day02/0151.jpg,942,585
p12,day02/0152.jpg,779,286
p12,day02/0153.jpg,1059,101
p12,day02/0154.jpg,742,463
p12,day02/0155.jpg,1078,741
p12,day02/0156.jpg,974,200
p12,day02/0157.jpg,285,460
p12,day02/0158.jpg,774,478
p12,day02/0159.jpg,346,179
p12,day02/0160.jpg,400,565
p12,day02/0161.jpg,46,532
p12,day02/0162.jpg,596,723
p12,day02/0163.jpg,632,132
p12,day02/0164.jpg,1005,75
p12,day02/0165.jpg,461,666
p12,day02/0166.jpg,285,792
p12,day02/0167.jpg,934,573
p12,day02/0168.jpg,783,543
p12,day02/0169.jpg,661,191
p12,day02/0170.jpg,622,500
p12,day02/0171.jpg,741,661
p12,day02/0172.jpg,1019,335
p12,day02/0173.jpg,963,416
p12,day02/0174.jpg,1108,685
p12,day02/0175.jpg,1098,235
p12,day02/0176.jpg,416,685
p12,day02/0177.jpg,376,306
p12,day02/0178.jpg,259,714
p12,day02/0179.jpg,645,741
p12,day02/0180.jpg,432,169
p12,day02/0181.jpg,345,624
p12,day02/0182.jpg,712,576
p12,day02/0183.jpg,716,240
p12,day02/0184.jpg,614,734
p12,day02/0185.jpg,698,203
p12,day02/0186.jpg,864,491
p12,day02/0187.jpg,80,764
p12,day02/0188.jpg,106,425
p12,day02/0189.jpg,610,217
p12,day02/0190.jpg,1049,286
p12,day02/0191.jpg,117,254
p12,day02/0192.jpg,307,5
p12,day02/0193.jpg,900,413
p12,day02/0194.jpg,332,16
p12,day02/0195.jpg,301,746
p12,day02/0196.jpg,101,155
p12,day02/0197.jpg,635,587
p12,day02/0198.jpg,210,290
p12,day02/0199.jpg,48,56
p12,day02/0200.jpg,206,132
p12,day02/0201.jpg,1070,747
p12,day02/0202.jpg,840,644
p12,day02/0203.jpg,251,500
p12,day02/0204.jpg,995,646
p12,day02/0205.jpg,918,647
p12,day02/0206.jpg,654,371
p12,day02/0207.jpg,259,345
p12,day02/0208.jpg,1141,679
p12,day02/0209.jpg,605,623
p12,day02/0210.jpg,342,133
p12,day02/0211.jpg,186,589
p12,day02/0212.jpg,77,484
p12,day02/0213.jpg,1018,794
p12,day02/0214.jpg,734,9
p12,day02/0215.jpg,971,340
p12,day02/0216.jpg,926,46
p12,day02/0217.jpg,102,522
p12,day02/0218.jpg,1079,92
p12,day02/0219.jpg,791,52
p12,day02/0220.jpg,1205,68
p12,day02/0221.jpg,1263,409
p12,day02/0222.jpg,701,656
p12,day02/0223.jpg,861,578
p12,day02/0224.jpg,395,325
p12,day02/0225.jpg,1197,369
p12,day02/0226.jpg,1128,797
p12,day02/0227.jpg,638,656
p12,day02/0228.jpg,874,773
p12,day02/0229.jpg,6,355
p12,day02/0230.jpg,525,613
p12,day02/0231.jpg,717,641
p12,day02/0232.jpg,960,170
p12,day02/0233.jpg,24,483
p12,day02/0234.jpg,896,196
p12,day02/0235.jpg,1158,560
p12,day02/0236.jpg,931,353
p12,day02/0237.jpg,701,430
p12,day02/0238.jpg,127,719
p12,day02/0239.jpg,1191,274
p12,day02/0240.jpg,864,92
p12,day02/0241.jpg,948,512
p12,day02/0242.jpg,1215,709
p12,day02/0243.jpg,745,444
p12,day02/0244.jpg,945,625
p12,day02/0245.jpg,841,557
p12,day02/0246.jpg,2,792
p12,day02/0247.jpg,1021,43
p12,day02/0248.jpg,1089,695
p12,day02/0249.jpg,611,156
p12,day02/0250.jpg,23,56
p12,day02/0251.jpg,953,656
p12,day02/0252.jpg,590,443
p12,day02/0253.jpg,701,452
p12,day02/0254.jpg,257,677
p12,day02/0255.jpg,156,85
p12,day02/0256.jpg,586,429
p12,day02/0257.jpg,1241,761
p12,day02/0258.jpg,782,696
p12,day02/0259.jpg,432,601
p12,day02/0260.jpg,149,494
p12,day02/0261.jpg,1195,59
p12,day02/0262.jpg,1138,114
p12,day02/0263.jpg,658,524
p12,day02/0264.jpg,966,368
p12,day02/0265.jpg,995,595
p12,day02/0266.jpg,555,357
p12,day02/0267.jpg,597,235
p12,day02/0268.jpg,190,543
p12,day02/0269.jpg,157,353
p12,day02/0270.jpg,1112,357
p12,day02/0271.jpg,617,635
p12,day02/0272.jpg,950,670
p12,day02/0273.jpg,658,587
p12,day02/0274.jpg,351,131
p12,day02/0275.jpg,1058,448
p12,day02/0276.jpg,974,771
p12,day02/0277.jpg,738,699
p12,day02/0278.jpg,1080,567
p12,day02/0279.jpg,944,503
p12,day02/0280.jpg,839,445
p12,day02/0281.jpg,80,394
p12,day02/0282.jpg,1175,724
p12,day02/0283.jpg,438,726
p12,day02/0284.jpg,126,732
p12,day02/0285.jpg,1140,178
p12,day02/0286.jpg,47,633
p12,day02/0287.jpg,442,226
p12,day02/0288.jpg,187,294
p12,day02/0289.jpg,650,260
p12,day02/0290.jpg,502,496
p12,day02/0291.jpg,1152,175
p12,day02/0292.jpg,1118,759
p12,day02/0293.jpg,266,201
p12,day02/0294.jpg,803,68
p12,day02/0295.jpg,83,342
p12,day02/0296.jpg,130,317
p12,day02/0297.jpg,432,717
p12,day02/0298.jpg,918,756
p12,day02/0299.jpg,851,340
p12,day02/0301.jpg,757,14
p12,day02/0302.jpg,530,684
p12,day02/0303.jpg,1276,793
p12,day02/0304.jpg,1077,773
p12,day02/0305.jpg,290,683
p12,day02/0306.jpg,1162,225
p12,day02/0307.jpg,226,567
p12,day02/0308.jpg,402,46
p12,day02/0309.jpg,143,437
p12,day02/0310.jpg,855,596
p12,day02/0311.jpg,54,227
p12,day02/0312.jpg,311,778
p12,day02/0313.jpg,403,123
p12,day02/0314.jpg,473,605
p12,day02/0315.jpg,1020,778
p12,day02/0316.jpg,558,559
p12,day02/0317.jpg,243,627
p12,day02/0318.jpg,332,223
p12,day02/0319.jpg,402,590
p12,day02/0320.jpg,899,775
p12,day02/0321.jpg,830,376
p12,day02/0322.jpg,1262,200
p12,day02/0323.jpg,805,465
p12,day02/0324.jpg,1022,770
p12,day02/0325.jpg,933,648
p12,day02/0326.jpg,1137,503
p12,day02/0327.jpg,1055,547
p12,day02/0328.jpg,577,589
p12,day02/0329.jpg,1276,313
p12,day02/0330.jpg,850,43
p12,day02/0331.jpg,912,664
p12,day02/0332.jpg,451,104
p12,day02/0333.jpg,541,187
p12,day02/0334.jpg,1256,268
p12,day02/0335.jpg,684,698
p12,day02/0336.jpg,1003,363
p12,day02/0337.jpg,384,587
p12,day02/0338.jpg,608,644
p12,day02/0339.jpg,194,491
p12,day02/0340.jpg,523,779
p12,day02/0341.jpg,1055,468
p12,day02/0342.jpg,868,397
p12,day02/0343.jpg,249,582
p12,day02/0344.jpg,1274,156
p12,day02/0345.jpg,1232,355
p12,day02/0346.jpg,70,715
p12,day02/0347.jpg,594,12
p12,day02/0348.jpg,1145,441
p12,day02/0349.jpg,1088,149
p12,day02/0350.jpg,600,298
p12,day02/0351.jpg,885,358
p12,day02/0352.jpg,562,230
p12,day02/0353.jpg,793,279
p12,day02/0354.jpg,244,61
p12,day02/0355.jpg,1233,432
p12,day02/0356.jpg,64,164
p12,day02/0357.jpg,908,745
p12,day02/0358.jpg,922,602
p12,day02/0360.jpg,807,532
p12,day02/0361.jpg,972,794
p12,day02/0362.jpg,1205,444
p12,day02/0363.jpg,78,722
p12,day02/0364.jpg,599,147
p12,day02/0365.jpg,1220,544
p12,day02/0366.jpg,75,448
p12,day02/0367.jpg,504,107
p12,day02/0368.jpg,747,185
p12,day02/0369.jpg,987,505
p12,day02/0370.jpg,634,618
p12,day02/0371.jpg,974,417
p12,day02/0372.jpg,495,582
p12,day02/0373.jpg,622,473
p12,day02/0374.jpg,53,109
p12,day02/0375.jpg,205,307
p12,day02/0376.jpg,1125,442
p12,day02/0377.jpg,183,276
p12,day02/0378.jpg,156,173
p12,day02/0379.jpg,776,26
p12,day02/0380.jpg,538,86
p12,day02/0381.jpg,45,146
p12,day02/0382.jpg,641,409
p12,day02/0383.jpg,302,618
p12,day02/0384.jpg,443,0
p12,day02/0385.jpg,897,437
p12,day02/0386.jpg,88,62
p12,day02/0387.jpg,704,169
p12,day02/0388.jpg,1251,660
p12,day02/0389.jpg,5,403
p12,day02/0390.jpg,523,417
p12,day02/0391.jpg,969,283
p12,day02/0392.jpg,138,561
p12,day02/0393.jpg,1063,408
p12,day02/0394.jpg,957,198
p12,day02/0395.jpg,1239,755
p12,day02/0396.jpg,1086,595
p12,day02/0397.jpg,467,268
p12,day02/0398.jpg,25,191
p12,day02/0399.jpg,85,15
p12,day02/0400.jpg,92,727
p12,day02/0401.jpg,124,336
p12,day02/0402.jpg,842,406
p12,day02/0403.jpg,586,452
p12,day02/0404.jpg,1158,293
p12,day02/0405.jpg,1140,465
p12,day02/0406.jpg,859,593
p12,day02/0407.jpg,1081,750
p12,day02/0408.jpg,272,28
p12,day02/0409.jpg,298,579
p12,day02/0410.jpg,32,641
p12,day02/0411.jpg,1107,194
p12,day02/0412.jpg,394,48
p12,day02/0413.jpg,1103,551
p12,day02/0414.jpg,182,170
p12,day02/0415.jpg,106,187
p12,day02/0416.jpg,259,550
p12,day02/0417.jpg,452,78
p12,day02/0418.jpg,575,216
p12,day02/0419.jpg,898,432
p12,day02/0420.jpg,1038,568
p12,day02/0421.jpg,938,336
p12,day02/0422.jpg,315,342
p12,day02/0423.jpg,704,376
p12,day02/0424.jpg,124,579
p12,day02/0425.jpg,633,256
p12,day02/0426.jpg,247,715
p12,day02/0427.jpg,39,547
p12,day02/0428.jpg,1,687
p12,day02/0429.jpg,397,78
p12,day02/0430.jpg,1147,265
p12,day02/0431.jpg,1068,140
p12,day02/0432.jpg,606,152
p12,day02/0433.jpg,145,728
p12,day02/0434.jpg,1135,759
p12,day02/0435.jpg,420,484
p12,day02/0436.jpg,102,426
p12,day02/0437.jpg,127,173
p12,day02/0438.jpg,199,227
p12,day02/0439.jpg,1013,436
p12,day02/0440.jpg,946,795
p12,day02/0441.jpg,1110,121
p12,day02/0442.jpg,306,583
p12,day02/0443.jpg,749,741
p12,day02/0444.jpg,836,373
p12,day02/0445.jpg,527,477
p12,day02/0446.jpg,125,186
p12,day02/0447.jpg,383,207
p12,day02/0448.jpg,113,245
p12,day02/0449.jpg,757,4
p12,day02/0450.jpg,102,82
p12,day02/0451.jpg,249,531
p12,day02/0452.jpg,1155,111
p12,day02/0453.jpg,1278,667
p12,day02/0454.jpg,826,610
p12,day02/0455.jpg,722,467
p12,day02/0456.jpg,943,594
p12,day02/0457.jpg,1133,451
p12,day02/0458.jpg,1076,526
p12,day02/0459.jpg,42,137
p12,day02/0460.jpg,1138,82
p12,day02/0461.jpg,509,470
p12,day02/0462.jpg,588,82
p12,day02/0463.jpg,962,66
p12,day02/0464.jpg,80,779
p12,day02/0465.jpg,1236,701
p12,day02/0466.jpg,684,543
p12,day02/0467.jpg,493,512
p12,day02/0468.jpg,510,286
p12,day02/0469.jpg,588,511
p12,day02/0470.jpg,431,497
p12,day02/0471.jpg,1192,286
p12,day02/0472.jpg,260,630
p12,day02/0473.jpg,101,312
p12,day02/0474.jpg,188,554
p12,day02/0475.jpg,872,277
p12,day02/0476.jpg,667,158
p12,day02/0477.jpg,785,682
p12,day02/0478.jpg,80,318
p12,day02/0479.jpg,446,205
p12,day02/0480.jpg,331,245
p12,day02/0481.jpg,135,561
p12,day02/0482.jpg,31,310
p12,day02/0483.jpg,20,82
p12,day02/0484.jpg,1193,405
p12,day02/0485.jpg,779,502
p12,day02/0486.jpg,916,626
p12,day02/0487.jpg,234,663
p12,day02/0488.jpg,884,610
p12,day02/0489.jpg,38,232
p12,day02/0490.jpg,114,425
p12,day02/0491.jpg,39,128
p12,day02/0492.jpg,71,393
p12,day02/0493.jpg,1150,30
p12,day02/0494.jpg,577,407
p12,day02/0495.jpg,671,64
p12,day02/0496.jpg,150,782
p12,day02/0497.jpg,1132,159
p12,day02/0498.jpg,486,259
p12,day02/0499.jpg,1136,135
p12,day02/0500.jpg,328,260
p12,day02/0501.jpg,347,306
p12,day02/0502.jpg,930,584
p12,day02/0503.jpg,861,396
p12,day02/0504.jpg,1158,793
p12,day02/0505.jpg,398,668
p12,day02/0506.jpg,665,320
p12,day02/0507.jpg,1025,81
p12,day02/0508.jpg,1230,607
p12,day02/0509.jpg,1269,216
p12,day02/0510.jpg,1068,603
p12,day02/0511.jpg,77,760
p12,day02/0512.jpg,117,323
p12,day02/0513.jpg,1159,576
p12,day02/0514.jpg,414,190
p12,day02/0515.jpg,709,147
p12,day02/0516.jpg,640,553
p12,day02/0517.jpg,1217,447
p12,day02/0518.jpg,1205,159
p12,day02/0519.jpg,1,118
p12,day02/0520.jpg,611,180
p12,day02/0521.jpg,86,415
p12,day02/0522.jpg,731,588
p12,day02/0523.jpg,1017,65
p12,day02/0524.jpg,387,56
p12,day02/0525.jpg,977,752
p12,day02/0526.jpg,860,777
p12,day02/0527.jpg,934,779
p12,day02/0528.jpg,1199,20
p12,day02/0529.jpg,1099,740
p12,day02/0530.jpg,177,567
p12,day02/0531.jpg,828,240
p12,day02/0532.jpg,585,132
p12,day02/0533.jpg,936,537
p12,day02/0534.jpg,578,760
p12,day02/0535.jpg,180,66
p12,day02/0536.jpg,1272,537
p12,day02/0537.jpg,669,112
p12,day02/0538.jpg,143,764
p12,day02/0539.jpg,723,394
p12,day02/0540.jpg,1048,764
p12,day02/0541.jpg,542,261
p12,day02/0542.jpg,748,746
p12,day02/0543.jpg,702,186
p12,day02/0544.jpg,346,225
p12,day02/0545.jpg,639,405
p12,day02/0546.jpg,1022,346
p12,day02/0547.jpg,1174,377
p12,day02/0548.jpg,337,173
p12,day02/0549.jpg,958,655
p12,day02/0550.jpg,92,403
p12,day02/0551.jpg,310,72
p12,day02/0552.jpg,560,257
p12,day02/0553.jpg,789,788
p12,day02/0554.jpg,724,762
p12,day02/0555.jpg,976,12
p12,day02/0556.jpg,1238,397
p12,day02/0557.jpg,794,388
p12,day02/0558.jpg,636,779
p12,day02/0559.jpg,142,685
p12,day02/0560.jpg,840,373
p12,day02/0561.jpg,536,198
p12,day02/0562.jpg,885,100
p12,day02/0563.jpg,50,358
p12,day02/0564.jpg,887,576
p12,day02/0565.jpg,935,53
p12,day02/0566.jpg,1278,540
p12,day02/0567.jpg,1180,341
p12,day02/0568.jpg,837,709
p12,day02/0569.jpg,536,270
p12,day02/0570.jpg,960,113
p12,day02/0571.jpg,407,738
p12,day02/0572.jpg,760,748
p12,day02/0573.jpg,1275,736
p12,day02/0574.jpg,381,656
p12,day02/0575.jpg,1192,135
p12,day02/0576.jpg,875,140
p12,day02/0577.jpg,435,778
p12,day02/0578.jpg,498,734
p12,day02/0579.jpg,210,520
p12,day02/0580.jpg,764,204
p12,day02/0581.jpg,723,59
p12,day02/0582.jpg,1162,123
p12,day02/0583.jpg,1278,277
p12,day02/0584.jpg,1061,116
p12,day02/0585.jpg,168,401
p12,day02/0586.jpg,453,148
p12,day02/0587.jpg,837,111
p12,day02/0588.jpg,930,6
p12,day02/0589.jpg,1048,689
p12,day02/0590.jpg,392,98
p12,day02/0591.jpg,594,589
p12,day02/0592.jpg,319,505
p12,day02/0593.jpg,227,39
p12,day02/0594.jpg,659,82
p12,day02/0595.jpg,227,438
p12,day02/0596.jpg,1099,566
p12,day02/0597.jpg,396,794
p12,day02/0598.jpg,108,62
p12,day02/0599.jpg,601,211
p12,day02/0600.jpg,53,617
p12,day02/0601.jpg,503,646
p12,day02/0602.jpg,1111,76
p12,day02/0603.jpg,33,162
p12,day02/0604.jpg,529,161
p12,day02/0605.jpg,394,112
p12,day02/0606.jpg,987,235
p12,day02/0607.jpg,1216,52
p12,day02/0608.jpg,991,51
p12,day02/0609.jpg,600,359
p12,day02/0610.jpg,1219,60
p12,day02/0611.jpg,1126,608
p12,day02/0612.jpg,797,481
p12,day02/0613.jpg,382,522
p12,day02/0614.jpg,858,274
p12,day02/0615.jpg,69,294
p12,day02/0616.jpg,651,624
p12,day02/0617.jpg,548,337
p12,day02/0618.jpg,471,129
p12,day02/0619.jpg,27,333
p12,day02/0620.jpg,615,96
p12,day02/0621.jpg,440,457
p12,day02/0622.jpg,712,329
p12,day02/0623.jpg,1136,284
p12,day02/0624.jpg,734,402
p12,day02/0625.jpg,705,217
p12,day02/0626.jpg,967,121
p12,day02/0627.jpg,956,177
p12,day02/0628.jpg,374,470
p12,day02/0629.jpg,1008,203
p12,day02/0630.jpg,817,65
p12,day02/0631.jpg,28,685
p12,day02/0632.jpg,556,160
p12,day02/0633.jpg,817,726
p12,day02/0634.jpg,751,555
p12,day02/0635.jpg,47,522
p12,day02/0636.jpg,517,550
p12,day02/0637.jpg,301,300
p12,day02/0638.jpg,416,297
p12,day02/0639.jpg,86,376
p12,day02/0640.jpg,908,713
p12,day02/0641.jpg,1002,290
p12,day02/0642.jpg,20,54
p12,day02/0643.jpg,718,321
p12,day02/0644.jpg,57,201
p12,day02/0645.jpg,932,586
p12,day02/0646.jpg,932,434
p12,day02/0647.jpg,1273,711
p12,day02/0648.jpg,558,490
p12,day02/0649.jpg,241,728
p12,day02/0650.jpg,776,95
p12,day02/0651.jpg,926,655
p12,day02/0652.jpg,1071,565
p12,day02/0653.jpg,365,282
p12,day02/0654.jpg,733,475
p12,day02/0655.jpg,548,606
p12,day02/0656.jpg,1047,13
p12,day02/0657.jpg,484,90
p12,day02/0658.jpg,1069,354
p12,day02/0659.jpg,857,108
p12,day02/0660.jpg,603,192
p12,day02/0661.jpg,244,50
p12,day02/0662.jpg,715,611
p12,day02/0663.jpg,622,451
p12,day02/0664.jpg,1079,219
p12,day02/0665.jpg,602,641
p12,day02/0666.jpg,1054,380
p12,day02/0667.jpg,273,209
p12,day02/0668.jpg,700,318
p12,day02/0669.jpg,847,373
p12,day02/0670.jpg,282,641
p12,day02/0671.jpg,688,177
p12,day02/0672.jpg,153,624
p12,day02/0673.jpg,747,638
p12,day02/0674.jpg,65,760
p12,day02/0675.jpg,479,439
p12,day02/0676.jpg,108,488
p12,day02/0677.jpg,142,452
p12,day02/0678.jpg,788,797
p12,day02/0679.jpg,21,407
p12,day02/0680.jpg,227,323
p12,day02/0681.jpg,412,403
p12,day02/0682.jpg,1196,205
p12,day02/0683.jpg,188,666
p12,day02/0684.jpg,1143,652
p12,day02/0685.jpg,82,518
p12,day02/0686.jpg,731,680
p12,day02/0687.jpg,654,392
p12,day02/0688.jpg,936,687
p12,day02/0689.jpg,851,408
p12,day02/0690.jpg,1127,487
p12,day02/0691.jpg,258,409
p12,day02/0692.jpg,411,757
p12,day02/0693.jpg,800,792
p12,day02/0694.jpg,666,617
p12,day02/0695.jpg,146,767
p12,day02/0696.jpg,955,382
p12,day02/0697.jpg,284,543
p12,day02/0698.jpg,625,190
p12,day02/0699.jpg,902,174
p12,day02/0700.jpg,41,121
p12,day02/0701.jpg,270,387
p12,day02/0702.jpg,61,541
p12,day02/0703.jpg,694,775
p12,day02/0704.jpg,944,209
p12,day02/0705.jpg,751,187
p12,day02/0706.jpg,727,743
p12,day02/0707.jpg,720,29
p12,day02/0708.jpg,1157,454
p12,day02/0709.jpg,69,172
p12,day02/0710.jpg,382,330
p12,day02/0711.jpg,197,146
p12,day02/0712.jpg,748,426
p12,day02/0713.jpg,783,89
p12,day02/0714.jpg,13,341
p12,day02/0715.jpg,920,177
p12,day02/0716.jpg,684,708
p12,day02/0717.jpg,835,264
p12,day02/0718.jpg,1125,409
p12,day02/0719.jpg,319,514
p12,day02/0720.jpg,636,724
p12,day02/0721.jpg,380,678
p12,day02/0722.jpg,540,715
p12,day02/0723.jpg,271,39
p12,day02/0724.jpg,263,204
p12,day02/0725.jpg,1083,418
p12,day02/0726.jpg,261,433
p12,day02/0727.jpg,1017,456
p12,day02/0728.jpg,982,495
p12,day02/0729.jpg,800,310
p12,day02/0730.jpg,681,32
p12,day02/0731.jpg,886,632
p12,day02/0732.jpg,515,520
p12,day02/0733.jpg,267,567
p12,day02/0734.jpg,795,589
p12,day02/0735.jpg,769,725
p12,day02/0736.jpg,246,639
p12,day02/0737.jpg,805,672
p12,day02/0738.jpg,1215,107
p12,day02/0739.jpg,239,128
p12,day02/0740.jpg,473,52
p12,day02/0741.jpg,579,593
p12,day02/0742.jpg,1278,55
p12,day02/0743.jpg,1258,372
p12,day02/0744.jpg,454,405
p12,day02/0745.jpg,1182,25
p12,day02/0746.jpg,669,779
p12,day02/0747.jpg,415,68
p12,day02/0748.jpg,771,374
p12,day02/0749.jpg,256,70
p12,day02/0750.jpg,809,613
p12,day02/0751.jpg,1004,46
p12,day02/0752.jpg,753,531
p12,day02/0753.jpg,61,81
p12,day02/0754.jpg,1115,342
p12,day02/0755.jpg,685,166
p12,day02/0756.jpg,1118,323
p12,day02/0757.jpg,77,480
p12,day02/0758.jpg,1145,700
p12,day02/0759.jpg,849,744
p12,day02/0760.jpg,506,689
p12,day02/0761.jpg,1127,581
p12,day02/0762.jpg,796,454
p12,day02/0763.jpg,128,52
p12,day02/0764.jpg,113,351
p12,day02/0765.jpg,525,36
p12,day03/0001.jpg,1211,739
p12,day03/0002.jpg,673,454
p12,day03/0003.jpg,176,289
p12,day03/0004.jpg,790,172
p12,day03/0005.jpg,684,378
p12,day03/0006.jpg,610,131
p12,day03/0007.jpg,247,755
p12,day03/0008.jpg,1132,642
p12,day03/0009.jpg,1231,198
p12,day03/0010.jpg,724,508
p12,day03/0011.jpg,1029,511
p12,day03/0012.jpg,624,557
p12,day03/0013.jpg,131,609
p12,day03/0014.jpg,53,259
p12,day03/0015.jpg,369,558
p12,day03/0016.jpg,634,542
p12,day03/0017.jpg,807,51
p12,day03/0018.jpg,1108,780
p12,day03/0019.jpg,48,179
p12,day03/0020.jpg,1153,204
p12,day03/0021.jpg,182,694
p12,day03/0022.jpg,531,275
p12,day03/0023.jpg,677,184
p12,day03/0024.jpg,45,685
p12,day03/0025.jpg,335,485
p12,day03/0026.jpg,20,743
p12,day03/0027.jpg,562,547
p12,day03/0028.jpg,38,439
p12,day03/0029.jpg,816,200
p12,day03/0030.jpg,647,76
p12,day03/0031.jpg,1017,765
p12,day03/0032.jpg,953,749
p12,day03/0033.jpg,547,490
p12,day03/0034.jpg,1120,524
p12,day03/0035.jpg,360,787
p12,day03/0036.jpg,530,314
p12,day03/0037.jpg,379,745
p12,day03/0038.jpg,1071,271
p12,day03/0039.jpg,164,458
p12,day03/0040.jpg,1104,284
p12,day03/0041.jpg,1027,228
p12,day03/0042.jpg,1191,419
p12,day03/0043.jpg,208,240
p12,day03/0044.jpg,1009,234
p12,day03/0045.jpg,431,114
p12,day03/0046.jpg,520,109
p12,day03/0047.jpg,302,394
p12,day03/0048.jpg,526,165
p12,day03/0049.jpg,1053,237
p12,day03/0050.jpg,1209,458
p12,day03/0051.jpg,354,78
p12,day03/0052.jpg,806,379
p12,day03/0053.jpg,450,71
p12,day03/0054.jpg,642,101
p12,day03/0055.jpg,990,147
p12,day03/0056.jpg,734,717
p12,day03/0057.jpg,922,699
p12,day03/0058.jpg,779,87
p12,day03/0059.jpg,632,291
p12,day03/0060.jpg,573,89
p12,day03/0061.jpg,645,397
p12,day03/0062.jpg,281,190
p12,day03/0063.jpg,994,204
p12,day03/0064.jpg,1119,38
p12,day03/0065.jpg,66,368
p12,day03/0066.jpg,1101,363
p12,day03/0067.jpg,691,695
p12,day03/0068.jpg,313,191
p12,day03/0069.jpg,693,295
p12,day03/0070.jpg,622,333
p12,day03/0071.jpg,1237,416
p12,day03/0072.jpg,111,157
p12,day03/0073.jpg,1271,194
p12,day03/0074.jpg,1009,756
p12,day03/0075.jpg,526,42
p12,day03/0076.jpg,506,334
p12,day03/0077.jpg,13,58
p12,day03/0078.jpg,359,769
p12,day03/0079.jpg,856,107
p12,day03/0080.jpg,1139,293
p12,day03/0081.jpg,935,559
p12,day03/0082.jpg,1159,669
p12,day03/0083.jpg,1137,177
p12,day03/0084.jpg,55,712
p12,day03/0085.jpg,43,532
p12,day03/0086.jpg,84,206
p12,day03/0087.jpg,670,27
p12,day03/0088.jpg,468,21
p12,day03/0089.jpg,406,431
p12,day03/0090.jpg,261,486
p12,day03/0091.jpg,481,519
p12,day03/0092.jpg,472,77
p12,day03/0093.jpg,447,697
p12,day03/0094.jpg,512,142
p12,day03/0095.jpg,698,618
p12,day03/0096.jpg,842,260
p12,day03/0097.jpg,150,420
p12,day03/0098.jpg,377,229
p12,day03/0099.jpg,1156,617
p12,day03/0100.jpg,679,366
p12,day03/0101.jpg,0,503
p12,day03/0102.jpg,1038,233
p12,day03/0103.jpg,533,343
p12,day03/0104.jpg,374,448
p12,day03/0105.jpg,855,446
p12,day03/0106.jpg,411,462
p12,day03/0107.jpg,971,44
p12,day03/0108.jpg,942,239
p12,day03/0109.jpg,418,465
p12,day03/0110.jpg,239,520
p12,day03/0111.jpg,114,536
p12,day03/0112.jpg,1159,588
p12,day03/0113.jpg,1119,745
p12,day03/0114.jpg,595,488
p12,day03/0115.jpg,445,455
p12,day03/0116.jpg,864,60
p12,day03/0117.jpg,1222,506
p12,day03/0118.jpg,54,446
p12,day03/0119.jpg,1174,448
p12,day03/0120.jpg,1037,324
p12,day03/0121.jpg,400,238
p12,day03/0122.jpg,1154,777
p12,day03/0123.jpg,1238,347
p12,day03/0124.jpg,862,751
p12,day03/0125.jpg,138,202
p12,day03/0126.jpg,901,10
p12,day03/0127.jpg,630,52
p12,day03/0128.jpg,812,591
p12,day03/0129.jpg,75,294
p12,day03/0130.jpg,112,732
p12,day03/0131.jpg,46,337
p12,day04/0001.jpg,530,5
p12,day04/0002.jpg,156,121
p12,day04/0003.jpg,133,568
p12,day04/0004.jpg,714,85
p12,day04/0005.jpg,487,487
p12,day04/0006.jpg,529,562
p12,day04/0007.jpg,23,407
p12,day04/0008.jpg,217,134
p12,day04/0009.jpg,312,295
p12,day04/0010.jpg,628,157
p12,day04/0011.jpg,207,291
p12,day04/0012.jpg,987,91
p12,day04/0013.jpg,1220,564
p12,day04/0014.jpg,756,20
p12,day04/0015.jpg,212,743
p12,day04/0016.jpg,513,415
p12,day04/0017.jpg,982,210
p12,day04/0018.jpg,1239,411
p12,day04/0019.jpg,717,234
p12,day04/0020.jpg,571,133
p12,day04/0021.jpg,224,668
p12,day04/0022.jpg,947,692
p12,day04/0023.jpg,479,565
p12,day04/0024.jpg,152,69
p12,day04/0025.jpg,161,665
p12,day04/0026.jpg,1080,41
p12,day04/0027.jpg,836,337
p12,day04/0028.jpg,993,680
p12,day04/0029.jpg,149,78
p12,day04/0030.jpg,1179,240
p12,day04/0031.jpg,697,62
p12,day04/0032.jpg,559,379
p12,day04/0033.jpg,659,464
p12,day04/0034.jpg,901,356
p12,day04/0035.jpg,495,216
p12,day04/0036.jpg,1019,524
p12,day04/0037.jpg,270,214
p12,day04/0038.jpg,115,527
p12,day04/0039.jpg,1226,650
p12,day04/0040.jpg,637,217
p12,day04/0041.jpg,242,222
p12,day04/0042.jpg,1037,140
p12,day04/0043.jpg,147,380
p12,day04/0044.jpg,950,392
p12,day04/0045.jpg,1185,390
p12,day04/0046.jpg,291,341
p12,day04/0047.jpg,880,141
p12,day04/0048.jpg,1097,532
p12,day04/0049.jpg,715,81
p12,day04/0050.jpg,100,235
p12,day04/0051.jpg,566,388
p12,day04/0052.jpg,917,185
p12,day04/0053.jpg,92,771
p12,day04/0054.jpg,1037,484
p12,day04/0055.jpg,1204,443
p12,day04/0056.jpg,922,670
p12,day04/0057.jpg,633,598
p12,day04/0058.jpg,97,249
p12,day04/0059.jpg,168,142
p12,day04/0060.jpg,301,794
p12,day04/0061.jpg,1244,574
p12,day04/0062.jpg,0,570
p12,day04/0063.jpg,1200,638
p12,day04/0064.jpg,702,349
p12,day04/0065.jpg,1159,140
p12,day04/0066.jpg,1124,35
p12,day04/0067.jpg,1224,589
p12,day04/0068.jpg,1055,634
p12,day04/0069.jpg,491,414
p12,day04/0070.jpg,736,151
p12,day04/0071.jpg,589,427
p12,day04/0073.jpg,932,760
p12,day04/0074.jpg,702,96
p12,day04/0075.jpg,794,571
p12,day04/0076.jpg,802,727
p12,day04/0077.jpg,787,373
p12,day04/0078.jpg,635,197
p12,day04/0079.jpg,343,294
p12,day04/0080.jpg,822,602
p12,day04/0081.jpg,686,629
p12,day04/0082.jpg,347,749
p12,day04/0083.jpg,108,359
p12,day04/0084.jpg,526,553
p12,day04/0085.jpg,1123,398
p12,day04/0086.jpg,701,616
p12,day04/0087.jpg,294,232
p12,day04/0089.jpg,856,191
p12,day04/0090.jpg,1158,742
p12,day04/0091.jpg,811,376
p12,day04/0092.jpg,487,495
p12,day04/0093.jpg,746,542
p12,day04/0094.jpg,297,650
p12,day04/0095.jpg,1211,22
p12,day04/0096.jpg,126,334
p12,day04/0097.jpg,282,135
p12,day04/0098.jpg,897,413
p12,day04/0099.jpg,3,542
p12,day04/0100.jpg,320,530
p12,day04/0101.jpg,908,389
p12,day04/0102.jpg,3,461
p12,day04/0103.jpg,201,365
p12,day04/0104.jpg,436,699
p12,day04/0105.jpg,1261,391
p12,day04/0106.jpg,1107,366
p12,day04/0107.jpg,631,299
p12,day04/0108.jpg,1170,435
p12,day04/0109.jpg,1095,405
p12,day04/0110.jpg,1273,3
p12,day04/0111.jpg,1139,311
p12,day04/0112.jpg,388,698
p12,day04/0113.jpg,412,503
p12,day04/0114.jpg,758,491
p12,day04/0115.jpg,943,222
p12,day04/0116.jpg,547,768
p12,day04/0117.jpg,1173,553
p12,day04/0118.jpg,791,307
p12,day04/0119.jpg,973,725
p12,day04/0120.jpg,308,425
p12,day04/0121.jpg,540,352
p12,day04/0122.jpg,226,86
p12,day04/0123.jpg,899,527
p12,day04/0124.jpg,1097,142
p12,day04/0125.jpg,70,9
p12,day04/0126.jpg,479,373
p12,day04/0127.jpg,731,84
p12,day04/0128.jpg,847,192
p12,day04/0129.jpg,435,578
p12,day04/0130.jpg,572,130
p12,day04/0131.jpg,876,399
p12,day04/0132.jpg,555,696
p12,day04/0133.jpg,653,150
p12,day04/0134.jpg,490,254
p12,day04/0135.jpg,552,408
p12,day04/0136.jpg,395,611
p12,day04/0137.jpg,752,6
p12,day04/0138.jpg,249,198
p12,day04/0139.jpg,781,263
p12,day04/0140.jpg,907,407
p12,day04/0141.jpg,765,218
p12,day04/0142.jpg,1204,247
p12,day04/0143.jpg,897,324
p12,day04/0144.jpg,1227,479
p12,day04/0145.jpg,933,16
p12,day05/0001.jpg,119,329
p12,day05/0002.jpg,978,784
p12,day05/0003.jpg,1257,427
p12,day05/0004.jpg,929,269
p12,day05/0005.jpg,1133,349
p12,day05/0006.jpg,967,588
p12,day05/0007.jpg,72,350
p12,day05/0008.jpg,1003,542
p12,day05/0009.jpg,1157,368
p12,day05/0010.jpg,312,216
p12,day05/0011.jpg,637,654
p12,day05/0012.jpg,1120,686
p12,day05/0013.jpg,674,797
p12,day05/0014.jpg,123,12
p12,day05/0015.jpg,1263,653
p12,day05/0016.jpg,598,327
p12,day05/0017.jpg,92,657
p12,day05/0018.jpg,772,608
p12,day05/0019.jpg,664,544
p12,day05/0020.jpg,457,511
p12,day05/0021.jpg,1252,506
p12,day05/0022.jpg,299,610
p12,day05/0023.jpg,838,326
p12,day05/0024.jpg,589,638
p12,day05/0025.jpg,261,413
p12,day05/0026.jpg,593,51
p12,day05/0027.jpg,868,230
p12,day05/0028.jpg,786,763
p12,day05/0029.jpg,756,673
p12,day05/0030.jpg,363,495
p12,day05/0031.jpg,559,571
p12,day05/0032.jpg,219,496
p12,day05/0033.jpg,1010,498
p12,day05/0034.jpg,329,123
p12,day05/0035.jpg,895,262
p12,day05/0036.jpg,999,297
p12,day05/0037.jpg,262,413
p12,day05/0038.jpg,519,106
p12,day05/0039.jpg,1007,60
p12,day05/0040.jpg,1141,170
p12,day05/0041.jpg,808,589
p12,day05/0042.jpg,226,172
p12,day05/0043.jpg,102,223
p12,day05/0044.jpg,980,19
p12,day05/0045.jpg,1236,66
p12,day05/0046.jpg,118,411
p12,day05/0047.jpg,922,251
p12,day05/0048.jpg,401,728
p12,day05/0049.jpg,639,392
p12,day05/0050.jpg,203,137
p12,day05/0051.jpg,998,37
p12,day05/0052.jpg,572,342
p12,day05/0053.jpg,1001,681
p12,day05/0054.jpg,707,58
p12,day05/0055.jpg,629,56
p12,day05/0056.jpg,3,72
p12,day05/0057.jpg,1073,467
p12,day05/0058.jpg,69,663
p12,day05/0059.jpg,1191,787
p12,day05/0060.jpg,1081,261
p12,day05/0061.jpg,558,44
p12,day05/0062.jpg,199,666
p12,day05/0063.jpg,213,702
p12,day05/0064.jpg,1123,792
p12,day05/0065.jpg,172,740
p12,day05/0066.jpg,608,575
p12,day05/0067.jpg,302,70
p12,day05/0068.jpg,306,663
p12,day05/0069.jpg,410,407
p12,day05/0070.jpg,632,111
p12,day05/0071.jpg,49,625
p12,day05/0072.jpg,167,52
p12,day05/0073.jpg,722,671
p12,day05/0074.jpg,211,206
p12,day05/0075.jpg,575,91
p12,day05/0076.jpg,126,165
p12,day05/0077.jpg,227,306
p12,day05/0078.jpg,222,389
p12,day05/0079.jpg,266,51
p12,day05/0080.jpg,784,675
p12,day05/0081.jpg,753,54
p12,day05/0082.jpg,875,564
p12,day05/0083.jpg,182,115
p12,day05/0084.jpg,953,516
p12,day05/0085.jpg,561,704
p12,day05/0086.jpg,79,55
p12,day05/0087.jpg,770,326
p12,day05/0088.jpg,83,271
p12,day05/0089.jpg,61,177
p12,day05/0090.jpg,103,30
p12,day05/0091.jpg,681,609
p12,day05/0092.jpg,132,517
p12,day05/0093.jpg,940,476
p12,day05/0094.jpg,166,482
p12,day05/0095.jpg,214,207
p12,day05/0096.jpg,1031,737
p12,day05/0097.jpg,143,770
p12,day05/0098.jpg,1192,427
p12,day05/0099.jpg,694,558
p12,day05/0100.jpg,1208,151
p12,day05/0101.jpg,280,315
p12,day05/0102.jpg,680,324
p12,day05/0103.jpg,398,487
p12,day05/0104.jpg,687,469
p12,day05/0105.jpg,679,420
p12,day05/0106.jpg,477,569
p12,day05/0107.jpg,931,414
p12,day05/0108.jpg,1192,714
p12,day05/0109.jpg,131,231
p12,day05/0110.jpg,501,348
p12,day05/0111.jpg,868,458
p12,day05/0112.jpg,1195,542
p12,day05/0113.jpg,546,290
p12,day05/0114.jpg,459,187
p12,day05/0115.jpg,361,792
p12,day05/0116.jpg,1127,667
p12,day05/0117.jpg,639,660
p12,day05/0118.jpg,738,510
p12,day05/0119.jpg,958,672
p12,day05/0120.jpg,982,167
p12,day05/0121.jpg,308,276
p12,day05/0122.jpg,883,211
p12,day05/0123.jpg,237,628
p12,day05/0124.jpg,813,162
p12,day05/0125.jpg,745,722
p12,day05/0126.jpg,308,731
p12,day05/0127.jpg,234,28
p12,day05/0128.jpg,535,219
p12,day05/0129.jpg,15,272
p12,day05/0130.jpg,332,408
p12,day05/0131.jpg,1197,520
p12,day05/0132.jpg,858,297
p12,day05/0133.jpg,931,362
p12,day05/0134.jpg,1075,632
p12,day05/0135.jpg,149,535
p12,day05/0136.jpg,406,334
p12,day05/0137.jpg,584,798
p12,day05/0138.jpg,1185,539
p12,day05/0139.jpg,352,646
p12,day05/0140.jpg,802,76
p12,day05/0141.jpg,212,538
p12,day05/0142.jpg,564,395
p12,day05/0143.jpg,1013,10
p12,day05/0144.jpg,852,94
p12,day05/0145.jpg,1239,321
p12,day05/0146.jpg,926,739
p12,day05/0147.jpg,226,300
p12,day05/0148.jpg,876,751
p12,day05/0149.jpg,914,582
p12,day05/0150.jpg,815,786
p12,day05/0151.jpg,475,217
p12,day05/0152.jpg,858,142
p12,day05/0153.jpg,402,185
p12,day05/0154.jpg,1258,290
p12,day05/0155.jpg,718,785
p12,day05/0156.jpg,608,159
p12,day05/0157.jpg,1111,341
p12,day05/0158.jpg,731,215
p12,day05/0159.jpg,466,478
p12,day05/0160.jpg,248,575
p12,day05/0161.jpg,1255,388
p12,day05/0162.jpg,535,410
p12,day05/0163.jpg,76,505
p12,day05/0164.jpg,803,139
p12,day05/0165.jpg,220,579
p12,day05/0166.jpg,415,24
p12,day05/0167.jpg,159,755
p12,day05/0168.jpg,779,639
p12,day05/0169.jpg,91,31
p12,day05/0170.jpg,439,531
p12,day05/0171.jpg,679,171
p12,day05/0172.jpg,265,237
p12,day05/0173.jpg,1064,400
p12,day05/0174.jpg,881,313
p12,day05/0175.jpg,218,59
p12,day05/0176.jpg,195,136
p12,day05/0177.jpg,902,651
p12,day05/0178.jpg,524,662
p12,day05/0179.jpg,456,740
p12,day05/0180.jpg,841,42
p12,day05/0181.jpg,782,202
p12,day05/0182.jpg,340,170
p12,day05/0183.jpg,292,77
p12,day05/0184.jpg,537,92
p12,day05/0185.jpg,338,295
p12,day05/0186.jpg,300,538
p12,day05/0187.jpg,320,43
p12,day05/0188.jpg,1121,282
p12,day05/0189.jpg,928,85
p12,day05/0190.jpg,837,49
p12,day05/0191.jpg,353,20
p12,day05/0192.jpg,48,262
p12,day05/0193.jpg,670,567
p12,day05/0194.jpg,407,18
p12,day05/0195.jpg,1132,291
p12,day05/0196.jpg,804,66
p12,day05/0197.jpg,118,188
p12,day05/0199.jpg,720,54
p12,day05/0200.jpg,615,505
p12,day05/0201.jpg,959,107
p12,day05/0202.jpg,848,135
p12,day05/0203.jpg,491,135
p12,day05/0204.jpg,1018,168
p12,day05/0205.jpg,284,131
p12,day05/0206.jpg,1045,397
p12,day05/0207.jpg,515,344
p12,day05/0208.jpg,379,513
p12,day05/0209.jpg,689,460
p12,day05/0210.jpg,455,553
p12,day05/0211.jpg,1171,185
p12,day05/0212.jpg,784,699
p12,day05/0213.jpg,440,707
p12,day05/0214.jpg,1271,212
p12,day05/0215.jpg,69,447
p12,day05/0216.jpg,448,419
p12,day05/0217.jpg,973,563
p12,day05/0218.jpg,744,616
p12,day05/0219.jpg,380,226
p12,day05/0220.jpg,17,158
p12,day05/0221.jpg,203,397
p12,day05/0222.jpg,289,212
p12,day05/0223.jpg,1004,261
p12,day05/0224.jpg,633,357
p12,day05/0225.jpg,628,473
p12,day05/0226.jpg,705,608
p12,day05/0227.jpg,1135,322
p12,day05/0228.jpg,352,350
p12,day05/0229.jpg,183,15
p12,day05/0230.jpg,518,59
p12,day05/0231.jpg,614,605
p12,day05/0232.jpg,1144,651
p12,day05/0233.jpg,62,108
p12,day05/0234.jpg,1250,154
p12,day05/0235.jpg,180,474
p12,day05/0236.jpg,365,716
p12,day05/0237.jpg,233,129
p12,day05/0238.jpg,507,208
p12,day05/0239.jpg,804,123
p12,day05/0240.jpg,1225,724
p12,day05/0241.jpg,725,120
p12,day05/0242.jpg,275,434
p12,day05/0243.jpg,765,80
p12,day05/0244.jpg,480,249
p12,day05/0245.jpg,1206,617
p12,day05/0246.jpg,356,2
p12,day05/0247.jpg,1232,509
p12,day05/0248.jpg,1220,584
p12,day05/0249.jpg,693,48
p12,day05/0250.jpg,1240,486
p12,day05/0251.jpg,945,63
p12,day05/0252.jpg,817,619
p12,day05/0253.jpg,717,57
p12,day05/0254.jpg,1075,515
p12,day05/0255.jpg,517,595
p12,day05/0256.jpg,1013,438
p12,day05/0257.jpg,271,193
p12,day05/0258.jpg,229,76
p12,day05/0259.jpg,552,203
p12,day05/0260.jpg,89,398
p12,day05/0261.jpg,412,236
p12,day05/0262.jpg,28,444
p12,day05/0263.jpg,396,774
p12,day05/0264.jpg,1141,313
p12,day05/0265.jpg,739,343
p12,day05/0266.jpg,480,619
p12,day05/0267.jpg,1071,113
p12,day05/0268.jpg,284,66
p12,day05/0269.jpg,700,303
p12,day05/0270.jpg,796,288
p12,day05/0271.jpg,265,599
p12,day05/0272.jpg,268,666
p12,day05/0273.jpg,994,644
p12,day05/0274.jpg,913,170
p12,day05/0275.jpg,509,153
p12,day05/0276.jpg,235,301
p12,day05/0277.jpg,1015,253
p12,day05/0278.jpg,142,15
p12,day05/0279.jpg,575,462
p12,day05/0280.jpg,918,84
p12,day05/0281.jpg,384,441
p12,day05/0282.jpg,993,14
p12,day05/0283.jpg,364,303
p12,day05/0284.jpg,190,227
p12,day05/0285.jpg,236,450
p12,day05/0286.jpg,366,257
p12,day05/0287.jpg,64,438
p12,day05/0288.jpg,114,526
p12,day05/0289.jpg,798,194
p12,day05/0290.jpg,131,222
p12,day05/0291.jpg,1093,535
p12,day05/0292.jpg,578,587
p12,day05/0293.jpg,619,282
p12,day05/0294.jpg,892,497
p12,day05/0295.jpg,604,687
p12,day05/0297.jpg,1106,663
p12,day05/0298.jpg,203,286
p12,day05/0299.jpg,283,68
p12,day05/0300.jpg,393,155
p12,day05/0301.jpg,420,380
p12,day05/0302.jpg,1013,598
p12,day05/0303.jpg,38,156
p12,day05/0304.jpg,1179,34
p12,day05/0305.jpg,943,777
p12,day05/0306.jpg,643,653
p12,day05/0307.jpg,453,612
p12,day05/0308.jpg,686,98
p12,day05/0309.jpg,1144,735
p12,day05/0310.jpg,325,636
p12,day05/0311.jpg,813,21
p12,day05/0312.jpg,237,426
p12,day05/0313.jpg,481,136
p12,day05/0314.jpg,32,245
p12,day05/0315.jpg,438,644
p12,day05/0316.jpg,532,164
p12,day05/0317.jpg,1241,581
p12,day05/0318.jpg,56,747
p12,day05/0319.jpg,934,575
p12,day05/0320.jpg,983,718
p12,day05/0321.jpg,367,251
p12,day05/0322.jpg,13,32
p12,day05/0323.jpg,56,509
p12,day05/0324.jpg,98,488
p12,day05/0325.jpg,1023,758
p12,day05/0326.jpg,560,352
p12,day05/0327.jpg,1215,646
p12,day05/0328.jpg,489,461
p12,day05/0329.jpg,1005,647
p12,day05/0330.jpg,822,65
p12,day05/0331.jpg,522,537
p12,day05/0332.jpg,659,88
p12,day05/0333.jpg,991,776
p12,day05/0334.jpg,223,642
p12,day05/0335.jpg,1136,416
p12,day05/0336.jpg,208,366
p12,day05/0337.jpg,78,93
p12,day05/0338.jpg,1014,242
p12,day05/0339.jpg,447,268
p12,day05/0340.jpg,857,563
p12,day05/0341.jpg,919,237
p12,day05/0342.jpg,777,646
p12,day05/0343.jpg,988,117
p12,day05/0344.jpg,1014,776
p12,day05/0345.jpg,896,782
p12,day05/0346.jpg,1072,54
p12,day05/0347.jpg,943,211
p12,day05/0348.jpg,847,519
p12,day05/0349.jpg,365,59
p12,day05/0350.jpg,921,614
p12,day05/0351.jpg,95,390
p12,day05/0352.jpg,689,363
p12,day05/0353.jpg,786,30
p12,day05/0354.jpg,468,591
p12,day05/0355.jpg,132,662
p12,day05/0356.jpg,370,353
p12,day05/0357.jpg,635,418
p12,day05/0358.jpg,492,701
p12,day05/0359.jpg,1098,195
p12,day05/0360.jpg,338,231
p12,day05/0361.jpg,692,318
p12,day05/0362.jpg,964,73
p12,day05/0363.jpg,486,661
p12,day05/0364.jpg,1213,80
p12,day05/0365.jpg,40,652
p12,day05/0366.jpg,775,104
p12,day05/0367.jpg,708,23
p12,day05/0368.jpg,329,208
p12,day05/0369.jpg,616,14
p12,day05/0370.jpg,12,788
p12,day05/0371.jpg,1109,285
p12,day05/0372.jpg,1224,76
p12,day05/0373.jpg,437,137
p12,day05/0374.jpg,391,403
p12,day05/0375.jpg,447,454
p12,day05/0376.jpg,733,420
p12,day05/0377.jpg,1182,269
p12,day05/0378.jpg,1086,449
p12,day05/0379.jpg,1180,423
p12,day05/0380.jpg,751,338
p12,day05/0381.jpg,990,90
p12,day05/0382.jpg,596,652
p12,day05/0383.jpg,379,546
p12,day05/0384.jpg,225,395
p12,day05/0385.jpg,824,302
p12,day05/0386.jpg,280,288
p12,day05/0387.jpg,835,173
p12,day05/0388.jpg,485,489
p12,day05/0389.jpg,764,48
p12,day05/0390.jpg,1254,453
p12,day05/0391.jpg,295,413
p12,day05/0392.jpg,877,475
p12,day05/0393.jpg,746,360
p12,day05/0394.jpg,413,357
p12,day05/0395.jpg,238,47
p12,day05/0396.jpg,581,368
p12,day05/0397.jpg,1195,429
p12,day05/0398.jpg,684,489
p12,day05/0399.jpg,1059,496
p12,day05/0400.jpg,998,331
p12,day05/0401.jpg,1137,282
p12,day05/0402.jpg,328,361
p12,day05/0403.jpg,537,677
p12,day05/0404.jpg,1077,625
p12,day05/0405.jpg,830,656
p12,day05/0406.jpg,942,477
p12,day05/0407.jpg,366,129
p12,day05/0408.jpg,977,279
p12,day05/0409.jpg,1067,133
p12,day05/0410.jpg,443,537
p12,day05/0411.jpg,634,498
p12,day05/0412.jpg,894,614
p12,day05/0413.jpg,1193,128
p12,day05/0414.jpg,1160,595
p12,day05/0415.jpg,824,142
p12,day05/0416.jpg,699,107
p12,day05/0417.jpg,735,430
p12,day05/0418.jpg,671,325
p12,day05/0419.jpg,1037,463
p12,day05/0420.jpg,815,42
p12,day05/0421.jpg,1268,475
p12,day05/0422.jpg,1149,225
p12,day05/0423.jpg,998,62
p12,day05/0424.jpg,613,426
p12,day05/0425.jpg,166,161
p12,day05/0426.jpg,394,516
p12,day05/0427.jpg,543,420
p12,day05/0428.jpg,691,593
p12,day06/0001.jpg,681,550
p12,day06/0002.jpg,618,680
p12,day06/0003.jpg,199,43
p12,day06/0005.jpg,1252,410
p12,day06/0006.jpg,268,797
p12,day06/0007.jpg,851,59
p12,day06/0008.jpg,882,232
p12,day06/0009.jpg,912,193
p12,day06/0010.jpg,247,679
p12,day06/0011.jpg,128,171
p12,day06/0012.jpg,0,470
p12,day06/0013.jpg,1134,132
p12,day06/0014.jpg,1246,663
p12,day06/0015.jpg,1000,324
p12,day06/0016.jpg,354,616
p12,day06/0017.jpg,943,192
p12,day06/0018.jpg,743,95
p12,day06/0019.jpg,345,454
p12,day06/0020.jpg,616,307
p12,day07/0001.jpg,695,32
p12,day07/0002.jpg,997,314
p12,day07/0003.jpg,984,223
p12,day07/0004.jpg,1085,718
p12,day07/0005.jpg,56,445
p12,day07/0006.jpg,9,788
p12,day07/0007.jpg,386,275
p12,day07/0008.jpg,178,165
p12,day07/0009.jpg,698,410
p12,day07/0010.jpg,1004,288
p12,day07/0011.jpg,105,516
p12,day07/0012.jpg,1257,526
p12,day07/0013.jpg,525,329
p12,day07/0014.jpg,800,122
p12,day07/0015.jpg,66,215
p12,day07/0016.jpg,1214,596
p12,day07/0017.jpg,14,502
p12,day07/0018.jpg,193,786
p12,day07/0019.jpg,1118,484
p12,day07/0020.jpg,359,592
p12,day07/0021.jpg,1224,140
p12,day07/0022.jpg,1085,681
p12,day07/0023.jpg,959,580
p12,day07/0024.jpg,836,504
p12,day07/0025.jpg,837,180
p12,day07/0026.jpg,553,151
p12,day07/0027.jpg,624,568
p12,day07/0028.jpg,1082,332
p12,day07/0029.jpg,142,438
p12,day07/0030.jpg,268,631
p12,day07/0031.jpg,576,791
p12,day07/0032.jpg,33,11
p12,day07/0033.jpg,1176,753
p12,day07/0034.jpg,200,507
p12,day07/0035.jpg,775,622
p12,day07/0036.jpg,1210,447
p12,day07/0037.jpg,688,794
p12,day07/0038.jpg,331,173
p12,day07/0039.jpg,541,104
p12,day07/0040.jpg,1118,640
p12,day07/0041.jpg,751,401
p12,day07/0042.jpg,123,441
p12,day07/0043.jpg,1175,505
p12,day07/0044.jpg,570,457
p12,day07/0045.jpg,955,249
p12,day07/0046.jpg,951,665
p12,day07/0047.jpg,785,656
p12,day07/0048.jpg,979,492
p12,day07/0049.jpg,666,502
p12,day07/0050.jpg,763,193
p12,day07/0051.jpg,583,36
p12,day07/0052.jpg,15,120
p12,day07/0053.jpg,1006,565
p12,day07/0054.jpg,922,54
p12,day07/0055.jpg,539,730
p12,day07/0056.jpg,1184,331
p12,day07/0057.jpg,1157,256
p12,day07/0058.jpg,805,218
p12,day07/0059.jpg,892,303
p12,day07/0060.jpg,128,753
p13,day01/0001.jpg,951,104
p13,day01/0002.jpg,213,534
p13,day01/0003.jpg,1172,157
p13,day01/0004.jpg,140,460
p13,day01/0005.jpg,58,377
p13,day01/0006.jpg,701,684
p13,day01/0007.jpg,192,397
p13,day01/0008.jpg,1266,338
p13,day01/0009.jpg,166,39
p13,day01/0010.jpg,1062,569
p13,day01/0011.jpg,910,348
p13,day01/0012.jpg,1045,674
p13,day01/0013.jpg,205,84
p13,day01/0014.jpg,700,481
p13,day01/0015.jpg,838,73
p13,day01/0016.jpg,704,169
p13,day01/0017.jpg,369,286
p13,day01/0018.jpg,1168,557
p13,day01/0019.jpg,928,468
p13,day01/0020.jpg,876,39
p13,day01/0021.jpg,978,50
p13,day01/0022.jpg,296,41
p13,day01/0023.jpg,1116,144
p13,day01/0024.jpg,993,228
p13,day01/0025.jpg,203,384
p13,day01/0026.jpg,1069,609
p13,day01/0027.jpg,791,762
p13,day01/0028.jpg,1005,606
p13,day01/0029.jpg,908,538
p13,day01/0030.jpg,244,176
p13,day01/0031.jpg,20,498
p13,day01/0032.jpg,261,534
p13,day01/0033.jpg,412,390
p13,day01/0034.jpg,1085,466
p13,day01/0035.jpg,1099,26
p13,day01/0036.jpg,516,383
p13,day01/0037.jpg,90,712
p13,day01/0038.jpg,848,43
p13,day01/0039.jpg,1104,111
p13,day01/0040.jpg,554,22
p13,day01/0041.jpg,1260,588
p13,day01/0042.jpg,769,145
p13,day01/0043.jpg,142,284
p13,day01/0044.jpg,824,620
p13,day01/0045.jpg,1259,111
p13,day01/0046.jpg,687,223
p13,day01/0047.jpg,1167,754
p13,day01/0048.jpg,548,226
p13,day01/0049.jpg,716,330
p13,day01/0050.jpg,244,31
p13,day01/0051.jpg,1169,411
p13,day01/0052.jpg,33,720
p13,day01/0053.jpg,689,12
p13,day01/0054.jpg,209,120
p13,day01/0055.jpg,582,560
p13,day01/0056.jpg,213,424
p13,day01/0057.jpg,397,32
p13,day01/0058.jpg,661,110
p13,day01/0059.jpg,1073,367
p13,day01/0060.jpg,838,712
p13,day01/0061.jpg,15,527
p13,day01/0062.jpg,715,699
p13,day01/0063.jpg,446,25
p13,day01/0064.jpg,1198,377
p13,day01/0065.jpg,918,215
p13,day01/0066.jpg,91,644
p13,day01/0067.jpg,536,591
p13,day01/0068.jpg,899,66
p13,day01/0069.jpg,157,695
p13,day01/0070.jpg,366,360
p13,day01/0071.jpg,75,365
p13,day01/0072.jpg,369,1
p13,day01/0073.jpg,100,153
p13,day01/0074.jpg,1189,154
p13,day01/0075.jpg,509,119
p13,day01/0076.jpg,985,513
p13,day01/0077.jpg,143,456
p13,day01/0078.jpg,427,487
p13,day01/0079.jpg,964,377
p13,day01/0080.jpg,482,290
p13,day01/0081.jpg,824,255
p13,day01/0082.jpg,640,692
p13,day01/0083.jpg,260,298
p13,day01/0084.jpg,1035,388
p13,day01/0085.jpg,1218,695
p13,day01/0086.jpg,845,508
p13,day01/0087.jpg,844,673
p13,day01/0088.jpg,1032,443
p13,day01/0089.jpg,1232,648
p13,day01/0090.jpg,245,383
p13,day01/0091.jpg,767,325
p13,day01/0092.jpg,1217,524
p13,day01/0093.jpg,358,538
p13,day01/0094.jpg,167,420
p13,day01/0095.jpg,738,767
p13,day01/0096.jpg,1210,349
p13,day01/0097.jpg,8,660
p13,day01/0098.jpg,873,566
p13,day01/0099.jpg,1161,413
p13,day01/0100.jpg,976,462
p13,day01/0101.jpg,795,261
p13,day01/0102.jpg,1014,549
p13,day01/0103.jpg,212,123
p13,day01/0104.jpg,586,493
p13,day01/0105.jpg,350,622
p13,day01/0106.jpg,452,465
p13,day01/0107.jpg,515,505
p13,day01/0108.jpg,218,182
p13,day01/0109.jpg,858,709
p13,day01/0110.jpg,10,556
p13,day01/0111.jpg,1176,182
p13,day01/0112.jpg,614,68
p13,day01/0113.jpg,622,25
p13,day01/0114.jpg,1025,230
p13,day01/0115.jpg,1107,325
p13,day01/0116.jpg,1270,192
p13,day01/0117.jpg,339,286
p13,day01/0118.jpg,436,37
p13,day01/0119.jpg,746,430
p13,day01/0120.jpg,1142,542
p13,day01/0121.jpg,1019,573
p13,day01/0122.jpg,334,478
p13,day01/0123.jpg,858,400
p13,day01/0124.jpg,736,242
p13,day01/0125.jpg,47,758
p13,day01/0126.jpg,594,771
p13,day01/0127.jpg,234,712
p13,day01/0128.jpg,351,492
p13,day01/0129.jpg,453,406
p13,day01/0130.jpg,16,223
p13,day01/0131.jpg,269,340
p13,day01/0132.jpg,193,467
p13,day01/0133.jpg,404,721
p13,day01/0134.jpg,1154,67
p13,day01/0135.jpg,1006,488
p13,day01/0136.jpg,100,41
p13,day01/0137.jpg,639,31
p13,day01/0138.jpg,773,744
p13,day01/0139.jpg,580,368
p13,day01/0140.jpg,253,663
p13,day01/0141.jpg,353,271
p13,day01/0142.jpg,1214,587
p13,day01/0143.jpg,1025,755
p13,day01/0144.jpg,354,791
p13,day01/0145.jpg,187,187
p13,day01/0146.jpg,1144,798
p13,day01/0147.jpg,623,566
p13,day01/0148.jpg,594,394
p13,day01/0149.jpg,731,558
p13,day01/0150.jpg,883,85
p13,day01/0151.jpg,502,269
p13,day01/0152.jpg,1259,740
p13,day01/0153.jpg,1149,572
p13,day01/0154.jpg,1245,387
p13,day01/0155.jpg,320,616
p13,day01/0156.jpg,886,569
p13,day01/0157.jpg,330,363
p13,day01/0158.jpg,52,351
p13,day01/0159.jpg,0,125
p13,day01/0160.jpg,638,669
p13,day01/0161.jpg,1041,690
p13,day01/0162.jpg,700,57
p13,day01/0163.jpg,445,536
p13,day01/0164.jpg,1020,381
p13,day01/0165.jpg,656,470
p13,day01/0166.jpg,344,548
p13,day01/0167.jpg,844,741
p13,day01/0168.jpg,1270,130
p13,day01/0169.jpg,1057,783
p13,day01/0170.jpg,134,617
p13,day01/0171.jpg,695,723
p13,day01/0172.jpg,698,545
p13,day01/0173.jpg,483,373
p13,day01/0174.jpg,667,440
p13,day01/0175.jpg,870,534
p13,day01/0176.jpg,930,66
p13,day01/0177.jpg,295,444
p13,day01/0178.jpg,624,689
p13,day01/0179.jpg,225,157
p13,day02/0001.jpg,161,141
p13,day02/0002.jpg,844,177
p13,day02/0003.jpg,94,383
p13,day02/0004.jpg,898,763
p13,day02/0005.jpg,1049,80
p13,day02/0006.jpg,1147,458
p13,day02/0007.jpg,932,576
p13,day02/0008.jpg,243,544
p13,day02/0009.jpg,1100,484
p13,day02/0010.jpg,440,479
p13,day02/0011.jpg,1044,464
p13,day02/0012.jpg,832,194
p13,day02/0013.jpg,903,469
p13,day02/0014.jpg,1257,140
p13,day02/0015.jpg,1132,602
p13,day02/0016.jpg,130,165
p13,day02/0017.jpg,105,474
p13,day02/0018.jpg,1092,144
p13,day02/0019.jpg,1167,151
p13,day02/0020.jpg,1267,149
p13,day02/0021.jpg,1216,680
p13,day02/0022.jpg,1077,581
p13,day02/0023.jpg,930,121
p13,day02/0024.jpg,1180,177
p13,day02/0025.jpg,509,433
p13,day02/0026.jpg,855,170
p13,day02/0027.jpg,1080,469
p13,day02/0028.jpg,788,377
p13,day02/0029.jpg,333,552
p13,day02/0030.jpg,76,575
p13,day02/0031.jpg,288,734
p13,day02/0032.jpg,314,362
p13,day02/0033.jpg,290,572
p13,day02/0034.jpg,519,720
p13,day02/0035.jpg,1034,433
p13,day02/0036.jpg,1202,368
p13,day02/0037.jpg,776,146
p13,day02/0038.jpg,253,298
p13,day02/0039.jpg,42,687
p13,day02/0040.jpg,512,679
p13,day02/0041.jpg,499,314
p13,day02/0042.jpg,395,543
p13,day02/0043.jpg,641,755
p13,day02/0044.jpg,407,312
p13,day02/0045.jpg,217,568
p13,day02/0046.jpg,660,341
p13,day02/0047.jpg,1152,667
p13,day02/0048.jpg,1075,183
p13,day02/0049.jpg,365,110
p13,day02/0050.jpg,630,731
p13,day02/0051.jpg,357,291
p13,day02/0052.jpg,1048,602
p13,day02/0053.jpg,986,538
p13,day02/0054.jpg,362,304
p13,day02/0055.jpg,1207,611
p13,day02/0056.jpg,1103,622
p13,day02/0057.jpg,316,413
p13,day02/0058.jpg,221,166
p13,day02/0059.jpg,368,438
p13,day02/0060.jpg,465,446
p13,day02/0061.jpg,692,574
p13,day02/0062.jpg,693,184
p13,day02/0063.jpg,379,462
p13,day02/0064.jpg,1256,542
p13,day02/0065.jpg,415,8
p13,day02/0066.jpg,579,777
p13,day02/0067.jpg,974,529
p13,day02/0068.jpg,987,761
p13,day02/0069.jpg,715,627
p13,day02/0070.jpg,660,436
p13,day02/0071.jpg,612,255
p13,day02/0072.jpg,988,69
p13,day02/0073.jpg,315,584
p13,day02/0074.jpg,250,114
p13,day02/0075.jpg,576,289
p13,day02/0076.jpg,565,40
p13,day02/0077.jpg,1011,453
p13,day02/0078.jpg,395,456
p13,day02/0079.jpg,705,122
p13,day02/0080.jpg,58,595
p13,day03/0001.jpg,670,17
p13,day03/0002.jpg,2,187
p13,day03/0003.jpg,94,83
p13,day03/0004.jpg,296,70
p13,day03/0005.jpg,624,630
p13,day03/0006.jpg,938,362
p13,day03/0007.jpg,306,559
p13,day03/0008.jpg,764,119
p13,day03/0009.jpg,527,262
p13,day03/0010.jpg,322,583
p13,day03/0011.jpg,999,518
p13,day03/0012.jpg,654,207
p13,day03/0013.jpg,1020,263
p13,day03/0014.jpg,95,766
p13,day03/0015.jpg,1073,745
p13,day03/0016.jpg,269,267
p13,day03/0017.jpg,1259,648
p13,day03/0018.jpg,76,231
p13,day03/0019.jpg,497,509
p13,day03/0020.jpg,564,753
p13,day03/0021.jpg,740,87
p13,day03/0022.jpg,1144,82
p13,day03/0023.jpg,911,464
p13,day03/0024.jpg,680,106
p13,day03/0025.jpg,1246,484
p13,day03/0026.jpg,1195,53
p13,day03/0027.jpg,1232,368
p13,day03/0028.jpg,787,177
p13,day03/0029.jpg,885,217
p13,day03/0030.jpg,938,543
p13,day03/0031.jpg,319,330
p13,day03/0032.jpg,349,84
p13,day03/0033.jpg,111,649
p13,day03/0034.jpg,1063,678
p13,day03/0035.jpg,1231,753
p13,day03/0036.jpg,573,419
p13,day03/0037.jpg,1139,556
p13,day03/0038.jpg,904,145
p13,day03/0039.jpg,384,2
p13,day03/0040.jpg,1114,791
p13,day03/0041.jpg,767,33
p13,day03/0042.jpg,1227,389
p13,day03/0043.jpg,342,451
p13,day03/0044.jpg,253,321
p13,day03/0045.jpg,111,491
p13,day03/0046.jpg,584,703
p13,day03/0047.jpg,62,580
p13,day03/0048.jpg,1079,154
p13,day03/0049.jpg,1211,337
p13,day03/0050.jpg,784,512
p13,day03/0051.jpg,933,158
p13,day03/0052.jpg,604,261
p13,day03/0053.jpg,167,299
p13,day03/0054.jpg,775,234
p13,day03/0055.jpg,198,346
p13,day03/0056.jpg,201,276
p13,day03/0057.jpg,6,206
p13,day03/0058.jpg,339,653
p13,day03/0059.jpg,304,377
p13,day03/0060.jpg,62,63
p13,day03/0061.jpg,975,57
p13,day03/0062.jpg,113,169
p13,day03/0063.jpg,1114,412
p13,day03/0064.jpg,917,32
p13,day03/0065.jpg,1002,245
p13,day03/0066.jpg,1029,303
p13,day03/0067.jpg,472,161
p13,day03/0068.jpg,928,211
p13,day03/0069.jpg,1110,91
p13,day03/0070.jpg,416,181
p13,day03/0071.jpg,793,334
p13,day03/0072.jpg,922,55
p13,day03/0073.jpg,494,600
p13,day03/0074.jpg,987,172
p13,day03/0075.jpg,615,424
p13,day03/0076.jpg,806,98
p13,day03/0077.jpg,829,113
p13,day03/0078.jpg,352,84
p13,day03/0079.jpg,1101,127
p13,day03/0080.jpg,349,720
p13,day03/0081.jpg,886,563
p13,day03/0082.jpg,1027,589
p13,day03/0083.jpg,1200,324
p13,day03/0084.jpg,279,398
p13,day03/0085.jpg,358,237
p13,day03/0086.jpg,1036,192
p13,day03/0087.jpg,459,634
p13,day03/0088.jpg,692,775
p13,day03/0089.jpg,1033,9
p13,day03/0090.jpg,1125,548
p13,day03/0091.jpg,272,171
p13,day03/0092.jpg,503,95
p13,day03/0093.jpg,984,122
p13,day03/0094.jpg,1119,689
p13,day03/0095.jpg,608,298
p13,day03/0096.jpg,1101,536
p13,day03/0097.jpg,168,33
p13,day03/0098.jpg,1078,789
p13,day03/0099.jpg,689,384
p13,day03/0100.jpg,600,529
p13,day03/0101.jpg,563,745
p13,day03/0102.jpg,866,641
p13,day03/0103.jpg,1126,618
p13,day03/0104.jpg,648,681
p13,day03/0105.jpg,1257,134
p13,day03/0106.jpg,322,753
p13,day03/0107.jpg,556,208
p13,day03/0108.jpg,1209,284
p13,day03/0109.jpg,254,351
p13,day03/0110.jpg,368,287
p13,day03/0111.jpg,234,66
p13,day03/0112.jpg,1053,729
p13,day03/0113.jpg,794,628
p13,day03/0114.jpg,805,258
p13,day03/0115.jpg,1043,665
p13,day03/0116.jpg,1187,321
p13,day03/0117.jpg,882,746
p13,day03/0118.jpg,940,204
p13,day03/0119.jpg,701,364
p13,day03/0120.jpg,784,20
p13,day03/0121.jpg,260,560
p13,day03/0122.jpg,657,644
p13,day04/0001.jpg,658,189
p13,day04/0002.jpg,424,186
p13,day04/0003.jpg,159,734
p13,day04/0004.jpg,824,787
p13,day04/0005.jpg,819,272
p13,day04/0006.jpg,1038,392
p13,day04/0007.jpg,928,795
p13,day04/0008.jpg,1030,636
p13,day04/0009.jpg,862,261
p13,day04/0010.jpg,101,563
p13,day04/0011.jpg,56,240
p13,day04/0012.jpg,972,454
p13,day04/0013.jpg,606,536
p13,day04/0014.jpg,982,117
p13,day04/0015.jpg,358,236
p13,day04/0016.jpg,262,456
p13,day04/0017.jpg,946,797
p13,day04/0018.jpg,1271,109
p13,day04/0019.jpg,1232,198
p13,day04/0020.jpg,74,574
p13,day04/0021.jpg,1001,161
p13,day04/0022.jpg,108,733
p13,day04/0023.jpg,1092,288
p13,day04/0024.jpg,1253,396
p13,day04/0025.jpg,160,155
p13,day04/0026.jpg,927,769
p13,day04/0027.jpg,546,409
p13,day04/0028.jpg,126,628
p13,day04/0029.jpg,405,681
p13,day04/0030.jpg,1189,355
p13,day04/0031.jpg,56,95
p13,day04/0032.jpg,841,367
p13,day04/0033.jpg,378,722
p13,day04/0034.jpg,1259,539
p13,day04/0035.jpg,1275,690
p13,day04/0036.jpg,512,190
p13,day04/0037.jpg,130,38
p13,day04/0038.jpg,298,676
p13,day04/0039.jpg,1045,265
p13,day04/0040.jpg,43,30
p13,day04/0041.jpg,118,93
p13,day04/0042.jpg,1246,4
p13,day04/0043.jpg,917,9
p13,day04/0044.jpg,850,349
p13,day04/0045.jpg,1210,220
p13,day04/0046.jpg,703,157
p13,day04/0047.jpg,1049,571
p13,day04/0048.jpg,63,19
p13,day04/0049.jpg,1092,81
p13,day04/0050.jpg,297,682
p13,day04/0051.jpg,179,594
p13,day04/0052.jpg,512,440
p13,day04/0053.jpg,254,278
p13,day04/0054.jpg,1151,756
p13,day04/0055.jpg,23,476
p13,day04/0056.jpg,798,270
p13,day04/0057.jpg,1135,192
p13,day04/0058.jpg,1172,208
p13,day04/0059.jpg,344,547
p13,day04/0060.jpg,732,696
p13,day05/0001.jpg,163,275
p13,day05/0002.jpg,314,701
p13,day05/0003.jpg,802,585
p13,day05/0004.jpg,280,371
p13,day05/0005.jpg,501,263
p13,day05/0006.jpg,129,208
p13,day05/0007.jpg,46,668
p13,day05/0008.jpg,262,144
p13,day05/0009.jpg,946,734
p13,day05/0010.jpg,30,105
p13,day05/0011.jpg,768,682
p13,day05/0012.jpg,1072,254
p13,day05/0013.jpg,1181,384
p13,day05/0014.jpg,303,359
p13,day05/0015.jpg,1265,167
p13,day05/0016.jpg,393,666
p13,day05/0017.jpg,978,312
p13,day05/0018.jpg,1218,697
p13,day05/0019.jpg,1134,568
p13,day05/0020.jpg,310,30
p13,day05/0021.jpg,603,592
p13,day05/0022.jpg,896,37
p13,day05/0023.jpg,256,540
p13,day05/0024.jpg,1112,224
p13,day05/0025.jpg,684,633
p13,day05/0026.jpg,923,477
p13,day05/0027.jpg,614,670
p13,day05/0028.jpg,450,626
p13,day05/0029.jpg,268,387
p13,day05/0030.jpg,1046,785
p13,day05/0031.jpg,853,327
p13,day05/0032.jpg,370,133
p13,day05/0033.jpg,361,286
p13,day05/0034.jpg,1011,691
p13,day05/0035.jpg,1070,226
p13,day05/0036.jpg,144,678
p13,day05/0037.jpg,356,749
p13,day05/0038.jpg,542,408
p13,day05/0039.jpg,1084,698
p13,day05/0040.jpg,533,598
p13,day05/0041.jpg,556,174
p13,day05/0042.jpg,1228,61
p13,day05/0043.jpg,89,606
p13,day05/0044.jpg,440,752
p13,day05/0045.jpg,631,528
p13,day05/0046.jpg,1135,744
p13,day05/0047.jpg,981,156
p13,day05/0048.jpg,786,683
p13,day05/0049.jpg,376,37
p13,day05/0050.jpg,1003,264
p13,day05/0051.jpg,905,689
p13,day05/0052.jpg,1061,717
p13,day05/0053.jpg,889,223
p13,day05/0054.jpg,403,325
p13,day05/0055.jpg,733,777
p13,day05/0056.jpg,479,614
p13,day05/0057.jpg,1002,351
p13,day05/0058.jpg,237,473
p13,day05/0059.jpg,194,53
p13,day05/0060.jpg,1017,66
p13,day05/0061.jpg,433,399
p13,day05/0062.jpg,153,96
p13,day05/0063.jpg,384,421
p13,day05/0064.jpg,881,286
p13,day05/0065.jpg,900,54
p13,day05/0066.jpg,563,785
p13,day05/0067.jpg,749,562
p13,day05/0068.jpg,269,360
p13,day05/0069.jpg,1057,139
p13,day05/0070.jpg,345,486
p13,day05/0071.jpg,1093,282
p13,day05/0072.jpg,884,37
p13,day05/0073.jpg,728,475
p13,day05/0074.jpg,365,730
p13,day05/0075.jpg,98,221
p13,day05/0076.jpg,708,415
p13,day05/0077.jpg,486,448
p13,day05/0078.jpg,758,177
p13,day05/0079.jpg,260,123
p13,day05/0080.jpg,320,214
p13,day05/0081.jpg,1237,510
p13,day05/0082.jpg,1212,442
p13,day05/0083.jpg,82,8
p13,day05/0084.jpg,465,43
p13,day05/0085.jpg,977,583
p13,day05/0086.jpg,712,192
p13,day05/0087.jpg,347,555
p13,day05/0088.jpg,1262,733
p13,day05/0089.jpg,1218,643
p13,day05/0090.jpg,125,780
p13,day05/0091.jpg,34,406
p13,day05/0092.jpg,152,550
p13,day05/0093.jpg,997,553
p13,day05/0094.jpg,166,693
p13,day05/0095.jpg,538,593
p13,day05/0096.jpg,1103,700
p13,day05/0097.jpg,524,751
p13,day05/0098.jpg,321,5
p13,day05/0099.jpg,787,589
p13,day05/0100.jpg,162,546
p13,day05/0101.jpg,185,209
p13,day05/0102.jpg,673,102
p13,day05/0103.jpg,175,489
p13,day05/0104.jpg,1011,392
p13,day05/0105.jpg,1244,731
p13,day05/0106.jpg,923,435
p13,day05/0107.jpg,90,707
p13,day05/0108.jpg,886,159
p13,day05/0109.jpg,804,691
p13,day05/0110.jpg,401,678
p13,day05/0111.jpg,913,209
p13,day05/0112.jpg,217,721
p13,day05/0113.jpg,652,64
p13,day05/0114.jpg,276,651
p13,day05/0115.jpg,1196,280
p13,day05/0116.jpg,386,226
p13,day05/0117.jpg,823,162
p13,day05/0118.jpg,104,299
p13,day05/0119.jpg,148,139
p13,day05/0120.jpg,94,189
p13,day05/0121.jpg,867,613
p13,day05/0122.jpg,345,613
p13,day05/0123.jpg,470,675
p13,day05/0124.jpg,351,713
p13,day05/0125.jpg,962,643
p13,day05/0126.jpg,589,719
p13,day05/0127.jpg,384,646
p13,day05/0128.jpg,974,435
p13,day05/0129.jpg,452,564
p13,day05/0130.jpg,712,677
p13,day05/0131.jpg,935,577
p13,day05/0132.jpg,102,279
p13,day05/0133.jpg,1190,572
p13,day05/0134.jpg,28,495
p13,day05/0135.jpg,489,642
p13,day05/0136.jpg,339,348
p13,day05/0137.jpg,1233,279
p13,day05/0138.jpg,928,771
p13,day05/0139.jpg,458,592
p13,day05/0140.jpg,453,290
p13,day05/0141.jpg,768,331
p13,day05/0142.jpg,1193,205
p13,day05/0143.jpg,442,478
p13,day05/0144.jpg,417,242
p13,day05/0145.jpg,9,704
p13,day05/0146.jpg,720,769
p13,day05/0147.jpg,1054,461
p13,day05/0148.jpg,721,172
p13,day05/0149.jpg,998,505
p13,day05/0150.jpg,987,313
p13,day05/0151.jpg,755,193
p13,day05/0152.jpg,860,766
p13,day05/0153.jpg,799,202
p13,day05/0154.jpg,162,289
p13,day05/0155.jpg,895,784
p13,day05/0156.jpg,303,195
p13,day05/0157.jpg,1106,760
p13,day05/0158.jpg,1177,161
p13,day05/0159.jpg,567,165
p13,day05/0160.jpg,715,698
p13,day05/0161.jpg,495,798
p13,day05/0162.jpg,45,114
p13,day05/0163.jpg,1083,618
p13,day05/0164.jpg,405,139
p13,day05/0165.jpg,163,712
p13,day05/0166.jpg,320,621
p13,day05/0167.jpg,348,155
p13,day05/0168.jpg,16,135
p13,day05/0169.jpg,362,94
p13,day05/0170.jpg,1084,395
p13,day05/0171.jpg,946,782
p13,day05/0172.jpg,32,571
p13,day05/0173.jpg,527,213
p13,day05/0174.jpg,1072,756
p13,day05/0175.jpg,819,113
p13,day05/0176.jpg,494,682
p13,day05/0177.jpg,754,373
p13,day05/0178.jpg,773,683
p13,day05/0179.jpg,913,646
p13,day05/0180.jpg,834,432
p13,day05/0181.jpg,377,581
p13,day05/0182.jpg,597,634
p13,day05/0183.jpg,802,292
p13,day05/0184.jpg,1031,767
p13,day05/0185.jpg,1006,511
p13,day05/0186.jpg,1222,511
p13,day05/0187.jpg,140,725
p13,day05/0188.jpg,352,755
p13,day05/0189.jpg,814,557
p13,day05/0190.jpg,892,781
p13,day05/0191.jpg,850,761
p13,day05/0192.jpg,307,273
p13,day05/0193.jpg,954,744
p13,day05/0194.jpg,576,173
p13,day05/0195.jpg,319,443
p13,day05/0196.jpg,1122,578
p13,day05/0197.jpg,762,490
p13,day05/0198.jpg,971,310
p13,day05/0199.jpg,523,618
p13,day05/0200.jpg,266,254
p13,day05/0201.jpg,395,597
p13,day05/0202.jpg,828,301
p13,day05/0203.jpg,811,30
p13,day05/0204.jpg,397,365
p13,day05/0205.jpg,978,121
p13,day05/0206.jpg,913,385
p13,day05/0207.jpg,608,696
p13,day05/0208.jpg,935,632
p13,day05/0209.jpg,54,494
p13,day05/0210.jpg,570,536
p13,day05/0211.jpg,475,753
p13,day05/0212.jpg,833,551
p13,day05/0213.jpg,262,263
p13,day05/0214.jpg,198,406
p13,day05/0215.jpg,804,288
p13,day05/0216.jpg,199,186
p13,day05/0217.jpg,15,637
p13,day05/0218.jpg,1182,148
p13,day05/0219.jpg,657,166
p13,day05/0220.jpg,266,548
p13,day05/0221.jpg,1154,778
p13,day05/0222.jpg,700,156
p13,day05/0223.jpg,319,331
p13,day05/0224.jpg,723,124
p13,day05/0225.jpg,960,712
p13,day05/0226.jpg,581,577
p13,day05/0227.jpg,386,366
p13,day05/0228.jpg,1057,101
p13,day05/0229.jpg,1152,126
p13,day05/0230.jpg,500,420
p13,day05/0231.jpg,1045,572
p13,day05/0232.jpg,735,735
p13,day05/0233.jpg,1136,224
p13,day05/0234.jpg,688,720
p13,day05/0235.jpg,1184,616
p13,day05/0236.jpg,964,526
p13,day05/0237.jpg,160,17
p13,day05/0238.jpg,790,412
p13,day05/0239.jpg,1102,785
p13,day05/0240.jpg,897,481
p13,day05/0241.jpg,834,655
p13,day05/0242.jpg,1253,722
p13,day05/0243.jpg,299,202
p13,day05/0244.jpg,575,638
p13,day05/0245.jpg,244,59
p13,day05/0246.jpg,380,238
p13,day05/0247.jpg,1246,288
p13,day05/0248.jpg,499,319
p13,day05/0249.jpg,21,22
p13,day05/0250.jpg,497,641
p13,day05/0251.jpg,317,618
p13,day05/0252.jpg,919,409
p13,day05/0253.jpg,133,417
p13,day05/0254.jpg,243,9
p13,day05/0255.jpg,1118,162
p13,day05/0256.jpg,451,303
p13,day05/0257.jpg,616,402
p13,day05/0258.jpg,1124,753
p13,day05/0259.jpg,439,191
p13,day05/0260.jpg,1221,626
p13,day05/0261.jpg,154,167
p13,day05/0262.jpg,1114,67
p13,day05/0263.jpg,1276,172
p13,day05/0264.jpg,136,284
p13,day05/0265.jpg,914,429
p13,day05/0266.jpg,851,349
p13,day05/0267.jpg,893,43
p13,day05/0268.jpg,1131,118
p13,day05/0269.jpg,1263,200
p13,day05/0270.jpg,630,560
p13,day05/0271.jpg,782,43
p13,day05/0272.jpg,802,221
p13,day05/0273.jpg,638,282
p13,day05/0274.jpg,683,315
p13,day05/0275.jpg,405,279
p13,day05/0276.jpg,1030,613
p13,day05/0277.jpg,1198,117
p13,day05/0278.jpg,142,640
p13,day05/0279.jpg,513,495
p13,day05/0280.jpg,552,632
p13,day05/0281.jpg,542,203
p13,day05/0282.jpg,613,538
p13,day05/0283.jpg,389,378
p13,day05/0284.jpg,20,348
p13,day05/0285.jpg,993,700
p13,day05/0286.jpg,151,41
p13,day05/0287.jpg,680,13
p13,day05/0288.jpg,767,416
p13,day05/0289.jpg,735,540
p13,day05/0290.jpg,860,95
p13,day05/0291.jpg,141,636
p13,day05/0292.jpg,447,552
p13,day05/0293.jpg,624,166
p13,day05/0294.jpg,885,69
p13,day05/0295.jpg,68,205
p13,day05/0296.jpg,593,478
p13,day05/0297.jpg,379,9
p13,day05/0298.jpg,1140,625
p13,day05/0299.jpg,577,432
p13,day05/0300.jpg,496,301
p13,day05/0301.jpg,792,314
p13,day05/0302.jpg,378,201
p13,day05/0303.jpg,1251,207
p13,day05/0304.jpg,496,227
p13,day05/0305.jpg,119,576
p13,day05/0306.jpg,205,363
p13,day05/0307.jpg,120,610
p13,day05/0308.jpg,799,781
p13,day05/0309.jpg,1243,354
p13,day05/0310.jpg,1185,692
p13,day05/0311.jpg,540,589
p13,day05/0312.jpg,833,159
p13,day05/0313.jpg,330,677
p13,day05/0314.jpg,1134,44
p13,day05/0315.jpg,807,403
p13,day05/0316.jpg,659,101
p13,day05/0317.jpg,161,387
p13,day05/0318.jpg,643,476
p13,day05/0319.jpg,334,649
p13,day05/0320.jpg,1211,308
p13,day05/0321.jpg,989,639
p13,day05/0322.jpg,893,525
p13,day05/0323.jpg,608,386
p13,day05/0324.jpg,839,305
p13,day05/0325.jpg,501,502
p13,day05/0326.jpg,75,502
p13,day05/0327.jpg,1199,271
p13,day05/0328.jpg,892,703
p13,day05/0329.jpg,685,572
p13,day05/0330.jpg,54,588
p13,day05/0331.jpg,537,10
p13,day05/0332.jpg,105,205
p13,day05/0333.jpg,1,798
p13,day05/0334.jpg,131,237
p13,day05/0335.jpg,362,492
p13,day05/0336.jpg,593,447
p13,day05/0337.jpg,140,292
p13,day05/0338.jpg,1058,87
p13,day05/0339.jpg,1149,146
p13,day05/0340.jpg,303,121
p13,day05/0341.jpg,710,288
p13,day05/0342.jpg,908,675
p13,day05/0343.jpg,457,716
p13,day05/0344.jpg,844,15
p13,day05/0345.jpg,899,575
p13,day05/0346.jpg,750,112
p13,day05/0347.jpg,332,258
p13,day05/0348.jpg,91,536
p13,day05/0349.jpg,1178,254
p13,day05/0350.jpg,405,771
p13,day05/0351.jpg,1144,617
p13,day05/0352.jpg,35,374
p13,day05/0353.jpg,635,81
p13,day05/0354.jpg,816,18
p13,day05/0355.jpg,791,536
p13,day05/0356.jpg,273,162
p13,day05/0357.jpg,88,184
p13,day05/0358.jpg,776,72
p13,day05/0359.jpg,1213,83
p13,day05/0360.jpg,1014,590
p13,day05/0361.jpg,960,399
p13,day05/0362.jpg,673,338
p13,day05/0363.jpg,39,545
p13,day05/0364.jpg,40,694
p13,day05/0365.jpg,792,451
p13,day05/0366.jpg,804,787
p13,day05/0367.jpg,1052,55
p13,day05/0368.jpg,636,101
p13,day05/0369.jpg,406,421
p13,day05/0370.jpg,730,121
p13,day05/0371.jpg,263,123
p13,day05/0372.jpg,421,334
p13,day05/0373.jpg,341,592
p13,day05/0374.jpg,1065,346
p13,day05/0375.jpg,763,734
p13,day05/0376.jpg,339,585
p13,day05/0377.jpg,217,601
p13,day05/0378.jpg,64,236
p13,day05/0379.jpg,663,227
p13,day05/0380.jpg,453,582
p13,day05/0381.jpg,1104,491
p13,day05/0382.jpg,658,76
p13,day05/0383.jpg,964,627
p13,day05/0384.jpg,1276,618
p13,day05/0385.jpg,896,427
p13,day05/0386.jpg,490,484
p13,day05/0387.jpg,697,380
p13,day05/0388.jpg,277,380
p13,day05/0389.jpg,575,243
p13,day05/0390.jpg,625,706
p13,day05/0391.jpg,603,404
p13,day05/0392.jpg,1181,361
p13,day05/0393.jpg,908,54
p13,day05/0394.jpg,1107,257
p13,day05/0395.jpg,1279,532
p13,day05/0396.jpg,80,87
p13,day05/0397.jpg,420,91
p13,day05/0398.jpg,1168,589
p13,day05/0399.jpg,21,369
p13,day05/0400.jpg,1173,400
p13,day05/0401.jpg,321,359
p13,day05/0402.jpg,852,696
p13,day05/0403.jpg,1278,353
p13,day05/0404.jpg,360,270
p13,day05/0405.jpg,496,41
p13,day05/0406.jpg,1137,302
p13,day05/0407.jpg,17,461
p13,day05/0408.jpg,852,459
p13,day05/0409.jpg,622,574
p13,day05/0410.jpg,411,65
p13,day05/0411.jpg,928,797
p13,day05/0412.jpg,880,597
p13,day05/0413.jpg,736,450
p13,day05/0414.jpg,842,400
p13,day05/0415.jpg,64,508
p13,day05/0416.jpg,657,129
p13,day05/0417.jpg,129,593
p13,day05/0418.jpg,122,508
p13,day05/0419.jpg,1279,237
p13,day05/0420.jpg,871,384
p13,day05/0421.jpg,298,265
p13,day05/0422.jpg,1037,633
p13,day05/0423.jpg,777,83
p13,day05/0424.jpg,703,297
p13,day05/0425.jpg,993,621
p13,day05/0426.jpg,1245,585
p13,day05/0427.jpg,967,71
p13,day05/0428.jpg,488,517
p13,day05/0429.jpg,1226,657
p13,day05/0430.jpg,635,10
p13,day05/0431.jpg,1058,427
p13,day05/0432.jpg,303,700
p13,day05/0433.jpg,305,659
p13,day05/0434.jpg,428,434
p13,day05/0435.jpg,403,40
p13,day05/0436.jpg,321,267
p13,day05/0437.jpg,265,624
p13,day05/0438.jpg,1192,171
p13,day05/0439.jpg,620,242
p13,day05/0440.jpg,66,51
p13,day05/0441.jpg,618,523
p13,day05/0442.jpg,1198,642
p13,day05/0443.jpg,4,106
p13,day05/0444.jpg,195,286
p13,day05/0445.jpg,112,40
p13,day05/0446.jpg,1270,229
p13,day05/0447.jpg,1166,564
p13,day05/0448.jpg,148,169
p13,day05/0449.jpg,417,105
p13,day05/0450.jpg,349,103
p13,day05/0451.jpg,598,317
p13,day05/0452.jpg,1116,760
p13,day05/0453.jpg,561,68
p13,day05/0454.jpg,306,554
p13,day06/0001.jpg,500,266
p13,day06/0002.jpg,674,511
p13,day06/0003.jpg,411,319
p13,day06/0004.jpg,279,444
p13,day06/0005.jpg,96,525
p13,day06/0006.jpg,350,695
p13,day06/0007.jpg,957,287
p13,day06/0008.jpg,628,171
p13,day06/0009.jpg,83,578
p13,day06/0010.jpg,605,152
p13,day06/0011.jpg,231,555
p13,day06/0012.jpg,101,272
p13,day06/0013.jpg,77,765
p13,day06/0014.jpg,980,714
p13,day06/0015.jpg,895,572
p13,day06/0016.jpg,654,310
p13,day06/0017.jpg,1083,737
p13,day06/0018.jpg,693,11
p13,day06/0019.jpg,905,422
p13,day06/0020.jpg,325,614
p13,day06/0021.jpg,266,748
p13,day06/0022.jpg,1141,781
p13,day06/0023.jpg,1056,404
p13,day06/0024.jpg,578,615
p13,day06/0025.jpg,1176,166
p13,day06/0026.jpg,305,21
p13,day06/0027.jpg,398,121
p13,day06/0028.jpg,535,309
p13,day06/0029.jpg,660,457
p13,day06/0030.jpg,69,736
p13,day06/0031.jpg,901,418
p13,day06/0032.jpg,951,644
p13,day06/0033.jpg,1202,727
p13,day06/0034.jpg,62,168
p13,day06/0035.jpg,1012,331
p13,day06/0036.jpg,880,311
p13,day06/0037.jpg,1001,469
p13,day06/0038.jpg,1131,346
p13,day06/0039.jpg,32,785
p13,day06/0040.jpg,503,543
p13,day06/0041.jpg,48,679
p13,day06/0042.jpg,644,632
p13,day06/0043.jpg,813,268
p13,day06/0044.jpg,13,622
p13,day06/0045.jpg,93,44
p13,day06/0046.jpg,820,345
p13,day06/0047.jpg,1035,653
p13,day06/0048.jpg,111,387
p13,day06/0049.jpg,275,383
p13,day06/0050.jpg,1219,522
p13,day06/0051.jpg,700,79
p13,day06/0052.jpg,1044,566
p13,day06/0053.jpg,644,145
p13,day06/0054.jpg,211,64
p13,day06/0055.jpg,496,199
p13,day06/0056.jpg,152,357
p13,day06/0057.jpg,672,143
p13,day06/0058.jpg,128,186
p13,day06/0059.jpg,867,74
p13,day06/0060.jpg,1204,89
p13,day07/0001.jpg,553,36
p13,day07/0002.jpg,1038,429
p13,day07/0003.jpg,886,475
p13,day07/0004.jpg,385,465
p13,day07/0005.jpg,907,198
p13,day07/0006.jpg,543,317
p13,day07/0007.jpg,555,45
p13,day07/0008.jpg,754,320
p13,day07/0009.jpg,883,169
p13,day07/0010.jpg,1025,619
p13,day07/0011.jpg,601,556
p13,day07/0012.jpg,136,712
p13,day07/0013.jpg,884,38
p13,day07/0014.jpg,898,538
p13,day07/0015.jpg,505,264
p13,day07/0016.jpg,1279,11
p13,day07/0017.jpg,1003,682
p13,day07/0018.jpg,444,316
p13,day07/0019.jpg,770,543
p13,day07/0020.jpg,1224,710
p13,day08/0001.jpg,796,243
p13,day08/0002.jpg,529,692
p13,day08/0003.jpg,784,604
p13,day08/0004.jpg,114,135
p13,day08/0005.jpg,452,194
p13,day08/0006.jpg,1235,160
p13,day08/0007.jpg,922,787
p13,day08/0008.jpg,84,48
p13,day08/0009.jpg,457,779
p13,day08/0010.jpg,175,677
p13,day08/0011.jpg,1235,674
p13,day08/0012.jpg,78,417
p13,day08/0013.jpg,332,244
p13,day08/0014.jpg,669,458
p13,day08/0015.jpg,293,253
p13,day08/0016.jpg,32,559
p13,day08/0017.jpg,1079,630
p13,day08/0018.jpg,1225,287
p13,day08/0019.jpg,333,67
p13,day08/0020.jpg,664,464
p13,day08/0021.jpg,1273,31
p13,day08/0022.jpg,563,611
p13,day08/0023.jpg,1240,673
p13,day08/0024.jpg,474,87
p13,day08/0025.jpg,332,189
p13,day08/0026.jpg,1047,21
p13,day08/0027.jpg,420,161
p13,day08/0028.jpg,229,667
p13,day08/0029.jpg,1181,702
p13,day08/0030.jpg,814,656
p13,day08/0031.jpg,791,272
p13,day08/0032.jpg,510,236
p13,day08/0033.jpg,696,487
p13,day08/0034.jpg,444,36
p13,day08/0035.jpg,948,73
p13,day08/0036.jpg,1005,258
p13,day08/0037.jpg,771,659
p13,day08/0038.jpg,1167,463
p13,day08/0039.jpg,1112,211
p13,day08/0040.jpg,922,460
p13,day08/0041.jpg,288,762
p13,day08/0042.jpg,66,462
p13,day08/0043.jpg,997,537
p13,day08/0044.jpg,1189,94
p13,day08/0045.jpg,529,67
p13,day08/0046.jpg,282,698
p13,day08/0047.jpg,290,340
p13,day08/0048.jpg,572,392
p13,day08/0049.jpg,283,628
p13,day08/0050.jpg,684,442
p13,day08/0051.jpg,590,733
p13,day08/0052.jpg,603,158
p13,day08/0053.jpg,138,705
p13,day08/0054.jpg,593,732
p13,day08/0055.jpg,945,294
p13,day08/0056.jpg,277,304
p13,day08/0057.jpg,442,333
p13,day08/0058.jpg,677,656
p13,day08/0059.jpg,667,747
p13,day08/0060.jpg,856,6
p13,day08/0061.jpg,481,731
p13,day08/0062.jpg,388,669
p13,day08/0063.jpg,1081,666
p13,day08/0064.jpg,1107,521
p13,day08/0065.jpg,909,59
p13,day08/0066.jpg,951,520
p13,day08/0067.jpg,1086,698
p13,day08/0068.jpg,608,291
p13,day08/0069.jpg,1012,504
p13,day08/0070.jpg,497,85
p13,day08/0071.jpg,288,385
p13,day08/0072.jpg,852,656
p13,day08/0073.jpg,370,191
p13,day08/0074.jpg,549,229
p13,day08/0075.jpg,132,716
p13,day08/0076.jpg,360,778
p13,day08/0077.jpg,1011,148
p13,day08/0078.jpg,1247,488
p13,day08/0079.jpg,106,496
p13,day08/0080.jpg,1014,228
p13,day08/0081.jpg,990,743
p13,day08/0082.jpg,720,140
p13,day08/0083.jpg,1093,138
p13,day08/0084.jpg,187,327
p13,day08/0085.jpg,985,401
p13,day08/0086.jpg,696,617
p13,day08/0087.jpg,990,233
p13,day08/0088.jpg,1132,45
p13,day08/0089.jpg,148,549
p13,day08/0090.jpg,965,391
p13,day08/0091.jpg,864,67
p13,day08/0092.jpg,962,497
p13,day08/0093.jpg,123,148
p13,day08/0094.jpg,149,597
p13,day08/0095.jpg,118,691
p13,day08/0096.jpg,697,237
p13,day08/0097.jpg,1169,384
p13,day08/0098.jpg,653,721
p13,day08/0099.jpg,914,645
p13,day08/0100.jpg,79,497
p13,day08/0101.jpg,912,245
p13,day08/0102.jpg,1259,351
p13,day08/0103.jpg,300,333
p13,day08/0104.jpg,812,56
p13,day08/0105.jpg,1203,80
p13,day08/0106.jpg,236,651
p13,day08/0107.jpg,914,631
p13,day08/0108.jpg,822,413
p13,day08/0109.jpg,687,648
p13,day08/0110.jpg,501,88
p13,day08/0111.jpg,323,786
p13,day08/0112.jpg,943,472
p13,day08/0113.jpg,691,327
p13,day08/0114.jpg,907,632
p13,day08/0115.jpg,847,80
p13,day08/0116.jpg,62,257
p13,day08/0117.jpg,449,38
p13,day08/0118.jpg,98,255
p13,day08/0119.jpg,221,347
p13,day08/0120.jpg,147,49
p13,day09/0001.jpg,751,391
p13,day09/0002.jpg,674,83
p13,day09/0003.jpg,218,549
p13,day09/0004.jpg,470,90
p13,day09/0005.jpg,1276,99
p13,day09/0006.jpg,497,506
p13,day09/0007.jpg,311,798
p13,day09/0008.jpg,667,422
p13,day09/0009.jpg,292,795
p13,day09/0010.jpg,718,645
p13,day09/0011.jpg,989,227
p13,day09/0012.jpg,885,727
p13,day09/0013.jpg,130,74
p13,day09/0014.jpg,766,641
p13,day09/0015.jpg,882,70
p13,day09/0016.jpg,1067,448
p13,day09/0017.jpg,957,372
p13,day09/0018.jpg,643,516
p13,day09/0019.jpg,129,312
p13,day09/0020.jpg,1169,726
p13,day09/0021.jpg,322,187
p13,day09/0022.jpg,1197,395
p13,day09/0023.jpg,950,184
p13,day09/0024.jpg,172,179
p13,day09/0025.jpg,446,539
p13,day09/0026.jpg,215,350
p13,day09/0027.jpg,559,669
p13,day09/0028.jpg,831,145
p13,day09/0029.jpg,361,132
p13,day09/0030.jpg,1274,729
p13,day09/0031.jpg,365,290
p13,day09/0032.jpg,101,50
p13,day09/0033.jpg,378,162
p13,day09/0034.jpg,672,352
p13,day09/0035.jpg,730,94
p13,day09/0036.jpg,1138,16
p13,day09/0037.jpg,126,780
p13,day09/0038.jpg,186,553
p13,day09/0039.jpg,1245,196
p13,day09/0040.jpg,1202,738
p13,day09/0041.jpg,1257,517
p13,day09/0042.jpg,297,655
p13,day09/0043.jpg,71,375
p13,day09/0044.jpg,772,280
p13,day09/0045.jpg,27,587
p13,day09/0046.jpg,1016,179
p13,day09/0047.jpg,659,281
p13,day09/0048.jpg,1056,443
p13,day09/0049.jpg,1186,596
p13,day09/0050.jpg,172,139
p13,day09/0051.jpg,876,676
p13,day09/0052.jpg,489,355
p13,day09/0053.jpg,1140,370
p13,day09/0054.jpg,950,373
p13,day09/0055.jpg,445,218
p13,day09/0056.jpg,593,365
p13,day09/0057.jpg,905,22
p13,day09/0058.jpg,849,345
p13,day09/0059.jpg,487,264
p13,day09/0060.jpg,841,107
p13,day10/0001.jpg,223,148
p13,day10/0002.jpg,945,554
p13,day10/0003.jpg,44,536
p13,day10/0004.jpg,94,302
p13,day10/0005.jpg,672,483
p13,day10/0006.jpg,1007,509
p13,day10/0007.jpg,733,337
p13,day10/0008.jpg,598,711
p13,day10/0009.jpg,534,650
p13,day10/0010.jpg,331,611
p13,day10/0011.jpg,335,746
p13,day10/0012.jpg,526,269
p13,day10/0013.jpg,550,483
p13,day10/0014.jpg,539,732
p13,day10/0015.jpg,1273,447
p13,day10/0016.jpg,433,515
p13,day10/0017.jpg,1156,163
p13,day10/0018.jpg,999,87
p13,day10/0019.jpg,559,777
p13,day10/0020.jpg,310,682
p13,day10/0021.jpg,637,131
p13,day10/0022.jpg,163,791
p13,day10/0023.jpg,245,687
p13,day10/0024.jpg,1241,791
p13,day10/0025.jpg,1054,466
p13,day10/0026.jpg,475,734
p13,day10/0027.jpg,645,120
p13,day10/0028.jpg,83,466
p13,day10/0029.jpg,117,376
p13,day10/0030.jpg,638,396
p13,day10/0031.jpg,186,108
p13,day10/0032.jpg,614,16
p13,day10/0033.jpg,1217,526
p13,day10/0034.jpg,538,407
p13,day10/0035.jpg,50,437
p13,day10/0036.jpg,182,315
p13,day10/0037.jpg,1207,713
p13,day10/0038.jpg,973,751
p13,day10/0039.jpg,1180,250
p13,day10/0040.jpg,493,243
p13,day10/0041.jpg,1193,783
p13,day10/0042.jpg,1198,111
p13,day10/0043.jpg,460,472
p13,day10/0044.jpg,290,555
p13,day10/0045.jpg,39,743
p13,day10/0046.jpg,221,352
p13,day10/0047.jpg,324,93
p13,day10/0048.jpg,1111,433
p13,day10/0049.jpg,1022,295
p13,day10/0050.jpg,106,348
p13,day10/0051.jpg,511,402
p13,day10/0052.jpg,1179,220
p13,day10/0053.jpg,900,0
p13,day10/0054.jpg,843,797
p13,day10/0055.jpg,511,456
p13,day10/0056.jpg,831,230
p13,day10/0057.jpg,295,65
p13,day10/0058.jpg,396,431
p13,day10/0059.jpg,875,378
p13,day10/0060.jpg,790,360
p13,day10/0061.jpg,1146,213
p13,day10/0062.jpg,510,775
p13,day10/0063.jpg,1052,149
p13,day10/0064.jpg,406,560
p13,day10/0065.jpg,1242,622
p13,day10/0066.jpg,906,532
p13,day10/0067.jpg,44,453
p13,day10/0068.jpg,106,778
p13,day10/0069.jpg,999,56
p13,day10/0070.jpg,244,67
p13,day10/0071.jpg,734,481
p13,day10/0072.jpg,1112,30
p13,day10/0073.jpg,95,232
p13,day10/0074.jpg,506,380
p13,day10/0075.jpg,830,522
p13,day10/0076.jpg,964,527
p13,day10/0077.jpg,1196,590
p13,day10/0078.jpg,493,274
p13,day10/0079.jpg,1255,227
p13,day10/0080.jpg,110,33
p13,day10/0081.jpg,699,526
p13,day10/0082.jpg,1277,649
p13,day10/0083.jpg,1160,667
p13,day10/0084.jpg,95,62
p13,day10/0085.jpg,649,455
p13,day10/0086.jpg,498,474
p13,day10/0087.jpg,395,103
p13,day10/0088.jpg,747,350
p13,day10/0089.jpg,553,706
p13,day10/0090.jpg,0,18
p13,day10/0091.jpg,1213,161
p13,day10/0092.jpg,680,355
p13,day10/0093.jpg,550,398
p13,day10/0094.jpg,269,747
p13,day10/0095.jpg,427,764
p13,day10/0096.jpg,1114,431
p13,day10/0097.jpg,615,371
p13,day10/0098.jpg,574,674
p13,day10/0099.jpg,188,547
p13,day10/0100.jpg,644,475
p13,day10/0101.jpg,731,734
p13,day10/0102.jpg,534,178
p13,day10/0103.jpg,174,218
p13,day10/0104.jpg,786,510
p13,day10/0105.jpg,495,586
p13,day10/0106.jpg,710,93
p13,day10/0107.jpg,875,497
p13,day10/0108.jpg,1203,361
p13,day10/0109.jpg,1062,288
p13,day10/0110.jpg,330,45
p13,day10/0111.jpg,413,435
p13,day10/0112.jpg,167,756
p13,day10/0113.jpg,240,524
p13,day10/0114.jpg,932,546
p13,day10/0115.jpg,1257,719
p13,day10/0116.jpg,397,644
p13,day10/0117.jpg,490,390
p13,day10/0118.jpg,343,702
p13,day10/0119.jpg,1074,776
p13,day10/0120.jpg,41,770
p13,day10/0121.jpg,976,190
p13,day10/0122.jpg,1054,697
p13,day10/0123.jpg,168,125
p13,day10/0124.jpg,1025,351
p13,day10/0125.jpg,48,432
p13,day10/0126.jpg,661,646
p13,day10/0127.jpg,175,642
p13,day10/0128.jpg,1175,180
p13,day10/0129.jpg,306,773
p13,day10/0130.jpg,1162,390
p13,day10/0131.jpg,814,646
p13,day10/0132.jpg,1192,255
p13,day10/0133.jpg,920,348
p13,day10/0134.jpg,1241,643
p13,day10/0135.jpg,720,329
p13,day10/0136.jpg,744,259
p13,day10/0137.jpg,1228,749
p13,day10/0138.jpg,1049,193
p13,day10/0139.jpg,924,617
p13,day10/0140.jpg,432,536
p13,day10/0141.jpg,1087,717
p13,day10/0142.jpg,411,147
p13,day10/0143.jpg,19,170
p13,day10/0144.jpg,539,751
p13,day10/0145.jpg,593,34
p13,day10/0146.jpg,1275,690
p13,day10/0147.jpg,982,749
p13,day10/0148.jpg,10,595
p13,day10/0149.jpg,628,490
p13,day10/0150.jpg,1230,214
p13,day10/0151.jpg,110,212
p13,day10/0152.jpg,230,744
p13,day10/0153.jpg,870,19
p13,day10/0154.jpg,1274,257
p13,day10/0155.jpg,963,321
p13,day10/0156.jpg,1279,296
p13,day10/0157.jpg,1173,780
p13,day10/0158.jpg,461,552
p13,day10/0159.jpg,484,345
p13,day10/0160.jpg,313,171
p13,day10/0161.jpg,653,107
p13,day10/0162.jpg,1212,10
p13,day10/0163.jpg,398,200
p13,day10/0164.jpg,1256,101
p13,day10/0165.jpg,615,52
p13,day10/0166.jpg,462,798
p13,day10/0167.jpg,364,512
p13,day10/0168.jpg,978,764
p13,day10/0169.jpg,574,687
p13,day10/0170.jpg,724,438
p13,day10/0171.jpg,7,295
p13,day10/0172.jpg,465,617
p13,day10/0173.jpg,401,467
p13,day10/0174.jpg,799,753
p13,day10/0175.jpg,870,230
p13,day10/0176.jpg,1117,523
p13,day10/0177.jpg,410,460
p13,day10/0178.jpg,674,591
p13,day10/0179.jpg,899,11
p13,day11/0001.jpg,556,722
p13,day11/0002.jpg,763,293
p13,day11/0003.jpg,116,93
p13,day11/0004.jpg,904,775
p13,day11/0005.jpg,976,299
p13,day11/0006.jpg,856,755
p13,day11/0007.jpg,935,438
p13,day11/0008.jpg,889,670
p13,day11/0009.jpg,16,192
p13,day11/0010.jpg,488,351
p13,day11/0011.jpg,706,643
p13,day11/0012.jpg,444,178
p13,day11/0013.jpg,143,400
p13,day11/0014.jpg,1043,246
p13,day11/0015.jpg,89,126
p13,day11/0016.jpg,350,323
p13,day11/0017.jpg,821,617
p13,day11/0018.jpg,808,680
p13,day11/0019.jpg,1127,309
p13,day11/0020.jpg,276,282
p13,day11/0021.jpg,154,523
p13,day11/0022.jpg,755,710
p13,day11/0023.jpg,902,370
p13,day11/0024.jpg,475,319
p13,day11/0025.jpg,909,316
p13,day11/0026.jpg,210,564
p13,day11/0027.jpg,968,503
p13,day11/0028.jpg,18,87
p13,day11/0029.jpg,826,551
p13,day11/0030.jpg,1212,547
p13,day11/0031.jpg,622,424
p13,day11/0032.jpg,193,453
p13,day11/0033.jpg,548,535
p13,day11/0034.jpg,1008,459
p13,day11/0035.jpg,290,269
p13,day11/0036.jpg,120,516
p13,day11/0037.jpg,59,58
p13,day11/0038.jpg,623,778
p13,day11/0039.jpg,1020,358
p13,day11/0040.jpg,69,82
p13,day11/0041.jpg,1196,771
p13,day11/0042.jpg,571,107
p13,day11/0043.jpg,104,174
p13,day11/0044.jpg,410,370
p13,day11/0045.jpg,752,743
p13,day11/0046.jpg,664,19
p13,day11/0047.jpg,648,733
p13,day11/0048.jpg,854,664
p13,day11/0049.jpg,50,267
p13,day11/0050.jpg,178,680
p13,day11/0051.jpg,716,120
p13,day11/0052.jpg,85,581
p13,day11/0053.jpg,928,30
p13,day11/0054.jpg,464,464
p13,day11/0055.jpg,537,454
p13,day11/0056.jpg,94,514
p13,day11/0057.jpg,19,759
p13,day11/0058.jpg,831,387
p13,day11/0059.jpg,46,114
p13,day11/0060.jpg,70,593
p13,day11/0061.jpg,560,482
p13,day11/0062.jpg,1218,23
p13,day11/0063.jpg,1185,593
p13,day11/0064.jpg,1167,47
p13,day11/0065.jpg,613,673
p13,day11/0066.jpg,1100,438
p13,day11/0067.jpg,873,276
p13,day11/0068.jpg,985,15
p13,day11/0069.jpg,366,213
p13,day11/0070.jpg,217,137
p13,day11/0071.jpg,896,26
p13,day11/0072.jpg,17,514
p13,day11/0073.jpg,270,552
p13,day11/0074.jpg,19,144
p13,day11/0075.jpg,1151,153
p13,day11/0076.jpg,272,705
p13,day11/0077.jpg,719,278
p13,day11/0078.jpg,769,340
p13,day11/0079.jpg,1092,620
p13,day11/0080.jpg,1214,43
p13,day11/0081.jpg,1193,118
p13,day11/0082.jpg,520,641
p13,day11/0083.jpg,1078,349
p13,day11/0084.jpg,648,431
p13,day11/0085.jpg,799,783
p13,day11/0086.jpg,874,699
p13,day11/0087.jpg,216,559
p13,day11/0088.jpg,790,778
p13,day11/0089.jpg,146,704
p13,day11/0090.jpg,1022,583
p13,day11/0091.jpg,9,710
p13,day11/0092.jpg,855,585
p13,day11/0093.jpg,345,193
p13,day11/0094.jpg,1141,446
p13,day11/0095.jpg,309,348
p13,day11/0096.jpg,533,367
p13,day11/0097.jpg,155,411
p13,day11/0098.jpg,129,540
p13,day11/0099.jpg,615,557
p13,day11/0100.jpg,15,168
p13,day11/0101.jpg,808,419
p13,day11/0102.jpg,719,367
p13,day11/0103.jpg,505,193
p13,day11/0104.jpg,302,46
p13,day11/0105.jpg,658,535
p13,day11/0106.jpg,368,129
p13,day11/0107.jpg,617,358
p13,day11/0108.jpg,370,778
p13,day11/0109.jpg,207,233
p13,day11/0110.jpg,611,799
p13,day11/0111.jpg,407,695
p13,day11/0112.jpg,173,378
p13,day11/0113.jpg,98,688
p13,day11/0114.jpg,165,51
p13,day11/0115.jpg,1043,236
p13,day11/0116.jpg,930,736
p13,day11/0117.jpg,1075,96
p13,day11/0118.jpg,844,275
p13,day11/0119.jpg,823,549
p13,day11/0120.jpg,298,174
p13,day11/0121.jpg,815,105
p13,day11/0122.jpg,297,440
p13,day11/0123.jpg,458,116
p13,day11/0124.jpg,13,674
p13,day11/0125.jpg,1106,230
p13,day11/0126.jpg,118,253
p13,day11/0127.jpg,75,270
p13,day11/0128.jpg,203,513
p13,day11/0129.jpg,154,445
p13,day11/0130.jpg,934,464
p13,day11/0131.jpg,516,422
p13,day11/0132.jpg,570,689
p13,day11/0133.jpg,820,410
p13,day11/0134.jpg,759,47
p13,day11/0135.jpg,1191,623
p13,day11/0136.jpg,1039,616
p13,day11/0137.jpg,522,676
p13,day11/0138.jpg,1055,600
p13,day11/0139.jpg,1028,654
p13,day11/0140.jpg,864,708
p13,day11/0141.jpg,700,438
p13,day11/0142.jpg,87,77
p13,day11/0143.jpg,1156,194
p13,day11/0144.jpg,1262,176
p13,day12/0001.jpg,796,4
p13,day12/0002.jpg,991,296
p13,day12/0003.jpg,1241,27
p13,day12/0004.jpg,558,643
p13,day12/0005.jpg,364,636
p13,day12/0006.jpg,326,353
p13,day12/0007.jpg,1021,262
p13,day12/0008.jpg,483,254
p13,day12/0009.jpg,642,398
p13,day12/0010.jpg,790,7
p13,day12/0011.jpg,510,394
p13,day12/0012.jpg,217,352
p13,day12/0013.jpg,232,412
p13,day12/0014.jpg,216,232
p13,day12/0015.jpg,1087,162
p13,day12/0016.jpg,900,323
p13,day12/0017.jpg,770,369
p13,day12/0018.jpg,1066,358
p13,day12/0019.jpg,1055,575
p13,day12/0020.jpg,1126,221
p14,day01/0001.jpg,122,641
p14,day01/0002.jpg,1326,450
p14,day01/0003.jpg,912,332
p14,day01/0004.jpg,39,716
p14,day01/0005.jpg,54,411
p14,day01/0006.jpg,945,219
p14,day01/0007.jpg,245,604
p14,day01/0008.jpg,203,515
p14,day01/0009.jpg,67,666
p14,day01/0010.jpg,367,546
p14,day01/0011.jpg,28,90
p14,day01/0012.jpg,359,840
p14,day01/0013.jpg,211,604
p14,day01/0014.jpg,1325,728
p14,day01/0015.jpg,203,658
p14,day01/0016.jpg,626,512
p14,day01/0017.jpg,1103,260
p14,day01/0018.jpg,1291,791
p14,day01/0019.jpg,1247,225
p14,day01/0020.jpg,1314,709
p14,day01/0021.jpg,1026,706
p14,day01/0022.jpg,292,328
p14,day01/0023.jpg,878,189
p14,day01/0024.jpg,1319,226
p14,day01/0025.jpg,653,398
p14,day01/0026.jpg,857,556
p14,day01/0027.jpg,8,182
p14,day01/0028.jpg,697,109
p14,day01/0029.jpg,1257,442
p14,day01/0030.jpg,576,444
p14,day01/0031.jpg,1061,214
p14,day01/0032.jpg,965,394
p14,day01/0033.jpg,1395,654
p14,day01/0034.jpg,1415,191
p14,day01/0035.jpg,792,172
p14,day01/0036.jpg,227,496
p14,day01/0037.jpg,1319,609
p14,day01/0038.jpg,78,811
p14,day01/0039.jpg,516,634
p14,day01/0040.jpg,595,308
p14,day01/0041.jpg,1186,729
p14,day01/0042.jpg,67,828
p14,day01/0043.jpg,368,523
p14,day01/0044.jpg,1335,425
p14,day01/0045.jpg,629,82
p14,day01/0046.jpg,1435,248
p14,day01/0047.jpg,497,65
p14,day01/0048.jpg,742,540
p14,day01/0049.jpg,1101,682
p14,day01/0050.jpg,295,455
p14,day01/0051.jpg,739,171
p14,day01/0052.jpg,822,627
p14,day01/0053.jpg,583,521
p14,day01/0054.jpg,674,318
p14,day01/0055.jpg,304,674
p14,day01/0056.jpg,217,591
p14,day01/0057.jpg,145,766
p14,day01/0058.jpg,263,665
p14,day01/0059.jpg,431,85
p14,day01/0060.jpg,278,39
p14,day01/0061.jpg,540,30
p14,day01/0062.jpg,1066,831
p14,day01/0063.jpg,253,608
p14,day01/0064.jpg,262,278
p14,day01/0065.jpg,379,395
p14,day01/0066.jpg,472,271
p14,day01/0067.jpg,720,695
p14,day01/0068.jpg,1316,400
p14,day01/0069.jpg,153,673
p14,day01/0070.jpg,106,151
p14,day01/0071.jpg,21,176
p14,day01/0072.jpg,634,68
p14,day01/0073.jpg,396,498
p14,day01/0074.jpg,547,607
p14,day01/0075.jpg,38,28
p14,day01/0076.jpg,944,438
p14,day01/0077.jpg,1151,568
p14,day01/0078.jpg,397,690
p14,day01/0079.jpg,656,437
p14,day01/0080.jpg,756,800
p14,day01/0081.jpg,284,515
p14,day01/0082.jpg,454,459
p14,day01/0083.jpg,449,867
p14,day01/0084.jpg,761,178
p14,day01/0085.jpg,260,196
p14,day01/0086.jpg,1239,378
p14,day01/0087.jpg,481,208
p14,day01/0088.jpg,249,599
p14,day01/0089.jpg,93,736
p14,day01/0090.jpg,832,138
p14,day01/0091.jpg,369,268
p14,day01/0092.jpg,103,688
p14,day01/0093.jpg,66,282
p14,day01/0094.jpg,1342,765
p14,day01/0095.jpg,693,785
p14,day01/0096.jpg,1042,118
p14,day01/0097.jpg,1277,163
p14,day01/0098.jpg,332,61
p14,day01/0099.jpg,42,884
p14,day01/0100.jpg,320,730
p14,day01/0101.jpg,1250,185
p14,day01/0102.jpg,743,803
p14,day01/0103.jpg,708,785
p14,day01/0104.jpg,1302,633
p14,day01/0105.jpg,670,344
p14,day01/0106.jpg,977,186
p14,day01/0107.jpg,1376,365
p14,day01/0108.jpg,634,104
p14,day01/0109.jpg,1420,800
p14,day01/0110.jpg,297,772
p14,day01/0111.jpg,303,691
p14,day01/0112.jpg,40,64
p14,day01/0113.jpg,1120,90
p14,day01/0114.jpg,850,213
p14,day01/0115.jpg,873,619
p14,day01/0116.jpg,1042,185
p14,day01/0117.jpg,535,223
p14,day01/0118.jpg,288,482
p14,day01/0119.jpg,1415,131
p14,day01/0120.jpg,267,657
p14,day01/0121.jpg,54,791
p14,day01/0122.jpg,221,849
p14,day01/0123.jpg,614,584
p14,day01/0124.jpg,447,877
p14,day01/0125.jpg,252,179
p14,day01/0126.jpg,375,519
p14,day01/0127.jpg,1317,46
p14,day01/0128.jpg,1277,190
p14,day01/0129.jpg,403,106
p14,day01/0130.jpg,630,354
p14,day01/0131.jpg,213,74
p14,day01/0132.jpg,1192,416
p14,day01/0133.jpg,429,861
p14,day01/0134.jpg,951,736
p14,day01/0135.jpg,1125,569
p14,day01/0136.jpg,21,675
p14,day01/0137.jpg,27,293
p14,day01/0138.jpg,300,271
p14,day01/0139.jpg,664,485
p14,day01/0140.jpg,1329,581
p14,day01/0141.jpg,790,628
p14,day01/0142.jpg,400,95
p14,day01/0143.jpg,500,130
p14,day01/0144.jpg,781,26
p14,day01/0145.jpg,62,399
p14,day01/0146.jpg,1130,482
p14,day01/0147.jpg,801,728
p14,day01/0148.jpg,505,472
p14,day01/0149.jpg,899,59
p14,day01/0150.jpg,82,247
p14,day01/0151.jpg,1126,665
p14,day01/0152.jpg,1297,244
p14,day01/0153.jpg,757,783
p14,day01/0154.jpg,113,386
p14,day01/0155.jpg,1173,70
p14,day01/0156.jpg,549,620
p14,day01/0157.jpg,397,519
p14,day01/0158.jpg,1174,61
p14,day01/0159.jpg,817,390
p14,day01/0160.jpg,531,65
p14,day01/0161.jpg,791,523
p14,day01/0162.jpg,935,492
p14,day01/0163.jpg,458,424
p14,day01/0164.jpg,190,680
p14,day01/0165.jpg,247,490
p14,day01/0166.jpg,152,444
p14,day01/0167.jpg,472,400
p14,day01/0168.jpg,207,465
p14,day01/0169.jpg,61,805
p14,day01/0170.jpg,14,205
p14,day01/0171.jpg,161,867
p14,day01/0172.jpg,494,121
p14,day01/0173.jpg,27,70
p14,day01/0174.jpg,918,604
p14,day01/0175.jpg,329,859
p14,day01/0176.jpg,189,888
p14,day01/0177.jpg,852,586
p14,day01/0178.jpg,301,803
p14,day01/0179.jpg,116,644
p14,day01/0180.jpg,59,412
p14,day01/0181.jpg,1096,389
p14,day01/0182.jpg,572,737
p14,day01/0183.jpg,1100,847
p14,day01/0184.jpg,718,608
p14,day01/0185.jpg,181,672
p14,day01/0186.jpg,697,380
p14,day01/0187.jpg,833,127
p14,day01/0188.jpg,1112,629
p14,day01/0189.jpg,610,228
p14,day01/0190.jpg,553,104
p14,day01/0191.jpg,855,390
p14,day01/0192.jpg,18,397
p14,day01/0193.jpg,1266,548
p14,day01/0194.jpg,965,141
p14,day01/0195.jpg,58,104
p14,day01/0196.jpg,273,518
p14,day01/0197.jpg,1328,759
p14,day01/0198.jpg,958,672
p14,day01/0199.jpg,1282,750
p14,day01/0200.jpg,864,751
p14,day01/0201.jpg,554,193
p14,day01/0202.jpg,316,181
p14,day01/0203.jpg,919,478
p14,day01/0204.jpg,529,3
p14,day01/0205.jpg,1014,526
p14,day01/0206.jpg,272,131
p14,day01/0207.jpg,211,308
p14,day01/0208.jpg,419,669
p14,day01/0209.jpg,1169,454
p14,day01/0210.jpg,578,266
p14,day01/0211.jpg,840,25
p14,day01/0212.jpg,652,455
p14,day01/0213.jpg,937,502
p14,day01/0214.jpg,399,250
p14,day01/0215.jpg,85,733
p14,day01/0216.jpg,200,741
p14,day01/0217.jpg,1349,671
p14,day01/0218.jpg,540,124
p14,day01/0219.jpg,1370,131
p14,day01/0220.jpg,1280,164
p14,day01/0221.jpg,384,800
p14,day01/0222.jpg,1039,347
p14,day01/0223.jpg,1350,549
p14,day01/0224.jpg,1002,400
p14,day01/0225.jpg,1411,291
p14,day01/0226.jpg,1045,893
p14,day01/0227.jpg,1225,740
p14,day01/0228.jpg,238,357
p14,day01/0229.jpg,414,315
p14,day01/0230.jpg,1123,743
p14,day01/0231.jpg,1203,117
p14,day01/0232.jpg,1217,165
p14,day01/0233.jpg,58,27
p14,day01/0234.jpg,520,215
p14,day01/0235.jpg,1124,851
p14,day01/0236.jpg,972,337
p14,day01/0237.jpg,150,356
p14,day01/0238.jpg,165,48
p14,day01/0239.jpg,285,769
p14,day01/0240.jpg,494,786
p14,day01/0241.jpg,836,851
p14,day01/0242.jpg,943,97
p14,day01/0243.jpg,212,120
p14,day01/0244.jpg,1222,101
p14,day01/0245.jpg,1154,505
p14,day01/0246.jpg,531,351
p14,day01/0247.jpg,241,396
p14,day01/0248.jpg,1070,406
p14,day01/0249.jpg,1315,798
p14,day01/0250.jpg,1184,308
p14,day01/0251.jpg,1025,781
p14,day01/0252.jpg,960,473
p14,day01/0253.jpg,1348,338
p14,day01/0254.jpg,481,48
p14,day01/0255.jpg,489,345
p14,day01/0256.jpg,849,568
p14,day01/0257.jpg,1318,155
p14,day01/0258.jpg,1410,736
p14,day01/0259.jpg,408,782
p14,day01/0260.jpg,699,573
p14,day02/0001.jpg,651,582
p14,day02/0002.jpg,1086,148
p14,day02/0003.jpg,1089,537
p14,day02/0004.jpg,657,208
p14,day02/0005.jpg,871,483
p14,day02/0006.jpg,1206,775
p14,day02/0007.jpg,1231,228
p14,day02/0008.jpg,646,784
p14,day02/0009.jpg,897,424
p14,day02/0010.jpg,1374,894
p14,day02/0011.jpg,184,142
p14,day02/0012.jpg,1053,495
p14,day02/0013.jpg,1110,56
p14,day02/0014.jpg,1270,644
p14,day02/0015.jpg,933,813
p14,day02/0016.jpg,1081,614
p14,day02/0017.jpg,29,376
p14,day02/0018.jpg,567,829
p14,day02/0019.jpg,1403,718
p14,day02/0020.jpg,120,419
p14,day02/0021.jpg,121,61
p14,day02/0022.jpg,587,566
p14,day02/0023.jpg,1202,567
p14,day02/0024.jpg,780,680
p14,day02/0025.jpg,1363,603
p14,day02/0026.jpg,1328,851
p14,day02/0027.jpg,66,156
p14,day02/0028.jpg,760,779
p14,day02/0029.jpg,1278,650
p14,day02/0030.jpg,327,581
p14,day02/0031.jpg,571,649
p14,day02/0032.jpg,191,392
p14,day02/0033.jpg,927,202
p14,day02/0034.jpg,576,361
p14,day02/0035.jpg,390,112
p14,day02/0036.jpg,356,359
p14,day02/0037.jpg,313,368
p14,day02/0038.jpg,60,351
p14,day02/0039.jpg,1332,70
p14,day02/0040.jpg,572,850
p14,day02/0041.jpg,420,513
p14,day02/0042.jpg,1002,324
p14,day02/0043.jpg,257,764
p14,day02/0044.jpg,1152,493
p14,day02/0045.jpg,91,599
p14,day02/0046.jpg,223,201
p14,day02/0047.jpg,1355,486
p14,day02/0048.jpg,605,489
p14,day02/0049.jpg,1196,523
p14,day02/0050.jpg,555,744
p14,day02/0051.jpg,344,636
p14,day02/0052.jpg,1310,325
p14,day02/0053.jpg,653,584
p14,day02/0054.jpg,1407,491
p14,day02/0055.jpg,997,472
p14,day02/0056.jpg,766,228
p14,day02/0057.jpg,594,898
p14,day02/0058.jpg,105,132
p14,day02/0059.jpg,481,614
p14,day02/0060.jpg,572,512
p14,day02/0061.jpg,55,244
p14,day02/0062.jpg,366,568
p14,day02/0063.jpg,348,765
p14,day02/0064.jpg,1017,815
p14,day02/0065.jpg,433,870
p14,day02/0066.jpg,15,420
p14,day02/0067.jpg,1296,147
p14,day02/0068.jpg,189,389
p14,day02/0069.jpg,680,91
p14,day02/0070.jpg,978,831
p14,day02/0071.jpg,239,749
p14,day02/0072.jpg,1080,450
p14,day02/0073.jpg,560,729
p14,day02/0074.jpg,525,668
p14,day02/0075.jpg,1414,837
p14,day02/0076.jpg,95,536
p14,day02/0077.jpg,526,759
p14,day02/0078.jpg,518,500
p14,day02/0079.jpg,1241,164
p14,day02/0080.jpg,144,887
p14,day02/0081.jpg,1175,181
p14,day02/0082.jpg,695,475
p14,day02/0083.jpg,542,276
p14,day02/0084.jpg,1236,535
p14,day02/0085.jpg,1205,409
p14,day02/0086.jpg,630,190
p14,day02/0087.jpg,479,884
p14,day02/0088.jpg,1275,220
p14,day02/0089.jpg,1307,772
p14,day02/0090.jpg,491,809
p14,day02/0091.jpg,175,90
p14,day02/0092.jpg,401,106
p14,day02/0093.jpg,470,28
p14,day02/0094.jpg,335,221
p14,day02/0095.jpg,193,117
p14,day02/0096.jpg,1269,624
p14,day02/0097.jpg,564,861
p14,day02/0098.jpg,629,769
p14,day02/0099.jpg,478,253
p14,day02/0100.jpg,531,521
p14,day02/0101.jpg,1111,498
p14,day02/0102.jpg,176,39
p14,day02/0103.jpg,1272,467
p14,day02/0104.jpg,515,527
p14,day02/0105.jpg,1029,254
p14,day02/0106.jpg,1095,28
p14,day02/0107.jpg,1084,366
p14,day02/0108.jpg,1231,197
p14,day02/0109.jpg,258,848
p14,day02/0110.jpg,497,706
p14,day02/0111.jpg,1293,815
p14,day02/0112.jpg,649,685
p14,day02/0113.jpg,159,603
p14,day02/0114.jpg,595,616
p14,day02/0115.jpg,75,800
p14,day02/0116.jpg,387,9
p14,day02/0117.jpg,520,592
p14,day02/0118.jpg,487,827
p14,day02/0119.jpg,769,733
p14,day02/0120.jpg,333,643
p14,day02/0121.jpg,1224,503
p14,day02/0122.jpg,562,711
p14,day02/0123.jpg,1234,572
p14,day02/0124.jpg,853,99
p14,day02/0125.jpg,120,713
p14,day02/0126.jpg,376,748
p14,day02/0127.jpg,1187,121
p14,day02/0128.jpg,522,24
p14,day02/0129.jpg,630,603
p14,day02/0130.jpg,971,587
p14,day02/0131.jpg,770,364
p14,day02/0132.jpg,1288,225
p14,day02/0133.jpg,728,58
p14,day02/0134.jpg,84,636
p14,day02/0135.jpg,1072,294
p14,day02/0136.jpg,476,376
p14,day02/0137.jpg,345,885
p14,day02/0138.jpg,1187,260
p14,day02/0139.jpg,262,712
p14,day02/0140.jpg,666,832
p14,day02/0141.jpg,915,196
p14,day02/0142.jpg,1395,187
p14,day02/0143.jpg,1281,259
p14,day02/0144.jpg,190,711
p14,day02/0145.jpg,156,433
p14,day02/0146.jpg,259,827
p14,day02/0147.jpg,578,644
p14,day02/0148.jpg,541,735
p14,day02/0149.jpg,1267,422
p14,day02/0150.jpg,1205,70
p14,day02/0151.jpg,1102,352
p14,day02/0152.jpg,513,721
p14,day02/0153.jpg,505,790
p14,day02/0154.jpg,147,860
p14,day02/0155.jpg,42,89
p14,day02/0156.jpg,448,379
p14,day02/0157.jpg,1222,126
p14,day02/0158.jpg,706,393
p14,day02/0159.jpg,1270,185
p14,day02/0160.jpg,217,551
p14,day02/0161.jpg,341,164
p14,day02/0162.jpg,753,641
p14,day02/0163.jpg,87,145
p14,day02/0164.jpg,514,26
p14,day02/0165.jpg,798,729
p14,day02/0166.jpg,877,258
p14,day02/0167.jpg,1027,48
p14,day02/0168.jpg,1154,231
p14,day02/0169.jpg,1299,588
p14,day02/0170.jpg,662,57
p14,day02/0171.jpg,248,316
p14,day02/0172.jpg,1064,101
p14,day02/0173.jpg,929,87
p14,day02/0174.jpg,1332,3
p14,day02/0175.jpg,983,320
p14,day02/0176.jpg,1392,416
p14,day02/0177.jpg,857,203
p14,day02/0178.jpg,654,896
p14,day02/0179.jpg,286,7
p14,day02/0180.jpg,712,636
p14,day02/0181.jpg,176,109
p14,day02/0182.jpg,1398,455
p14,day02/0183.jpg,243,861
p14,day02/0184.jpg,564,89
p14,day02/0185.jpg,793,899
p14,day02/0186.jpg,89,624
p14,day02/0187.jpg,49,10
p14,day02/0188.jpg,311,351
p14,day02/0189.jpg,146,274
p14,day02/0190.jpg,1306,340
p14,day02/0191.jpg,1284,276
p14,day02/0192.jpg,1296,168
p14,day02/0193.jpg,1359,270
p14,day02/0194.jpg,498,210
p14,day02/0195.jpg,1083,663
p14,day02/0196.jpg,1259,226
p14,day02/0197.jpg,1004,232
p14,day02/0198.jpg,974,768
p14,day02/0199.jpg,1072,537
p14,day02/0200.jpg,936,873
p14,day02/0201.jpg,1142,799
p14,day02/0202.jpg,62,545
p14,day02/0203.jpg,375,437
p14,day02/0204.jpg,59,806
p14,day02/0205.jpg,977,375
p14,day02/0206.jpg,867,244
p14,day02/0207.jpg,1058,444
p14,day02/0208.jpg,705,500
p14,day02/0209.jpg,1331,502
p14,day02/0210.jpg,1396,811
p14,day02/0211.jpg,490,279
p14,day02/0212.jpg,1157,224
p14,day02/0213.jpg,1372,372
p14,day02/0214.jpg,1110,392
p14,day02/0215.jpg,1313,449
p14,day02/0216.jpg,1025,144
p14,day02/0217.jpg,683,273
p14,day02/0218.jpg,1160,818
p14,day02/0219.jpg,1091,3
p14,day02/0220.jpg,449,655
p14,day02/0221.jpg,417,345
p14,day02/0222.jpg,643,317
p14,day02/0223.jpg,175,575
p14,day02/0224.jpg,371,9
p14,day02/0225.jpg,678,26
p14,day02/0226.jpg,1099,451
p14,day02/0227.jpg,1015,172
p14,day02/0228.jpg,1172,439
p14,day02/0229.jpg,1086,726
p14,day02/0230.jpg,284,189
p14,day02/0231.jpg,343,471
p14,day02/0232.jpg,1068,123
p14,day02/0233.jpg,847,370
p14,day02/0234.jpg,678,89
p14,day02/0235.jpg,567,591
p14,day02/0236.jpg,588,194
p14,day02/0237.jpg,1436,136
p14,day02/0238.jpg,176,642
p14,day02/0239.jpg,1089,170
p14,day02/0240.jpg,230,434
p14,day02/0241.jpg,837,536
p14,day02/0242.jpg,523,488
p14,day02/0243.jpg,523,599
p14,day02/0244.jpg,714,660
p14,day02/0245.jpg,826,842
p14,day02/0246.jpg,1224,62
p14,day02/0247.jpg,606,152
p14,day02/0248.jpg,1397,648
p14,day02/0249.jpg,373,202
p14,day02/0250.jpg,455,563
p14,day02/0251.jpg,635,869
p14,day02/0252.jpg,648,666
p14,day02/0253.jpg,627,709
p14,day02/0254.jpg,853,18
p14,day02/0255.jpg,866,266
p14,day02/0256.jpg,1324,302
p14,day02/0257.jpg,82,176
p14,day02/0258.jpg,922,441
p14,day02/0259.jpg,974,252
p14,day02/0260.jpg,738,372
p14,day02/0261.jpg,177,108
p14,day02/0262.jpg,312,460
p14,day02/0263.jpg,1189,664
p14,day02/0264.jpg,94,336
p14,day02/0265.jpg,1006,350
p14,day02/0266.jpg,560,412
p14,day02/0267.jpg,936,636
p14,day02/0268.jpg,1200,550
p14,day02/0269.jpg,91,160
p14,day02/0270.jpg,778,774
p14,day02/0271.jpg,903,852
p14,day02/0272.jpg,215,69
p14,day02/0273.jpg,1151,321
p14,day02/0274.jpg,403,142
p14,day02/0275.jpg,1180,707
p14,day02/0276.jpg,804,314
p14,day02/0277.jpg,1438,15
p14,day02/0278.jpg,360,589
p14,day02/0279.jpg,1158,773
p14,day02/0280.jpg,142,784
p14,day02/0281.jpg,119,686
p14,day02/0282.jpg,328,511
p14,day02/0283.jpg,626,128
p14,day02/0284.jpg,842,390
p14,day02/0285.jpg,723,328
p14,day02/0286.jpg,1235,836
p14,day02/0287.jpg,486,468
p14,day02/0288.jpg,986,686
p14,day02/0289.jpg,968,460
p14,day02/0290.jpg,62,213
p14,day02/0291.jpg,435,91
p14,day02/0292.jpg,913,39
p14,day02/0293.jpg,1192,738
p14,day02/0294.jpg,57,328
p14,day02/0295.jpg,1036,360
p14,day02/0296.jpg,149,236
p14,day02/0297.jpg,957,682
p14,day02/0298.jpg,713,762
p14,day02/0299.jpg,876,683
p14,day02/0300.jpg,572,112
p14,day02/0301.jpg,1023,804
p14,day02/0302.jpg,734,442
p14,day02/0303.jpg,592,885
p14,day02/0304.jpg,809,800
p14,day02/0305.jpg,9,315
p14,day02/0306.jpg,1020,273
p14,day02/0307.jpg,249,99
p14,day02/0308.jpg,1270,469
p14,day02/0309.jpg,736,462
p14,day02/0310.jpg,1177,411
p14,day02/0311.jpg,1095,284
p14,day02/0312.jpg,1041,545
p14,day02/0313.jpg,657,142
p14,day02/0314.jpg,1282,201
p14,day02/0315.jpg,519,742
p14,day02/0316.jpg,637,344
p14,day02/0317.jpg,365,638
p14,day02/0318.jpg,1278,169
p14,day02/0319.jpg,65,552
p14,day02/0320.jpg,523,437
p14,day02/0321.jpg,360,22
p14,day02/0322.jpg,1013,320
p14,day02/0323.jpg,558,742
p14,day02/0324.jpg,776,310
p14,day02/0325.jpg,608,302
p14,day02/0326.jpg,805,610
p14,day02/0327.jpg,12,577
p14,day02/0328.jpg,324,63
p14,day02/0329.jpg,486,238
p14,day02/0330.jpg,1386,309
p14,day02/0331.jpg,561,408
p14,day02/0332.jpg,207,46
p14,day02/0333.jpg,401,192
p14,day02/0334.jpg,1372,617
p14,day02/0335.jpg,1108,256
p14,day02/0336.jpg,238,328
p14,day02/0337.jpg,581,140
p14,day02/0338.jpg,159,556
p14,day02/0339.jpg,857,395
p14,day02/0340.jpg,170,191
p14,day02/0341.jpg,1252,465
p14,day02/0342.jpg,95,177
p14,day02/0343.jpg,230,200
p14,day02/0344.jpg,431,543
p14,day02/0345.jpg,1421,76
p14,day02/0346.jpg,170,675
p14,day02/0347.jpg,318,461
p14,day02/0348.jpg,11,655
p14,day02/0349.jpg,414,14
p14,day02/0350.jpg,1354,682
p14,day02/0351.jpg,1065,507
p14,day02/0352.jpg,869,714
p14,day02/0353.jpg,126,50
p14,day02/0354.jpg,150,525
p14,day02/0355.jpg,700,147
p14,day02/0356.jpg,618,790
p14,day02/0357.jpg,407,462
p14,day02/0358.jpg,569,26
p14,day02/0359.jpg,241,267
p14,day02/0360.jpg,960,444
p14,day03/0001.jpg,186,152
p14,day03/0002.jpg,26,323
p14,day03/0003.jpg,27,552
p14,day03/0004.jpg,273,868
p14,day03/0005.jpg,1211,652
p14,day03/0006.jpg,66,370
p14,day03/0007.jpg,1147,633
p14,day03/0008.jpg,463,87
p14,day03/0009.jpg,690,338
p14,day03/0010.jpg,410,125
p14,day03/0011.jpg,87,135
p14,day03/0012.jpg,200,898
p14,day03/0013.jpg,808,466
p14,day03/0014.jpg,361,728
p14,day03/0015.jpg,1058,620
p14,day03/0016.jpg,1355,153
p14,day03/0017.jpg,1372,144
p14,day03/0018.jpg,1102,191
p14,day03/0019.jpg,96,779
p14,day03/0020.jpg,300,822
p14,day03/0021.jpg,606,343
p14,day03/0022.jpg,33,494
p14,day03/0023.jpg,375,629
p14,day03/0024.jpg,489,619
p14,day03/0025.jpg,46,568
p14,day03/0026.jpg,191,34
p14,day03/0027.jpg,611,666
p14,day03/0028.jpg,688,296
p14,day03/0029.jpg,1417,714
p14,day03/0030.jpg,581,499
p14,day03/0031.jpg,379,533
p14,day03/0032.jpg,1220,541
p14,day03/0033.jpg,461,752
p14,day03/0034.jpg,409,657
p14,day03/0035.jpg,1230,242
p14,day03/0036.jpg,778,261
p14,day03/0037.jpg,18,237
p14,day03/0038.jpg,408,890
p14,day03/0039.jpg,1421,14
p14,day03/0040.jpg,808,760
p14,day03/0041.jpg,421,74
p14,day03/0042.jpg,49,545
p14,day03/0043.jpg,1252,93
p14,day03/0044.jpg,1364,726
p14,day03/0045.jpg,1203,546
p14,day03/0046.jpg,866,458
p14,day03/0047.jpg,288,445
p14,day03/0048.jpg,264,621
p14,day03/0049.jpg,999,340
p14,day03/0050.jpg,771,185
p14,day03/0051.jpg,1105,794
p14,day03/0052.jpg,0,563
p14,day03/0053.jpg,223,523
p14,day03/0054.jpg,1325,353
p14,day03/0055.jpg,234,763
p14,day03/0056.jpg,1010,307
p14,day03/0057.jpg,169,458
p14,day03/0058.jpg,1005,30
p14,day03/0059.jpg,976,3
p14,day03/0060.jpg,102,606
p14,day03/0061.jpg,847,579
p14,day03/0062.jpg,591,303
p14,day03/0063.jpg,307,290
p14,day03/0064.jpg,423,539
p14,day03/0065.jpg,1244,595
p14,day03/0066.jpg,1201,708
p14,day03/0067.jpg,137,775
p14,day03/0068.jpg,109,384
p14,day03/0069.jpg,917,213
p14,day03/0070.jpg,1126,348
p14,day03/0071.jpg,878,728
p14,day03/0072.jpg,992,496
p14,day03/0073.jpg,1389,5
p14,day03/0074.jpg,589,536
p14,day03/0075.jpg,841,170
p14,day03/0076.jpg,1420,229
p14,day03/0077.jpg,323,141
p14,day03/0078.jpg,1050,764
p14,day03/0079.jpg,1438,547
p14,day03/0080.jpg,102,321
p14,day03/0081.jpg,1133,114
p14,day03/0082.jpg,802,487
p14,day03/0083.jpg,795,405
p14,day03/0084.jpg,1412,644
p14,day03/0085.jpg,96,58
p14,day03/0086.jpg,113,205
p14,day03/0087.jpg,1394,94
p14,day03/0088.jpg,835,139
p14,day03/0089.jpg,1354,458
p14,day03/0090.jpg,651,715
p14,day03/0091.jpg,671,429
p14,day03/0092.jpg,1242,387
p14,day03/0093.jpg,1420,666
p14,day03/0094.jpg,8,530
p14,day03/0095.jpg,390,98
p14,day03/0096.jpg,604,671
p14,day03/0097.jpg,1095,545
p14,day03/0098.jpg,587,191
p14,day03/0099.jpg,1415,36
p14,day03/0100.jpg,796,304
p14,day03/0101.jpg,1082,501
p14,day03/0102.jpg,614,578
p14,day03/0103.jpg,219,731
p14,day03/0104.jpg,74,397
p14,day03/0105.jpg,1236,489
p14,day03/0106.jpg,561,796
p14,day03/0107.jpg,718,587
p14,day03/0108.jpg,37,18
p14,day03/0109.jpg,47,408
p14,day03/0110.jpg,329,540
p14,day03/0111.jpg,792,108
p14,day03/0112.jpg,931,9
p14,day03/0113.jpg,113,161
p14,day03/0114.jpg,17,313
p14,day03/0115.jpg,948,436
p14,day03/0116.jpg,560,455
p14,day03/0117.jpg,953,603
p14,day03/0118.jpg,878,671
p14,day03/0119.jpg,1344,105
p14,day03/0120.jpg,517,60
p14,day04/0001.jpg,917,48
p14,day04/0002.jpg,809,126
p14,day04/0003.jpg,575,513
p14,day04/0004.jpg,1382,703
p14,day04/0005.jpg,445,885
p14,day04/0006.jpg,364,646
p14,day04/0007.jpg,1388,289
p14,day04/0008.jpg,253,290
p14,day04/0009.jpg,530,69
p14,day04/0010.jpg,568,15
p14,day04/0011.jpg,205,723
p14,day04/0012.jpg,167,382
p14,day04/0013.jpg,155,589
p14,day04/0014.jpg,1293,175
p14,day04/0015.jpg,826,45
p14,day04/0016.jpg,1082,118
p14,day04/0017.jpg,336,581
p14,day04/0018.jpg,895,623
p14,day04/0019.jpg,53,293
p14,day04/0020.jpg,539,445
p14,day04/0021.jpg,1204,31
p14,day04/0022.jpg,154,710
p14,day04/0023.jpg,776,364
p14,day04/0024.jpg,129,392
p14,day04/0025.jpg,700,668
p14,day04/0026.jpg,279,571
p14,day04/0027.jpg,467,872
p14,day04/0028.jpg,858,98
p14,day04/0029.jpg,626,895
p14,day04/0030.jpg,682,600
p14,day04/0031.jpg,1016,685
p14,day04/0032.jpg,1342,529
p14,day04/0033.jpg,1302,832
p14,day04/0034.jpg,812,750
p14,day04/0035.jpg,563,782
p14,day04/0036.jpg,831,518
p14,day04/0037.jpg,227,131
p14,day04/0038.jpg,1029,387
p14,day04/0039.jpg,674,19
p14,day04/0040.jpg,115,606
p14,day04/0041.jpg,1134,87
p14,day04/0042.jpg,540,687
p14,day04/0043.jpg,1359,382
p14,day04/0044.jpg,692,322
p14,day04/0045.jpg,631,380
p14,day04/0046.jpg,407,670
p14,day04/0047.jpg,687,57
p14,day04/0048.jpg,1194,521
p14,day04/0049.jpg,386,574
p14,day04/0050.jpg,504,761
p14,day04/0051.jpg,1340,21
p14,day04/0052.jpg,51,765
p14,day04/0053.jpg,918,358
p14,day04/0054.jpg,289,838
p14,day04/0055.jpg,10,780
p14,day04/0056.jpg,402,142
p14,day04/0057.jpg,115,325
p14,day04/0058.jpg,275,410
p14,day04/0059.jpg,261,37
p14,day04/0060.jpg,679,898
p14,day04/0061.jpg,102,656
p14,day04/0062.jpg,790,837
p14,day04/0063.jpg,100,60
p14,day04/0064.jpg,723,849
p14,day04/0065.jpg,1120,83
p14,day04/0066.jpg,112,9
p14,day04/0067.jpg,694,343
p14,day04/0068.jpg,739,828
p14,day04/0069.jpg,1418,50
p14,day04/0070.jpg,434,657
p14,day04/0071.jpg,1357,447
p14,day04/0072.jpg,1254,622
p14,day04/0073.jpg,552,452
p14,day04/0074.jpg,592,312
p14,day04/0075.jpg,752,832
p14,day04/0076.jpg,477,781
p14,day04/0077.jpg,1251,338
p14,day04/0078.jpg,1237,139
p14,day04/0079.jpg,305,201
p14,day04/0080.jpg,763,435
p14,day04/0081.jpg,552,326
p14,day04/0082.jpg,1079,784
p14,day04/0083.jpg,77,797
p14,day04/0084.jpg,212,665
p14,day04/0085.jpg,939,806
p14,day04/0086.jpg,686,804
p14,day04/0087.jpg,795,406
p14,day04/0088.jpg,964,719
p14,day04/0089.jpg,1189,167
p14,day04/0090.jpg,470,36
p14,day04/0091.jpg,1280,689
p14,day04/0092.jpg,1034,199
p14,day04/0093.jpg,225,55
p14,day04/0094.jpg,954,591
p14,day04/0095.jpg,775,34
p14,day04/0096.jpg,635,533
p14,day04/0097.jpg,1295,24
p14,day04/0098.jpg,134,4
p14,day04/0099.jpg,915,605
p14,day04/0100.jpg,841,308
p14,day04/0101.jpg,479,637
p14,day04/0102.jpg,501,805
p14,day04/0103.jpg,967,202
p14,day04/0104.jpg,231,184
p14,day04/0105.jpg,131,207
p14,day04/0106.jpg,351,186
p14,day04/0107.jpg,946,412
p14,day04/0108.jpg,1416,122
p14,day04/0109.jpg,591,775
p14,day04/0110.jpg,198,782
p14,day04/0111.jpg,1223,278
p14,day04/0112.jpg,623,271
p14,day04/0113.jpg,918,64
p14,day04/0114.jpg,349,638
p14,day04/0115.jpg,608,270
p14,day04/0116.jpg,1153,46
p14,day04/0117.jpg,590,494
p14,day04/0118.jpg,658,398
p14,day04/0119.jpg,901,676
p14,day04/0120.jpg,1334,868
p14,day05/0001.jpg,1177,501
p14,day05/0002.jpg,1027,434
p14,day05/0003.jpg,259,523
p14,day05/0004.jpg,137,79
p14,day05/0005.jpg,1102,733
p14,day05/0006.jpg,370,10
p14,day05/0007.jpg,971,591
p14,day05/0008.jpg,1380,284
p14,day05/0009.jpg,764,681
p14,day05/0010.jpg,494,685
p14,day05/0011.jpg,919,176
p14,day05/0012.jpg,1117,653
p14,day05/0013.jpg,519,30
p14,day05/0014.jpg,139,576
p14,day05/0015.jpg,1248,770
p14,day05/0016.jpg,155,778
p14,day05/0017.jpg,15,143
p14,day05/0018.jpg,122,214
p14,day05/0019.jpg,879,114
p14,day05/0020.jpg,1142,507
p14,day05/0021.jpg,157,745
p14,day05/0022.jpg,907,658
p14,day05/0023.jpg,607,547
p14,day05/0024.jpg,353,730
p14,day05/0025.jpg,1250,649
p14,day05/0026.jpg,495,574
p14,day05/0027.jpg,435,571
p14,day05/0028.jpg,165,493
p14,day05/0029.jpg,1232,633
p14,day05/0030.jpg,935,155
p14,day05/0031.jpg,913,183
p14,day05/0032.jpg,626,719
p14,day05/0033.jpg,897,92
p14,day05/0034.jpg,694,806
p14,day05/0035.jpg,311,251
p14,day05/0036.jpg,544,878
p14,day05/0037.jpg,241,871
p14,day05/0038.jpg,888,842
p14,day05/0039.jpg,7,349
p14,day05/0040.jpg,1387,52
p14,day05/0041.jpg,1412,476
p14,day05/0042.jpg,1050,656
p14,day05/0043.jpg,44,64
p14,day05/0044.jpg,1228,837
p14,day05/0045.jpg,967,627
p14,day05/0046.jpg,1170,98
p14,day05/0047.jpg,1425,403
p14,day05/0048.jpg,1181,871
p14,day05/0049.jpg,814,259
p14,day05/0050.jpg,1125,741
p14,day05/0051.jpg,72,444
p14,day05/0052.jpg,719,741
p14,day05/0053.jpg,659,710
p14,day05/0054.jpg,43,502
p14,day05/0055.jpg,755,719
p14,day05/0056.jpg,776,77
p14,day05/0057.jpg,392,192
p14,day05/0058.jpg,1358,882
p14,day05/0059.jpg,1002,338
p14,day05/0060.jpg,808,798
p14,day05/0061.jpg,876,541
p14,day05/0062.jpg,1329,587
p14,day05/0063.jpg,10,821
p14,day05/0064.jpg,1195,347
p14,day05/0065.jpg,253,614
p14,day05/0066.jpg,955,435
p14,day05/0067.jpg,1188,34
p14,day05/0068.jpg,235,465
p14,day05/0069.jpg,564,35
p14,day05/0070.jpg,1334,639
p14,day05/0071.jpg,978,568
p14,day05/0072.jpg,1325,242
p14,day05/0073.jpg,403,760
p14,day05/0074.jpg,133,18
p14,day05/0075.jpg,1217,233
p14,day05/0076.jpg,377,8
p14,day05/0077.jpg,608,594
p14,day05/0078.jpg,239,369
p14,day05/0079.jpg,354,128
p14,day05/0080.jpg,455,552
p14,day05/0081.jpg,806,650
p14,day05/0082.jpg,275,564
p14,day05/0083.jpg,593,839
p14,day05/0084.jpg,318,277
p14,day05/0085.jpg,184,326
p14,day05/0086.jpg,1210,587
p14,day05/0087.jpg,1408,119
p14,day05/0088.jpg,571,888
p14,day05/0089.jpg,197,561
p14,day05/0090.jpg,1283,800
p14,day05/0091.jpg,1302,804
p14,day05/0092.jpg,161,478
p14,day05/0093.jpg,19,286
p14,day05/0094.jpg,1050,106
p14,day05/0095.jpg,664,231
p14,day05/0096.jpg,1388,585
p14,day05/0097.jpg,369,788
p14,day05/0098.jpg,925,392
p14,day05/0099.jpg,68,146
p14,day05/0100.jpg,892,897
p14,day05/0101.jpg,1111,463
p14,day05/0102.jpg,1352,809
p14,day05/0103.jpg,1235,309
p14,day05/0104.jpg,846,152
p14,day05/0105.jpg,118,508
p14,day05/0106.jpg,442,523
p14,day05/0107.jpg,329,746
p14,day05/0108.jpg,36,99
p14,day05/0109.jpg,873,37
p14,day05/0110.jpg,255,699
p14,day05/0111.jpg,556,327
p14,day05/0112.jpg,1125,754
p14,day05/0113.jpg,1258,764
p14,day05/0114.jpg,1097,543
p14,day05/0115.jpg,393,376
p14,day05/0116.jpg,32,215
p14,day05/0117.jpg,718,8
p14,day05/0118.jpg,269,208
p14,day05/0119.jpg,1234,252
p14,day05/0120.jpg,257,336
p14,day05/0121.jpg,1041,572
p14,day05/0122.jpg,298,786
p14,day05/0123.jpg,378,327
p14,day05/0124.jpg,1409,82
p14,day05/0125.jpg,49,220
p14,day05/0126.jpg,570,622
p14,day05/0127.jpg,372,522
p14,day05/0128.jpg,506,563
p14,day05/0129.jpg,204,860
p14,day05/0130.jpg,753,563
p14,day05/0131.jpg,1401,143
p14,day05/0132.jpg,1001,343
p14,day05/0133.jpg,574,631
p14,day05/0134.jpg,916,739
p14,day05/0135.jpg,606,202
p14,day05/0136.jpg,955,231
p14,day05/0137.jpg,948,270
p14,day05/0138.jpg,694,681
p14,day05/0139.jpg,1337,50
p14,day05/0140.jpg,757,118
p14,day05/0141.jpg,15,502
p14,day05/0142.jpg,1083,470
p14,day05/0143.jpg,579,178
p14,day05/0144.jpg,156,671
p14,day05/0145.jpg,431,3
p14,day05/0146.jpg,485,547
p14,day05/0147.jpg,941,514
p14,day05/0148.jpg,977,330
p14,day05/0149.jpg,729,489
p14,day05/0150.jpg,191,545
p14,day05/0151.jpg,251,578
p14,day05/0152.jpg,1009,290
p14,day05/0153.jpg,581,533
p14,day05/0154.jpg,93,306
p14,day05/0155.jpg,1017,211
p14,day05/0156.jpg,665,239
p14,day05/0157.jpg,497,652
p14,day05/0158.jpg,1089,895
p14,day05/0159.jpg,129,843
p14,day05/0160.jpg,397,842
p14,day05/0161.jpg,1258,611
p14,day05/0162.jpg,29,447
p14,day05/0163.jpg,719,601
p14,day05/0164.jpg,362,615
p14,day05/0165.jpg,740,646
p14,day05/0166.jpg,1161,599
p14,day05/0167.jpg,1313,753
p14,day05/0168.jpg,489,168
p14,day05/0169.jpg,140,653
p14,day05/0170.jpg,448,814
p14,day05/0171.jpg,1158,526
p14,day05/0172.jpg,324,59
p14,day05/0173.jpg,1010,447
p14,day05/0174.jpg,464,209
p14,day05/0175.jpg,109,763
p14,day05/0176.jpg,258,846
p14,day05/0177.jpg,335,18
p14,day05/0178.jpg,1283,14
p14,day05/0179.jpg,834,287
p14,day05/0180.jpg,650,784
p14,day06/0001.jpg,79,138
p14,day06/0002.jpg,644,708
p14,day06/0003.jpg,1278,22
p14,day06/0004.jpg,927,776
p14,day06/0005.jpg,523,682
p14,day06/0006.jpg,989,249
p14,day06/0007.jpg,652,886
p14,day06/0008.jpg,1141,401
p14,day06/0009.jpg,459,508
p14,day06/0010.jpg,905,380
p14,day06/0011.jpg,1432,427
p14,day06/0012.jpg,1325,101
p14,day06/0013.jpg,464,644
p14,day06/0014.jpg,515,536
p14,day06/0015.jpg,319,672
p14,day06/0016.jpg,229,390
p14,day06/0017.jpg,605,106
p14,day06/0018.jpg,936,504
p14,day06/0019.jpg,265,516
p14,day06/0020.jpg,525,60
p14,day06/0021.jpg,372,382
p14,day06/0022.jpg,524,879
p14,day06/0023.jpg,186,46
p14,day06/0024.jpg,1270,527
p14,day06/0025.jpg,798,598
p14,day06/0026.jpg,1114,760
p14,day06/0027.jpg,116,866
p14,day06/0028.jpg,1366,663
p14,day06/0029.jpg,1186,884
p14,day06/0030.jpg,1076,701
p14,day06/0031.jpg,284,825
p14,day06/0032.jpg,905,591
p14,day06/0033.jpg,244,30
p14,day06/0034.jpg,690,465
p14,day06/0035.jpg,491,294
p14,day06/0036.jpg,1092,498
p14,day06/0037.jpg,691,199
p14,day06/0038.jpg,369,250
p14,day06/0039.jpg,150,651
p14,day06/0040.jpg,1033,898
p14,day06/0041.jpg,320,321
p14,day06/0042.jpg,1202,517
p14,day06/0043.jpg,1210,636
p14,day06/0044.jpg,861,696
p14,day06/0045.jpg,408,709
p14,day06/0046.jpg,559,23
p14,day06/0047.jpg,178,95
p14,day06/0048.jpg,562,489
p14,day06/0049.jpg,1399,60
p14,day06/0050.jpg,10,176
p14,day06/0051.jpg,364,622
p14,day06/0052.jpg,1097,56
p14,day06/0053.jpg,1392,744
p14,day06/0054.jpg,695,415
p14,day06/0055.jpg,1243,600
p14,day06/0056.jpg,871,305
p14,day06/0057.jpg,910,10
p14,day06/0058.jpg,138,378
p14,day06/0059.jpg,409,149
p14,day06/0060.jpg,351,645
p14,day06/0061.jpg,647,100
p14,day06/0062.jpg,169,750
p14,day06/0063.jpg,125,634
p14,day06/0064.jpg,1234,447
p14,day06/0065.jpg,1295,827
p14,day06/0066.jpg,138,867
p14,day06/0067.jpg,854,586
p14,day06/0068.jpg,200,762
p14,day06/0069.jpg,963,883
p14,day06/0070.jpg,1190,78
p14,day06/0071.jpg,1154,515
p14,day06/0072.jpg,44,111
p14,day06/0073.jpg,247,168
p14,day06/0074.jpg,1103,404
p14,day06/0075.jpg,1061,231
p14,day06/0076.jpg,735,471
p14,day06/0077.jpg,1404,138
p14,day06/0078.jpg,680,314
p14,day06/0079.jpg,497,358
p14,day06/0080.jpg,412,703
p14,day06/0081.jpg,95,566
p14,day06/0082.jpg,340,280
p14,day06/0083.jpg,525,136
p14,day06/0084.jpg,1385,143
p14,day06/0085.jpg,834,58
p14,day06/0086.jpg,1226,35
p14,day06/0087.jpg,814,650
p14,day06/0088.jpg,141,648
p14,day06/0089.jpg,889,609
p14,day06/0090.jpg,815,715
p14,day06/0091.jpg,5,705
p14,day06/0092.jpg,1199,229
p14,day06/0093.jpg,1008,521
p14,day06/0094.jpg,1361,516
p14,day06/0095.jpg,429,44
p14,day06/0096.jpg,230,633
p14,day06/0097.jpg,230,122
p14,day06/0098.jpg,288,616
p14,day06/0099.jpg,64,454
p14,day06/0100.jpg,1203,391
p14,day06/0101.jpg,51,8
p14,day06/0102.jpg,1274,740
p14,day06/0103.jpg,1292,681
p14,day06/0104.jpg,1097,168
p14,day06/0105.jpg,1321,19
p14,day06/0106.jpg,1183,753
p14,day06/0107.jpg,531,304
p14,day06/0108.jpg,582,163
p14,day06/0109.jpg,84,10
p14,day06/0110.jpg,574,324
p14,day06/0111.jpg,860,835
p14,day06/0112.jpg,198,629
p14,day06/0113.jpg,844,559
p14,day06/0114.jpg,276,879
p14,day06/0115.jpg,291,857
p14,day06/0116.jpg,1329,796
p14,day06/0117.jpg,1266,778
p14,day06/0118.jpg,1353,153
p14,day06/0119.jpg,1169,43
p14,day06/0120.jpg,9,273
p14,day06/0121.jpg,507,869
p14,day06/0122.jpg,1391,870
p14,day06/0123.jpg,654,331
p14,day06/0124.jpg,300,320
p14,day06/0125.jpg,1131,859
p14,day06/0126.jpg,1278,304
p14,day06/0127.jpg,161,447
p14,day06/0128.jpg,24,699
p14,day06/0129.jpg,716,793
p14,day06/0130.jpg,759,882
p14,day06/0131.jpg,594,26
p14,day06/0132.jpg,356,166
p14,day06/0133.jpg,607,710
p14,day06/0134.jpg,537,601
p14,day06/0135.jpg,958,603
p14,day06/0136.jpg,124,44
p14,day06/0137.jpg,667,274
p14,day06/0138.jpg,644,685
p14,day06/0139.jpg,377,154
p14,day06/0140.jpg,1140,826
p14,day06/0141.jpg,906,601
p14,day06/0142.jpg,936,643
p14,day06/0143.jpg,239,436
p14,day06/0144.jpg,601,895
p14,day06/0145.jpg,968,858
p14,day06/0146.jpg,360,888
p14,day06/0147.jpg,1272,427
p14,day06/0148.jpg,683,630
p14,day06/0149.jpg,777,810
p14,day06/0150.jpg,129,325
p14,day06/0151.jpg,124,486
p14,day06/0152.jpg,892,526
p14,day06/0153.jpg,28,702
p14,day06/0154.jpg,114,553
p14,day06/0155.jpg,284,716
p14,day06/0156.jpg,210,748
p14,day06/0157.jpg,1324,79
p14,day06/0158.jpg,109,727
p14,day06/0159.jpg,1426,515
p14,day06/0160.jpg,1041,862
p14,day06/0161.jpg,842,18
p14,day06/0162.jpg,544,207
p14,day06/0163.jpg,969,680
p14,day06/0164.jpg,1320,887
p14,day06/0165.jpg,792,703
p14,day06/0166.jpg,698,726
p14,day06/0167.jpg,437,809
p14,day06/0168.jpg,639,607
p14,day06/0169.jpg,1041,39
p14,day06/0170.jpg,135,222
p14,day06/0171.jpg,1369,311
p14,day06/0172.jpg,1013,205
p14,day06/0173.jpg,1157,377
p14,day06/0174.jpg,247,895
p14,day06/0175.jpg,293,499
p14,day06/0176.jpg,768,133
p14,day06/0177.jpg,1407,710
p14,day06/0178.jpg,1407,732
p14,day06/0179.jpg,404,95
p14,day06/0180.jpg,970,84
p14,day06/0181.jpg,312,397
p14,day06/0182.jpg,1358,572
p14,day06/0183.jpg,1082,657
p14,day06/0184.jpg,3,459
p14,day06/0185.jpg,1284,823
p14,day06/0186.jpg,820,802
p14,day06/0187.jpg,712,737
p14,day06/0188.jpg,626,602
p14,day06/0189.jpg,1422,212
p14,day06/0190.jpg,528,809
p14,day06/0191.jpg,316,818
p14,day06/0192.jpg,151,49
p14,day06/0193.jpg,974,523
p14,day06/0194.jpg,993,612
p14,day06/0195.jpg,1190,698
p14,day06/0196.jpg,43,778
p14,day06/0197.jpg,251,702
p14,day06/0198.jpg,900,254
p14,day06/0199.jpg,333,347
p14,day06/0200.jpg,1422,515
p14,day06/0201.jpg,599,380
p14,day06/0202.jpg,703,256
p14,day06/0203.jpg,1283,508
p14,day06/0204.jpg,190,148
p14,day06/0205.jpg,226,659
p14,day06/0206.jpg,735,727
p14,day06/0207.jpg,1104,473
p14,day06/0208.jpg,1231,410
p14,day06/0209.jpg,205,138
p14,day06/0210.jpg,642,494
p14,day06/0211.jpg,1127,780
p14,day06/0212.jpg,1199,249
p14,day06/0213.jpg,681,713
p14,day06/0214.jpg,512,287
p14,day06/0215.jpg,927,535
p14,day06/0216.jpg,1105,225
p14,day06/0217.jpg,142,305
p14,day06/0218.jpg,1161,18
p14,day06/0219.jpg,954,20
p14,day06/0220.jpg,1125,676
p14,day06/0221.jpg,57,184
p14,day06/0222.jpg,447,600
p14,day06/0223.jpg,1102,192
p14,day06/0224.jpg,1,496
p14,day06/0225.jpg,932,513
p14,day06/0226.jpg,310,425
p14,day06/0227.jpg,482,654
p14,day06/0228.jpg,665,503
p14,day06/0229.jpg,764,364
p14,day06/0230.jpg,667,656
p14,day06/0231.jpg,1239,468
p14,day06/0232.jpg,393,307
p14,day06/0233.jpg,352,667
p14,day06/0234.jpg,1386,449
p14,day06/0235.jpg,1081,264
p14,day06/0236.jpg,1159,448
p14,day06/0237.jpg,163,217
p14,day06/0238.jpg,743,370
p14,day06/0239.jpg,1042,301
p14,day06/0240.jpg,1280,653
p14,day06/0241.jpg,949,680
p14,day06/0242.jpg,1096,457
p14,day06/0243.jpg,774,603
p14,day06/0244.jpg,1096,729
p14,day06/0245.jpg,305,287
p14,day06/0246.jpg,988,437
p14,day06/0247.jpg,788,538
p14,day06/0248.jpg,352,142
p14,day06/0249.jpg,692,193
p14,day06/0250.jpg,635,76
p14,day06/0251.jpg,303,567
p14,day06/0252.jpg,1055,75
p14,day06/0253.jpg,77,525
p14,day06/0254.jpg,164,357
p14,day06/0255.jpg,673,208
p14,day06/0256.jpg,1412,10
p14,day06/0257.jpg,116,539
p14,day06/0258.jpg,1153,687
p14,day06/0259.jpg,553,173
p14,day06/0260.jpg,630,6
p14,day07/0001.jpg,355,401
p14,day07/0002.jpg,390,240
p14,day07/0003.jpg,680,846
p14,day07/0004.jpg,1251,738
p14,day07/0005.jpg,1373,8
p14,day07/0006.jpg,1332,287
p14,day07/0007.jpg,1269,496
p14,day07/0008.jpg,1417,601
p14,day07/0009.jpg,1281,271
p14,day07/0010.jpg,657,871
p14,day07/0011.jpg,405,651
p14,day07/0012.jpg,509,214
p14,day07/0013.jpg,1082,562
p14,day07/0014.jpg,1351,686
p14,day07/0015.jpg,445,599
p14,day07/0016.jpg,958,689
p14,day07/0017.jpg,326,220
p14,day07/0018.jpg,1121,589
p14,day07/0019.jpg,1187,607
p14,day07/0020.jpg,1050,553
p14,day07/0021.jpg,291,771
p14,day07/0022.jpg,1311,651
p14,day07/0023.jpg,1410,190
p14,day07/0024.jpg,530,730
p14,day07/0025.jpg,1197,753
p14,day07/0026.jpg,357,125
p14,day07/0027.jpg,434,878
p14,day07/0028.jpg,1373,578
p14,day07/0029.jpg,232,347
p14,day07/0030.jpg,790,768
p14,day07/0031.jpg,83,476
p14,day07/0032.jpg,757,793
p14,day07/0033.jpg,771,184
p14,day07/0034.jpg,44,128
p14,day07/0035.jpg,327,382
p14,day07/0036.jpg,76,74
p14,day07/0037.jpg,979,647
p14,day07/0038.jpg,165,187
p14,day07/0039.jpg,979,622
p14,day07/0040.jpg,1325,785
p14,day07/0041.jpg,1062,575
p14,day07/0042.jpg,1055,95
p14,day07/0043.jpg,1229,721
p14,day07/0044.jpg,214,178
p14,day07/0045.jpg,463,660
p14,day07/0046.jpg,1245,776
p14,day07/0047.jpg,1252,159
p14,day07/0048.jpg,807,618
p14,day07/0049.jpg,791,573
p14,day07/0050.jpg,815,30
p14,day07/0051.jpg,68,164
p14,day07/0052.jpg,1264,851
p14,day07/0053.jpg,569,138
p14,day07/0054.jpg,918,290
p14,day07/0055.jpg,354,111
p14,day07/0056.jpg,3,297
p14,day07/0057.jpg,430,763
p14,day07/0058.jpg,688,99
p14,day07/0059.jpg,253,468
p14,day07/0060.jpg,1134,652
p14,day07/0061.jpg,514,171
p14,day07/0062.jpg,137,852
p14,day07/0063.jpg,1309,411
p14,day07/0064.jpg,1403,381
p14,day07/0065.jpg,610,788
p14,day07/0066.jpg,118,96
p14,day07/0067.jpg,494,310
p14,day07/0068.jpg,719,402
p14,day07/0069.jpg,783,350
p14,day07/0070.jpg,699,263
p14,day07/0071.jpg,486,619
p14,day07/0072.jpg,167,896
p14,day07/0073.jpg,1136,198
p14,day07/0074.jpg,1386,55
p14,day07/0075.jpg,383,759
p14,day07/0076.jpg,256,185
p14,day07/0077.jpg,1098,416
p14,day07/0078.jpg,1077,340
p14,day07/0079.jpg,484,5
p14,day07/0080.jpg,1063,576
p14,day07/0081.jpg,928,101
p14,day07/0082.jpg,922,536
p14,day07/0083.jpg,1102,83
p14,day07/0084.jpg,56,100
p14,day07/0085.jpg,218,217
p14,day07/0086.jpg,525,713
p14,day07/0087.jpg,637,679
p14,day07/0088.jpg,1099,118
p14,day07/0089.jpg,942,328
p14,day07/0090.jpg,897,35
p14,day07/0091.jpg,70,225
p14,day07/0092.jpg,221,766
p14,day07/0093.jpg,1314,186
p14,day07/0094.jpg,655,773
p14,day07/0095.jpg,1123,792
p14,day07/0096.jpg,132,259
p14,day07/0097.jpg,147,688
p14,day07/0098.jpg,1232,180
p14,day07/0099.jpg,258,13
p14,day07/0100.jpg,60,166
p14,day07/0101.jpg,944,728
p14,day07/0102.jpg,860,254
p14,day07/0103.jpg,1125,198
p14,day07/0104.jpg,1283,159
p14,day07/0105.jpg,1340,752
p14,day07/0106.jpg,1040,621
p14,day07/0107.jpg,46,3
p14,day07/0108.jpg,417,252
p14,day07/0109.jpg,428,318
p14,day07/0110.jpg,1277,861
p14,day07/0111.jpg,847,557
p14,day07/0112.jpg,60,781
p14,day07/0113.jpg,507,613
p14,day07/0114.jpg,903,85
p14,day07/0115.jpg,6,865
p14,day07/0116.jpg,1007,753
p14,day07/0117.jpg,994,664
p14,day07/0118.jpg,231,706
p14,day07/0119.jpg,973,666
p14,day07/0120.jpg,364,223
p14,day07/0121.jpg,1084,417
p14,day07/0122.jpg,1286,154
p14,day07/0123.jpg,623,161
p14,day07/0124.jpg,828,560
p14,day07/0125.jpg,794,169
p14,day07/0126.jpg,379,301
p14,day07/0127.jpg,359,273
p14,day07/0128.jpg,867,419
p14,day07/0129.jpg,412,224
p14,day07/0130.jpg,909,101
p14,day07/0131.jpg,1129,878
p14,day07/0132.jpg,1237,422
p14,day07/0133.jpg,1059,111
p14,day07/0134.jpg,980,524
p14,day07/0135.jpg,1026,168
p14,day07/0136.jpg,1118,301
p14,day07/0137.jpg,250,369
p14,day07/0138.jpg,652,246
p14,day07/0139.jpg,756,815
p14,day07/0140.jpg,1177,760
p14,day07/0141.jpg,554,796
p14,day07/0142.jpg,787,572
p14,day07/0143.jpg,736,191
p14,day07/0144.jpg,951,132
p14,day07/0145.jpg,1286,289
p14,day07/0146.jpg,374,377
p14,day07/0147.jpg,507,201
p14,day07/0148.jpg,854,414
p14,day07/0149.jpg,793,397
p14,day07/0150.jpg,1302,741
p14,day07/0151.jpg,76,538
p14,day07/0152.jpg,375,266
p14,day07/0153.jpg,876,257
p14,day07/0154.jpg,286,241
p14,day07/0155.jpg,483,420
p14,day07/0156.jpg,393,46
p14,day07/0157.jpg,661,361
p14,day07/0158.jpg,145,615
p14,day07/0159.jpg,685,167
p14,day07/0160.jpg,189,291
p14,day07/0161.jpg,490,213
p14,day07/0162.jpg,268,136
p14,day07/0163.jpg,26,382
p14,day07/0164.jpg,103,124
p14,day07/0165.jpg,1110,81
p14,day07/0166.jpg,839,162
p14,day07/0167.jpg,1112,583
p14,day07/0168.jpg,937,338
p14,day07/0169.jpg,1057,473
p14,day07/0170.jpg,1435,638
p14,day07/0171.jpg,1194,310
p14,day07/0172.jpg,496,845
p14,day07/0173.jpg,565,779
p14,day07/0174.jpg,419,583
p14,day07/0175.jpg,365,203
p14,day07/0176.jpg,951,331
p14,day07/0177.jpg,617,92
p14,day07/0178.jpg,130,673
p14,day07/0179.jpg,1103,594
p14,day07/0180.jpg,118,360
p14,day07/0181.jpg,311,205
p14,day07/0182.jpg,1073,621
p14,day07/0183.jpg,1050,19
p14,day07/0184.jpg,1134,293
p14,day07/0185.jpg,720,192
p14,day07/0186.jpg,284,325
p14,day07/0187.jpg,1174,712
p14,day07/0188.jpg,133,217
p14,day07/0189.jpg,1270,549
p14,day07/0190.jpg,242,113
p14,day07/0191.jpg,1274,160
p14,day07/0192.jpg,688,310
p14,day07/0193.jpg,400,593
p14,day07/0194.jpg,424,533
p14,day07/0195.jpg,1244,456
p14,day07/0196.jpg,730,138
p14,day07/0197.jpg,963,803
p14,day07/0198.jpg,1339,801
p14,day07/0199.jpg,1362,92
p14,day07/0200.jpg,344,883
